{"type":"FeatureCollection","features":[{"type":"Feature","properties":{"kode":"0101","navn":"København"},"geometry":{"type":"MultiPolygon","coordinates":[[[[12.56767015,55.73125463],[12.56363557,55.73153731],[12.56135147,55.72274706],[12.5212826,55.72786451],[12.51347562,55.71986796],[12.50435707,55.71985405],[12.4843166,55.72476505],[12.47286322,55.7188722],[12.45863717,55.71681976],[12.4529976,55.71221553],[12.4536739,55.70720675],[12.46422952,55.70241515],[12.46346886,55.69627681],[12.46722427,55.69150381],[12.46781219,55.68234481],[12.47473283,55.67216194],[12.47856412,55.67200547],[12.47842304,55.65643697],[12.5088445,55.63451159],[12.53214303,55.6381216],[12.5292346,55.63615457],[12.5332262,55.63177183],[12.54674803,55.63896296],[12.54152929,55.64050453],[12.54131739,55.64304092],[12.55127896,55.64155076],[12.54745265,55.64506728],[12.55150166,55.64684665],[12.54573617,55.64567776],[12.54147725,55.65047883],[12.54666524,55.65128366],[12.55174439,55.64781971],[12.5564628,55.65002246],[12.55841398,55.65217699],[12.55466517,55.6508541],[12.55645451,55.6526892],[12.55149858,55.65208937],[12.54886074,55.65463112],[12.55523999,55.65692376],[12.55276068,55.65442661],[12.5586003,55.6531114],[12.56426228,55.65914007],[12.55818977,55.65929994],[12.56415968,55.66012073],[12.56652824,55.66329896],[12.56055328,55.66050518],[12.56258123,55.66330987],[12.58010817,55.6721095],[12.5758142,55.67595714],[12.57978818,55.67770807],[12.58751175,55.67571561],[12.59364015,55.67885586],[12.58795774,55.6806586],[12.59560511,55.6802499],[12.59696927,55.68268823],[12.59389978,55.68134412],[12.60039869,55.69105695],[12.60059115,55.69401349],[12.59823968,55.69424436],[12.60066668,55.69430657],[12.5975865,55.69565384],[12.59757865,55.69902764],[12.59496344,55.69586707],[12.59777256,55.70256411],[12.59470832,55.70280205],[12.60034442,55.70529105],[12.59506491,55.70372432],[12.5920886,55.70598368],[12.59896092,55.70644035],[12.59932764,55.70932775],[12.60567332,55.70751998],[12.59627119,55.71255312],[12.61141539,55.70901654],[12.61579396,55.71186351],[12.60630561,55.71453313],[12.61770803,55.7122449],[12.63986038,55.72237954],[12.62730928,55.72509564],[12.61590208,55.720634],[12.60224925,55.72568702],[12.60652049,55.72381857],[12.60119983,55.72358892],[12.60029267,55.72052774],[12.60397261,55.71834842],[12.59563652,55.71971646],[12.59005853,55.71257216],[12.59166866,55.709937],[12.58834887,55.71239154],[12.58983537,55.71470733],[12.58406101,55.71694131],[12.59262759,55.71841303],[12.58414905,55.7173368],[12.58544721,55.71993409],[12.58312976,55.72184161],[12.57774261,55.72223449],[12.57651815,55.72894945],[12.56785501,55.73062478],[12.56767015,55.73125463]],[[12.53219989,55.69680615],[12.53829871,55.6976716],[12.53476384,55.69444239],[12.5377741,55.68978892],[12.55489595,55.68424415],[12.55369246,55.68161353],[12.55734109,55.68174889],[12.55517709,55.67354511],[12.54992696,55.67443967],[12.52331307,55.66650584],[12.51100417,55.66961226],[12.49653318,55.6689282],[12.49329692,55.67260203],[12.49131567,55.67908253],[12.49567862,55.6845363],[12.5322532,55.69667901],[12.53219989,55.69680615]],[[12.51821788,55.65043117],[12.51796646,55.65063083],[12.51821792,55.6504312],[12.51835877,55.65031925],[12.51821788,55.65043117]]],[[[12.54502336,55.64078818],[12.54503381,55.64079471],[12.54544769,55.64116282],[12.54554633,55.64126553],[12.54502336,55.64078818]]],[[[12.55174323,55.64291646],[12.55176196,55.6429196],[12.55177873,55.64293449],[12.55179308,55.64294721],[12.55174323,55.64291646]]],[[[12.55301579,55.64449539],[12.55279099,55.6445956],[12.55258211,55.64444691],[12.55280327,55.64434689],[12.55301579,55.64449539]]],[[[12.55234149,55.64427081],[12.55226901,55.64430609],[12.55225245,55.64432339],[12.55224982,55.6443329],[12.55234149,55.64427081]]],[[[12.54987667,55.64432236],[12.549903,55.64433391],[12.54990548,55.64433501],[12.54996806,55.64436233],[12.54987667,55.64432236]]],[[[12.55205015,55.64516665],[12.55204654,55.645169],[12.5520428,55.64517154],[12.55203904,55.6451739],[12.55205015,55.64516665]]],[[[12.55067244,55.64593724],[12.55067294,55.64593758],[12.55066548,55.64594122],[12.55062483,55.6459611],[12.55067244,55.64593724]]],[[[12.55180214,55.64561264],[12.55189694,55.64567274],[12.55261787,55.64612913],[12.55271452,55.64619026],[12.55180214,55.64561264]]],[[[12.55494747,55.64630697],[12.55496748,55.64632428],[12.5549885,55.64634381],[12.5550028,55.64636129],[12.55494747,55.64630697]]],[[[12.5480112,55.64712245],[12.54802433,55.64714275],[12.54804668,55.64717537],[12.54807105,55.64721099],[12.5480112,55.64712245]]],[[[12.55434825,55.64854675],[12.55422923,55.64858976],[12.55419506,55.64860217],[12.55416641,55.64861244],[12.55434825,55.64854675]]],[[[12.55620761,55.64988609],[12.5561124,55.64992158],[12.55606533,55.64993913],[12.55602288,55.64995493],[12.55620761,55.64988609]]],[[[12.54771492,55.65070541],[12.54735219,55.6508319],[12.54726828,55.65075691],[12.54719129,55.65068811],[12.54771492,55.65070541]]],[[[12.64896275,55.64802592],[12.64845642,55.64807696],[12.6484003,55.64808214],[12.64830411,55.64809085],[12.64896275,55.64802592]]],[[[12.56529377,55.66436424],[12.56527253,55.66435461],[12.56520452,55.66432395],[12.56518312,55.66431432],[12.56529377,55.66436424]]],[[[12.64018213,55.66242658],[12.63953181,55.66551469],[12.63693496,55.66277942],[12.63960913,55.65805727],[12.64663732,55.65435416],[12.64285176,55.65089787],[12.65082098,55.64788911],[12.64805398,55.65193279],[12.65205374,55.65460797],[12.64025506,55.66235032],[12.64018213,55.66242658]]],[[[12.58701386,55.67414906],[12.58705713,55.67416811],[12.58708162,55.67419401],[12.58706911,55.67423979],[12.58701386,55.67414906]]],[[[12.59395312,55.67459434],[12.59162577,55.67630922],[12.5839249,55.67256699],[12.58757243,55.67068524],[12.59375016,55.67438197],[12.59395312,55.67459434]]],[[[12.58428673,55.67585058],[12.57598924,55.67577247],[12.58048626,55.67225968],[12.58741623,55.67526018],[12.58451398,55.67579691],[12.58428673,55.67585058]]],[[[12.59673193,55.67838368],[12.59197338,55.67636728],[12.5941883,55.67480928],[12.59838432,55.67784442],[12.59673193,55.67838368]]],[[[12.60096765,55.68039583],[12.60104031,55.68047984],[12.60157392,55.68109729],[12.60151116,55.68111406],[12.60096765,55.68039583]]],[[[12.59989625,55.68272112],[12.59984817,55.68266561],[12.59984072,55.68266763],[12.59923946,55.68195127],[12.59989625,55.68272112]]],[[[12.60525595,55.68300156],[12.60073793,55.67956282],[12.60655992,55.67818599],[12.6079428,55.68290311],[12.6058381,55.68283707],[12.60525595,55.68300156]]],[[[12.60360197,55.68344195],[12.60136261,55.68406254],[12.6009644,55.68360594],[12.60111512,55.68356438],[12.60360197,55.68344195]]],[[[12.60168942,55.6870467],[12.60170114,55.68705292],[12.60170575,55.6870616],[12.60170211,55.68707043],[12.60168942,55.6870467]]],[[[12.60206167,55.68899681],[12.60216971,55.68899813],[12.60233161,55.68899823],[12.60253904,55.68899672],[12.60206167,55.68899681]]],[[[12.60506647,55.68928509],[12.60506201,55.68928855],[12.60438342,55.68899819],[12.60437781,55.68899943],[12.60506647,55.68928509]]],[[[12.60666154,55.68955893],[12.60666048,55.68955609],[12.60647362,55.6895338],[12.60647412,55.68953234],[12.60666154,55.68955893]]],[[[12.62865185,55.69742679],[12.60953072,55.69776533],[12.61267769,55.69529728],[12.60818206,55.69729805],[12.61005526,55.69500052],[12.60707389,55.69258517],[12.61127836,55.69173129],[12.60705511,55.69237279],[12.61037404,55.69037226],[12.60642051,55.69003702],[12.61085851,55.68937249],[12.60835012,55.68721264],[12.60975253,55.68403337],[12.60781799,55.68923601],[12.60386891,55.68876091],[12.60582097,55.68857665],[12.60462458,55.68399179],[12.60978738,55.68380898],[12.60747381,55.67684908],[12.60246077,55.67448521],[12.60132986,55.67653118],[12.60382157,55.67484311],[12.60724539,55.67767559],[12.59795601,55.68022779],[12.60108234,55.6766602],[12.5875548,55.67034164],[12.58355125,55.67233514],[12.56816878,55.66119147],[12.55195212,55.64219682],[12.55399082,55.64140084],[12.53480457,55.63093504],[12.51382116,55.61433627],[12.50474515,55.61414951],[12.57184012,55.61575094],[12.59190861,55.62286415],[12.59231658,55.63796398],[12.61942859,55.63933922],[12.62729671,55.64141106],[12.62597139,55.6437882],[12.6505891,55.64753364],[12.64229399,55.65078253],[12.63499539,55.66472176],[12.63055851,55.6646797],[12.63490594,55.66498006],[12.63077776,55.67067942],[12.6366017,55.6701964],[12.63870706,55.66806387],[12.63688343,55.66680731],[12.64342409,55.66991399],[12.64178878,55.66706156],[12.64492919,55.67058034],[12.63655096,55.67039357],[12.64573024,55.67089939],[12.64812195,55.67607736],[12.64046731,55.6791416],[12.63949084,55.67651605],[12.63299462,55.6757061],[12.63435512,55.67943406],[12.63973427,55.68040093],[12.63559371,55.68503704],[12.62491165,55.68051335],[12.63349099,55.67197904],[12.63053322,55.67094203],[12.62024457,55.68009202],[12.63594036,55.68775926],[12.63285847,55.69053435],[12.61361139,55.68717119],[12.62517553,55.69002625],[12.62539204,55.69273596],[12.63055481,55.69465112],[12.62877591,55.69742195],[12.62865185,55.69742679]]],[[[12.60015706,55.69542402],[12.60049994,55.69555153],[12.60050939,55.69555728],[12.6005142,55.6955646],[12.60015706,55.69542402]]],[[[12.59691475,55.70399757],[12.59708586,55.70401585],[12.59716227,55.70402421],[12.59744557,55.70405205],[12.59691475,55.70399757]]],[[[12.60021009,55.70769294],[12.59991666,55.70775946],[12.599822,55.7077813],[12.59978333,55.70779026],[12.60021009,55.70769294]]],[[[12.73425476,55.70324448],[12.73425231,55.70326389],[12.73424699,55.7032832],[12.73423877,55.70330225],[12.73425476,55.70324448]]],[[[12.6128464,55.70398362],[12.61275353,55.70781196],[12.61164201,55.70365716],[12.61608775,55.70168445],[12.6160459,55.69848627],[12.61620572,55.70173412],[12.61280985,55.70390521],[12.6128464,55.70398362]]],[[[12.58780778,55.71860992],[12.58810881,55.71866325],[12.58837862,55.71869052],[12.58869615,55.71869624],[12.58780778,55.71860992]]],[[[12.66821678,55.72046617],[12.6682125,55.72053428],[12.6681975,55.7206019],[12.66817204,55.72066848],[12.66821678,55.72046617]]]]}},{"type":"Feature","properties":{"kode":"0147","navn":"Frederiksberg"},"geometry":{"type":"MultiPolygon","coordinates":[[[[12.53735499,55.69660544],[12.52496783,55.6951579],[12.49567862,55.6845363],[12.49131567,55.67908253],[12.49329692,55.67260203],[12.49653318,55.6689282],[12.51100417,55.66961226],[12.52331292,55.66650584],[12.54992696,55.67443967],[12.55517709,55.67354511],[12.55734109,55.68174889],[12.5377741,55.68978892],[12.53476384,55.69444239],[12.53704289,55.69652731],[12.53735499,55.69660544]]]]}},{"type":"Feature","properties":{"kode":"0151","navn":"Ballerup"},"geometry":{"type":"MultiPolygon","coordinates":[[[[12.30407208,55.76202423],[12.30002281,55.76345216],[12.2913726,55.7574828],[12.27492269,55.75976766],[12.26689043,55.75619774],[12.26979934,55.75239861],[12.26350052,55.74768024],[12.28826523,55.75154739],[12.3061108,55.75062261],[12.31367848,55.74859631],[12.31202107,55.74707852],[12.31641069,55.74064107],[12.33117599,55.74249418],[12.3336452,55.73404798],[12.32412715,55.7325869],[12.32057584,55.7285859],[12.32328712,55.71729548],[12.38744868,55.6973413],[12.38562124,55.70239521],[12.38835231,55.70292608],[12.38815813,55.70692332],[12.39987985,55.70546121],[12.41023462,55.70943472],[12.42483114,55.70867917],[12.42604282,55.71719124],[12.41355802,55.72753526],[12.40654186,55.72993693],[12.40935406,55.7353822],[12.40529859,55.73832187],[12.40037691,55.73768923],[12.39972479,55.74359306],[12.39337347,55.75125399],[12.39332202,55.75931835],[12.38028655,55.76119007],[12.37666139,55.75647108],[12.36031716,55.75382142],[12.33846021,55.75682469],[12.33337438,55.75983241],[12.30417997,55.7620046],[12.30407208,55.76202423]]]]}},{"type":"Feature","properties":{"kode":"0153","navn":"Brøndby"},"geometry":{"type":"MultiPolygon","coordinates":[[[[12.44278904,55.67108823],[12.41893078,55.66876637],[12.41522138,55.66538716],[12.4154888,55.66153964],[12.40722695,55.65795256],[12.38966788,55.66097169],[12.36342441,55.65856996],[12.40338292,55.61837912],[12.40496802,55.61224602],[12.43698309,55.61209965],[12.44020162,55.60696775],[12.44660115,55.60691025],[12.43858344,55.62093031],[12.44233306,55.62189482],[12.42935799,55.63275332],[12.42590762,55.64042662],[12.43557104,55.6450138],[12.459955,55.64818497],[12.45490543,55.65672707],[12.45572263,55.66455199],[12.44851994,55.66503272],[12.44705222,55.67017767],[12.44285263,55.67075107],[12.44278904,55.67108823]]]]}},{"type":"Feature","properties":{"kode":"0155","navn":"Dragør"},"geometry":{"type":"MultiPolygon","coordinates":[[[[12.64512544,55.60842895],[12.63244862,55.60865769],[12.63147684,55.60165669],[12.62293576,55.60401385],[12.62173723,55.5954503],[12.61733484,55.58974071],[12.61841148,55.58638806],[12.61138689,55.57611235],[12.5922334,55.57729819],[12.59020576,55.58036186],[12.55902927,55.57496679],[12.55664028,55.57439814],[12.55909737,55.56537771],[12.56700072,55.55892991],[12.59267472,55.5548958],[12.61956637,55.56699999],[12.63183274,55.57678987],[12.66167718,55.5815515],[12.68148453,55.58965579],[12.67651272,55.58810967],[12.68008442,55.58872905],[12.67685736,55.59051077],[12.6819775,55.59225007],[12.68094487,55.58986624],[12.68271058,55.59384466],[12.67458568,55.59400554],[12.67998967,55.59462847],[12.67308017,55.59605183],[12.67029028,55.6065819],[12.6464077,55.60832622],[12.64512544,55.60842895]]],[[[12.71149839,55.53632719],[12.71150796,55.53632771],[12.71151757,55.53632877],[12.71152756,55.53633044],[12.71149839,55.53632719]]],[[[12.60589928,55.56100125],[12.60587312,55.56102396],[12.60584227,55.56104744],[12.60577279,55.56109768],[12.60589928,55.56100125]]],[[[12.60417293,55.56121448],[12.6041846,55.56122061],[12.60419542,55.56122443],[12.60421328,55.56122714],[12.60417293,55.56121448]]],[[[12.68078376,55.5934536],[12.68079188,55.59345381],[12.68079991,55.59345474],[12.68080752,55.59345631],[12.68078376,55.5934536]]]]}},{"type":"Feature","properties":{"kode":"0157","navn":"Gentofte"},"geometry":{"type":"MultiPolygon","coordinates":[[[[12.59174524,55.77943335],[12.56368211,55.77076212],[12.53917413,55.77366524],[12.52635071,55.76841089],[12.51985315,55.76242835],[12.50097143,55.75999299],[12.49868713,55.75086642],[12.50168055,55.7502573],[12.50070541,55.74748922],[12.51838228,55.74241527],[12.51783821,55.73575331],[12.52148126,55.72783417],[12.56135147,55.72274706],[12.56579133,55.73271149],[12.57651815,55.72894945],[12.57795846,55.72209341],[12.58312976,55.72184161],[12.58980693,55.72563249],[12.58100684,55.7256867],[12.58865668,55.72693129],[12.58084534,55.72760001],[12.58410614,55.72874315],[12.58138399,55.73056866],[12.58421356,55.73960487],[12.59780762,55.75737999],[12.60422534,55.76070779],[12.60002473,55.7595999],[12.60015853,55.76294515],[12.60413432,55.7617546],[12.59761692,55.7659589],[12.59665199,55.77189029],[12.59238704,55.77468832],[12.59284024,55.77937128],[12.59174524,55.77943335]]],[[[12.58967339,55.72626879],[12.58971383,55.72627714],[12.58973158,55.72629514],[12.58973871,55.72632254],[12.58967339,55.72626879]]],[[[12.5897575,55.72733707],[12.5894768,55.72738611],[12.5891584,55.72742024],[12.58908537,55.72742139],[12.5897575,55.72733707]]],[[[12.59198201,55.7491145],[12.5920085,55.74912515],[12.59203488,55.74914155],[12.59203763,55.74915064],[12.59198201,55.7491145]]],[[[12.59195991,55.74964198],[12.59185154,55.74966493],[12.59182862,55.74966875],[12.59170731,55.74968974],[12.59195991,55.74964198]]],[[[12.6054909,55.76044188],[12.60550504,55.76045333],[12.60553353,55.76054079],[12.60554771,55.76063731],[12.6054909,55.76044188]]]]}},{"type":"Feature","properties":{"kode":"0159","navn":"Gladsaxe"},"geometry":{"type":"MultiPolygon","coordinates":[[[[12.47771186,55.7751231],[12.46936392,55.77521314],[12.46279561,55.76902757],[12.45836788,55.77269197],[12.43894605,55.77671749],[12.42535202,55.77187744],[12.41930603,55.77298139],[12.41618483,55.75299262],[12.43533991,55.75230414],[12.4386917,55.75539778],[12.44009052,55.75176505],[12.44635085,55.74983094],[12.44546122,55.74030825],[12.45863717,55.71681976],[12.47286322,55.7188722],[12.4843166,55.72476505],[12.51347579,55.71986805],[12.52148126,55.72783417],[12.51783821,55.73575331],[12.51838228,55.74241527],[12.50070541,55.74748922],[12.50168055,55.7502573],[12.49864515,55.75152237],[12.50052663,55.75956203],[12.4795163,55.76038061],[12.47991491,55.7684317],[12.48345833,55.7682699],[12.48757589,55.77274734],[12.47809697,55.77477807],[12.47771186,55.7751231]]]]}},{"type":"Feature","properties":{"kode":"0161","navn":"Glostrup"},"geometry":{"type":"MultiPolygon","coordinates":[[[[12.41842447,55.70832971],[12.41011133,55.70941792],[12.39987985,55.70546121],[12.38815813,55.70692332],[12.38835231,55.70292608],[12.38562124,55.70239521],[12.38667555,55.69688998],[12.39627171,55.6856505],[12.3950028,55.67635415],[12.38498102,55.67714045],[12.38467076,55.67347748],[12.38068082,55.67102094],[12.37448803,55.67188275],[12.37494919,55.67003135],[12.3678075,55.66832405],[12.37150866,55.66459408],[12.37123917,55.6601498],[12.39446169,55.66086139],[12.40722693,55.65795256],[12.41548875,55.66153961],[12.41522131,55.66538718],[12.41864397,55.66858789],[12.42465437,55.66951852],[12.42332639,55.67325986],[12.43236082,55.68872596],[12.42885846,55.69209729],[12.42861863,55.70758931],[12.41853447,55.70831657],[12.41842447,55.70832971]]]]}},{"type":"Feature","properties":{"kode":"0163","navn":"Herlev"},"geometry":{"type":"MultiPolygon","coordinates":[[[[12.40407574,55.75469988],[12.39511257,55.75986334],[12.39337347,55.75125399],[12.39972479,55.74359306],[12.40037691,55.73768923],[12.40529859,55.73832187],[12.40935406,55.7353822],[12.40654186,55.72993693],[12.42513919,55.71850375],[12.42483114,55.70867917],[12.42861863,55.70758931],[12.43454851,55.71296438],[12.45241499,55.71497689],[12.45304173,55.7122463],[12.45792642,55.71455751],[12.45307381,55.72971941],[12.44546122,55.74030825],[12.44635085,55.74983094],[12.44009052,55.75176505],[12.43997893,55.75517784],[12.43448139,55.7522823],[12.40427904,55.75456297],[12.40407574,55.75469988]]]]}},{"type":"Feature","properties":{"kode":"0165","navn":"Albertslund"},"geometry":{"type":"MultiPolygon","coordinates":[[[[12.36430696,55.70469025],[12.3422996,55.7110736],[12.33512471,55.70028227],[12.32723444,55.70020657],[12.31099962,55.69369165],[12.32158591,55.67951421],[12.3152227,55.67211074],[12.32297902,55.65768692],[12.31717576,55.65923769],[12.32971421,55.64974617],[12.33639888,55.64888354],[12.34133408,55.64195946],[12.34703921,55.64771677],[12.35420833,55.64925546],[12.35274737,55.65485945],[12.37473847,55.66018078],[12.37123917,55.66014978],[12.37150866,55.66459408],[12.3678075,55.66832405],[12.37494922,55.67003138],[12.37448797,55.67188276],[12.38068082,55.67102094],[12.3846734,55.67348955],[12.38498102,55.67714045],[12.3950028,55.67635415],[12.39627171,55.6856505],[12.38744868,55.6973413],[12.36475357,55.70466407],[12.36430696,55.70469025]]]]}},{"type":"Feature","properties":{"kode":"0167","navn":"Hvidovre"},"geometry":{"type":"MultiPolygon","coordinates":[[[[12.47782644,55.66577868],[12.45293904,55.66483875],[12.45572263,55.66455199],[12.45490543,55.65672707],[12.45995496,55.64818496],[12.43557104,55.6450138],[12.42590762,55.64042662],[12.42935799,55.63275332],[12.44233306,55.62189482],[12.43858344,55.62093031],[12.44806523,55.60427098],[12.4806734,55.60104834],[12.48477904,55.59779293],[12.49168175,55.60087828],[12.49655379,55.61009928],[12.50259857,55.61025219],[12.50045154,55.61146376],[12.50494064,55.61447475],[12.49792966,55.61552941],[12.49427045,55.62043037],[12.49726709,55.6247949],[12.50295751,55.62513606],[12.49781822,55.62542251],[12.50306067,55.62573609],[12.50424176,55.62857387],[12.50023459,55.62846541],[12.5040389,55.62886309],[12.50662084,55.63578684],[12.47784266,55.65702961],[12.47795091,55.6656989],[12.47782644,55.66577868]]],[[[12.46655497,55.59977421],[12.46657692,55.59977817],[12.46660553,55.59978572],[12.4666189,55.59979146],[12.46655497,55.59977421]]],[[[12.50709367,55.63413856],[12.5071565,55.63415331],[12.50720814,55.63416559],[12.50730126,55.63423099],[12.50709367,55.63413856]]]]}},{"type":"Feature","properties":{"kode":"0169","navn":"Høje-Taastrup"},"geometry":{"type":"MultiPolygon","coordinates":[[[[12.25050961,55.70834939],[12.23603107,55.6998955],[12.23066041,55.69947306],[12.22826081,55.69572206],[12.2210348,55.69433883],[12.21210415,55.68721701],[12.1854634,55.68821489],[12.18130251,55.68254857],[12.16871216,55.68171803],[12.16856457,55.67636454],[12.164556,55.6736018],[12.15047391,55.6710351],[12.1514493,55.66666023],[12.1585319,55.66574188],[12.15729764,55.65866207],[12.16285454,55.6574713],[12.16386433,55.6530349],[12.1574032,55.65294325],[12.15706706,55.63386433],[12.16686626,55.63418308],[12.15959351,55.61282046],[12.2095142,55.60455323],[12.21153385,55.61160012],[12.21536886,55.61249158],[12.21522948,55.61766881],[12.20937891,55.61795604],[12.2160598,55.62701607],[12.21661254,55.63158526],[12.21247822,55.63522232],[12.28675289,55.63390346],[12.307802,55.63735856],[12.34662457,55.63758134],[12.33639888,55.64888354],[12.32971421,55.64974617],[12.31717576,55.65923769],[12.32297901,55.65768694],[12.3152227,55.67211074],[12.32158591,55.67951421],[12.31115844,55.69361777],[12.2702885,55.70400787],[12.25252146,55.70534741],[12.2506765,55.70830928],[12.25050961,55.70834939]]]]}},{"type":"Feature","properties":{"kode":"0173","navn":"Lyngby-Taarbæk"},"geometry":{"type":"MultiPolygon","coordinates":[[[[12.57035167,55.8095426],[12.56094465,55.80587489],[12.55062566,55.80738395],[12.53815325,55.80266342],[12.52108339,55.80421636],[12.51135722,55.80067664],[12.49407323,55.79989498],[12.49105108,55.79720095],[12.48924719,55.80106348],[12.47782727,55.79678252],[12.47317224,55.79703723],[12.47546095,55.80175786],[12.4732484,55.80210646],[12.45329836,55.79950895],[12.43909947,55.79963199],[12.43951282,55.8021055],[12.43516565,55.80215872],[12.41646746,55.79513815],[12.41901952,55.79312424],[12.41541326,55.79009],[12.41613721,55.78111136],[12.4132863,55.77567637],[12.43894608,55.7767175],[12.45836788,55.77269197],[12.46279561,55.76902757],[12.4677752,55.77444106],[12.47465267,55.77583388],[12.48757589,55.77274734],[12.48345833,55.7682699],[12.47991491,55.7684317],[12.4795163,55.76038061],[12.50044606,55.75955804],[12.51985315,55.76242835],[12.52635071,55.76841089],[12.53917413,55.77366524],[12.56368211,55.77076212],[12.59302731,55.77941373],[12.59691166,55.7874159],[12.58724328,55.80405549],[12.58259628,55.80782358],[12.57052771,55.80947553],[12.57035167,55.8095426]]]]}},{"type":"Feature","properties":{"kode":"0175","navn":"Rødovre"},"geometry":{"type":"MultiPolygon","coordinates":[[[[12.45241499,55.71497689],[12.43454851,55.71296438],[12.42744839,55.70648423],[12.42916477,55.69075352],[12.43236082,55.68872596],[12.42299168,55.67171262],[12.42465442,55.66951853],[12.4426589,55.67152985],[12.44705222,55.67017767],[12.44851994,55.66503272],[12.47834301,55.66554464],[12.47852807,55.6720814],[12.47473283,55.67216194],[12.46781219,55.68234481],[12.46722427,55.69150381],[12.46346886,55.69627681],[12.46422952,55.70241515],[12.45371682,55.70711392],[12.45248824,55.71494426],[12.45241499,55.71497689]]]]}},{"type":"Feature","properties":{"kode":"0183","navn":"Ishøj"},"geometry":{"type":"MultiPolygon","coordinates":[[[[12.34844188,55.63583869],[12.307802,55.63735856],[12.28675289,55.63390346],[12.24631001,55.63339773],[12.21247822,55.63522232],[12.21661254,55.63158526],[12.2160598,55.62701607],[12.20937891,55.61795604],[12.23033545,55.61692576],[12.23126548,55.62108452],[12.23503202,55.6210551],[12.2431805,55.61346436],[12.2765191,55.62205036],[12.28805975,55.61598072],[12.29381684,55.61747099],[12.30084309,55.61282683],[12.33705352,55.60787592],[12.36042345,55.60078054],[12.3574931,55.59903938],[12.3632346,55.59403791],[12.37657275,55.59623111],[12.37557287,55.59899514],[12.39095425,55.60461351],[12.40080744,55.6044606],[12.40097321,55.60935561],[12.37876093,55.61489456],[12.34884251,55.63549157],[12.34844188,55.63583869]]]]}},{"type":"Feature","properties":{"kode":"0185","navn":"Tårnby"},"geometry":{"type":"MultiPolygon","coordinates":[[[[12.64886786,55.64446527],[12.64789759,55.64631334],[12.63396092,55.6451356],[12.61942859,55.63933922],[12.59231652,55.63796398],[12.59190861,55.62286415],[12.57184012,55.61575097],[12.51302413,55.61377737],[12.50885298,55.60804579],[12.51175512,55.59547791],[12.5282111,55.57663554],[12.53625153,55.57298135],[12.59020576,55.58036186],[12.5922334,55.57729819],[12.61138689,55.57611235],[12.61841148,55.58638806],[12.61733484,55.58974071],[12.62173723,55.5954503],[12.62318601,55.60417316],[12.63147684,55.60165669],[12.63244862,55.60865769],[12.67348661,55.60659183],[12.68130784,55.61026523],[12.67989028,55.63063484],[12.67077257,55.63376866],[12.65534684,55.63348282],[12.65756244,55.63530352],[12.65365434,55.63474426],[12.65784249,55.63557059],[12.65520535,55.63557663],[12.65741477,55.63825528],[12.65323816,55.64331204],[12.65309992,55.64094323],[12.64856964,55.64244859],[12.64888818,55.6442975],[12.65242936,55.64289068],[12.6489062,55.64444156],[12.64886786,55.64446527]]],[[[12.82259336,55.60077781],[12.82258035,55.60083991],[12.82240449,55.6008722],[12.82207151,55.60091406],[12.82259336,55.60077781]]],[[[12.78473924,55.60469959],[12.78455826,55.60472056],[12.78451308,55.60471656],[12.78448258,55.60468855],[12.78473924,55.60469959]]],[[[12.784059,55.60454093],[12.78412813,55.60459887],[12.78415847,55.60468957],[12.78411983,55.60482592],[12.784059,55.60454093]]],[[[12.77353795,55.60519234],[12.77357517,55.60521268],[12.7735808,55.60522995],[12.77354783,55.6052968],[12.77353795,55.60519234]]],[[[12.77274666,55.60543802],[12.77272567,55.60551546],[12.77267928,55.60554675],[12.77258188,55.60553824],[12.77274666,55.60543802]]],[[[12.78500317,55.60503162],[12.78497611,55.6051035],[12.78490889,55.60514272],[12.78486558,55.60519774],[12.78500317,55.60503162]]],[[[12.76542867,55.60557635],[12.76547674,55.60559556],[12.76550537,55.60562409],[12.76552697,55.60569689],[12.76542867,55.60557635]]],[[[12.77144318,55.60559885],[12.77147796,55.60563348],[12.77148535,55.60566409],[12.7714585,55.60569046],[12.77144318,55.60559885]]],[[[12.77752579,55.60551994],[12.77747463,55.60555128],[12.77736155,55.60559766],[12.77729716,55.60562348],[12.77752579,55.60551994]]],[[[12.77541749,55.60600526],[12.77535593,55.60609357],[12.77529846,55.60609714],[12.77526989,55.60610899],[12.77541749,55.60600526]]],[[[12.78403713,55.60528296],[12.78413997,55.60533302],[12.78424066,55.6053657],[12.78433404,55.60549231],[12.78403713,55.60528296]]],[[[12.76449749,55.60599867],[12.76452384,55.60601171],[12.76454733,55.60603806],[12.76458436,55.60613422],[12.76449749,55.60599867]]],[[[12.78378671,55.60597261],[12.78386145,55.60600969],[12.7839198,55.60606625],[12.78391978,55.60611211],[12.78378671,55.60597261]]],[[[12.78590891,55.6058993],[12.78587383,55.60591441],[12.78586078,55.60593882],[12.78587576,55.60603152],[12.78590891,55.6058993]]],[[[12.77707724,55.60650101],[12.77695097,55.60650617],[12.77678875,55.60648275],[12.77665864,55.60648757],[12.77707724,55.60650101]]],[[[12.7792757,55.60631854],[12.77931191,55.60635303],[12.77932221,55.60638914],[12.77927242,55.60646927],[12.7792757,55.60631854]]],[[[12.78232763,55.6063665],[12.78235128,55.60638771],[12.78235524,55.60642554],[12.78232583,55.6064599],[12.78232763,55.6063665]]],[[[12.79655564,55.60644984],[12.7896712,55.60606387],[12.79899163,55.60622754],[12.79661995,55.60642824],[12.79655564,55.60644984]]],[[[12.7889104,55.60659325],[12.78904745,55.6066471],[12.78925916,55.60669432],[12.78933778,55.6067436],[12.7889104,55.60659325]]],[[[12.79024898,55.60693105],[12.79030061,55.60701659],[12.79039288,55.60706895],[12.79040741,55.60708451],[12.79024898,55.60693105]]],[[[12.79996185,55.60706686],[12.79991497,55.60714709],[12.79983661,55.60719925],[12.79980179,55.60720869],[12.79996185,55.60706686]]],[[[12.7610014,55.60828569],[12.76105378,55.60830845],[12.76115247,55.60832538],[12.76121805,55.60835988],[12.7610014,55.60828569]]],[[[12.79763429,55.60728896],[12.79753405,55.60738586],[12.7974925,55.60740792],[12.79741183,55.6074115],[12.79763429,55.60728896]]],[[[12.78958665,55.60749974],[12.78961008,55.607517],[12.7896194,55.60758064],[12.78963254,55.60759499],[12.78958665,55.60749974]]],[[[12.7615273,55.60841234],[12.76159527,55.60843202],[12.76174251,55.608498],[12.76176375,55.60851083],[12.7615273,55.60841234]]],[[[12.78781085,55.60811967],[12.78781891,55.60814559],[12.78785964,55.60818903],[12.78784663,55.60821713],[12.78781085,55.60811967]]],[[[12.80182072,55.60844512],[12.80175093,55.60848389],[12.8017238,55.60848105],[12.80170942,55.60847034],[12.80182072,55.60844512]]],[[[12.79503115,55.60839067],[12.79503568,55.60840789],[12.79497019,55.60852745],[12.79488349,55.60856728],[12.79503115,55.60839067]]],[[[12.79334837,55.60858363],[12.79344001,55.60863268],[12.79343708,55.60868295],[12.79331912,55.6087527],[12.79334837,55.60858363]]],[[[12.76092997,55.60982795],[12.7609426,55.60990507],[12.76086868,55.60993612],[12.76079433,55.6099411],[12.76092997,55.60982795]]],[[[12.80037305,55.60846379],[12.80040139,55.60848081],[12.80040602,55.60849416],[12.80040653,55.60857004],[12.80037305,55.60846379]]],[[[12.7612404,55.61009323],[12.7611546,55.61012131],[12.76102994,55.61011192],[12.76094817,55.61007927],[12.7612404,55.61009323]]],[[[12.80157271,55.60862692],[12.8016305,55.60864122],[12.80175297,55.60865091],[12.80173165,55.60866866],[12.80157271,55.60862692]]],[[[12.79230066,55.60915581],[12.79242048,55.60918241],[12.79243963,55.60919647],[12.79242719,55.60923211],[12.79230066,55.60915581]]],[[[12.77581136,55.58841959],[12.77726118,55.58954373],[12.74389305,55.60677024],[12.72606908,55.61097043],[12.75758204,55.59236819],[12.77573332,55.58841219],[12.77581136,55.58841959]]],[[[12.79571708,55.60942174],[12.79562509,55.60951362],[12.79556298,55.60954333],[12.7955176,55.60954555],[12.79571708,55.60942174]]],[[[12.79398836,55.60967395],[12.79395662,55.60967763],[12.79386159,55.60965108],[12.79382973,55.60965179],[12.79398836,55.60967395]]],[[[12.79977095,55.60928579],[12.80003084,55.6093315],[12.80004328,55.60935828],[12.80002835,55.60940595],[12.79977095,55.60928579]]],[[[12.78709466,55.6095203],[12.78709689,55.60954505],[12.78704194,55.6096374],[12.78706181,55.60974128],[12.78709466,55.6095203]]],[[[12.79447245,55.60983359],[12.79451108,55.60984534],[12.79452745,55.60986174],[12.7945506,55.60995167],[12.79447245,55.60983359]]],[[[12.79415684,55.6097833],[12.79417573,55.6098078],[12.79415252,55.60990951],[12.79415692,55.60996486],[12.79415684,55.6097833]]],[[[12.79516677,55.60999184],[12.79513718,55.61001605],[12.79511649,55.61005842],[12.7950576,55.61011645],[12.79516677,55.60999184]]],[[[12.79625709,55.61006408],[12.79614482,55.61013851],[12.79609603,55.61013993],[12.79604586,55.6101271],[12.79625709,55.61006408]]],[[[12.80469414,55.60957279],[12.80427998,55.60981218],[12.80415647,55.60987213],[12.80404727,55.60990106],[12.80469414,55.60957279]]],[[[12.79815277,55.61025809],[12.79826438,55.61031146],[12.79830621,55.61032177],[12.79845746,55.61032175],[12.79815277,55.61025809]]],[[[12.79783855,55.6107377],[12.79782742,55.61076718],[12.7977836,55.61077897],[12.797738,55.61077562],[12.79783855,55.6107377]]],[[[12.79700693,55.61087158],[12.79709282,55.61087422],[12.79712042,55.61088362],[12.79712524,55.61091368],[12.79700693,55.61087158]]],[[[12.8020389,55.61071188],[12.80208782,55.61074454],[12.80209524,55.61077524],[12.80205503,55.61084394],[12.8020389,55.61071188]]],[[[12.79487934,55.61086548],[12.79484083,55.6109191],[12.79482702,55.61096683],[12.79480667,55.6109832],[12.79487934,55.61086548]]],[[[12.79385233,55.6118346],[12.79378152,55.61181045],[12.79376158,55.61178004],[12.79377072,55.61174963],[12.79385233,55.6118346]]],[[[12.80737463,55.61076538],[12.80762481,55.6109237],[12.8078968,55.61103827],[12.80819098,55.61111131],[12.80737463,55.61076538]]],[[[12.80678917,55.61158087],[12.80677145,55.61162918],[12.80649576,55.61168603],[12.80632264,55.61169321],[12.80678917,55.61158087]]],[[[12.79175762,55.61233705],[12.79169565,55.6123485],[12.79155799,55.61230501],[12.79148576,55.61227271],[12.79175762,55.61233705]]],[[[12.80847751,55.61225149],[12.80852851,55.61230548],[12.80846228,55.6123499],[12.80834479,55.61234258],[12.80847751,55.61225149]]],[[[12.75989877,55.61393871],[12.75992457,55.61399403],[12.75993547,55.61401654],[12.75998734,55.6140439],[12.75989877,55.61393871]]],[[[12.79228445,55.61311119],[12.7922808,55.61316553],[12.79225911,55.6131778],[12.79222165,55.61318643],[12.79228445,55.61311119]]],[[[12.79391216,55.61313534],[12.79381493,55.61315516],[12.79381374,55.61317076],[12.79386011,55.61323137],[12.79391216,55.61313534]]],[[[12.81087927,55.61281716],[12.81091718,55.61285087],[12.81079246,55.61285745],[12.81063344,55.61282328],[12.81087927,55.61281716]]],[[[12.75578823,55.61503043],[12.75578642,55.61504964],[12.75575938,55.61506431],[12.75564187,55.61508491],[12.75578823,55.61503043]]],[[[12.79491368,55.6139543],[12.79487353,55.61400734],[12.79480391,55.61404655],[12.7947313,55.61404978],[12.79491368,55.6139543]]],[[[12.79589248,55.61425049],[12.79583263,55.61427402],[12.7956153,55.61438768],[12.79553934,55.6144171],[12.79589248,55.61425049]]],[[[12.81109796,55.61421646],[12.8110289,55.61429064],[12.81092019,55.6142969],[12.81068765,55.61425018],[12.81109796,55.61421646]]],[[[12.81710099,55.61315202],[12.81753354,55.61381246],[12.81765398,55.61404117],[12.81770798,55.61423687],[12.81710099,55.61315202]]],[[[12.78808696,55.61540902],[12.7881247,55.61550533],[12.78812616,55.61551887],[12.78811122,55.61553192],[12.78808696,55.61540902]]],[[[12.74802588,55.61672496],[12.748092,55.61683499],[12.74810078,55.61687536],[12.74807579,55.61693638],[12.74802588,55.61672496]]],[[[12.7442918,55.61727214],[12.74443497,55.61734879],[12.74447369,55.61740489],[12.74450836,55.61743017],[12.7442918,55.61727214]]],[[[12.74816919,55.61746668],[12.74813475,55.61747205],[12.74801025,55.61745122],[12.74792156,55.61746428],[12.74816919,55.61746668]]],[[[12.78946248,55.61613606],[12.78944113,55.6161602],[12.78944138,55.61619076],[12.78951303,55.61625473],[12.78946248,55.61613606]]],[[[12.78690555,55.61622836],[12.78695233,55.61629652],[12.78698403,55.6163155],[12.78717159,55.61638686],[12.78690555,55.61622836]]],[[[12.74372966,55.61794523],[12.7438455,55.6180202],[12.7438742,55.61808119],[12.74395368,55.61815313],[12.74372966,55.61794523]]],[[[12.78518786,55.61746326],[12.78524552,55.61747452],[12.78529145,55.61749603],[12.785324,55.61753369],[12.78518786,55.61746326]]],[[[12.81218848,55.6166816],[12.81225389,55.61669081],[12.81230488,55.61672987],[12.81245612,55.6167721],[12.81218848,55.6166816]]],[[[12.81318178,55.61708072],[12.8132802,55.61719573],[12.8135061,55.61727206],[12.81358972,55.617328],[12.81318178,55.61708072]]],[[[12.7408932,55.61934065],[12.74101041,55.61934831],[12.74108118,55.61936062],[12.74115239,55.6193875],[12.7408932,55.61934065]]],[[[12.81417736,55.61778254],[12.81420092,55.61784835],[12.81419498,55.61789188],[12.81413028,55.61788841],[12.81417736,55.61778254]]],[[[12.74144935,55.61979703],[12.74146644,55.61983292],[12.74146123,55.61985323],[12.74142061,55.61989889],[12.74144935,55.61979703]]],[[[12.8142503,55.61803269],[12.81420399,55.61807451],[12.81412702,55.61806891],[12.81409322,55.61803507],[12.8142503,55.61803269]]],[[[12.78937332,55.61973543],[12.7894443,55.61975958],[12.78945676,55.61978159],[12.78944051,55.6198454],[12.78937332,55.61973543]]],[[[12.74198369,55.62137561],[12.74201046,55.62138306],[12.74203086,55.6214453],[12.74205857,55.62146091],[12.74198369,55.62137561]]],[[[12.74370842,55.6221254],[12.74388047,55.62218651],[12.74391316,55.62224261],[12.74392002,55.62228619],[12.74370842,55.6221254]]],[[[12.79074145,55.62101888],[12.790638,55.62103539],[12.79058096,55.62103221],[12.79046955,55.62100913],[12.79074145,55.62101888]]],[[[12.78938121,55.62103939],[12.78938206,55.62105483],[12.78935594,55.62108549],[12.78930082,55.62111202],[12.78938121,55.62103939]]],[[[12.81405762,55.61707395],[12.81417313,55.61720462],[12.81428564,55.61727827],[12.8145193,55.6173477],[12.81405762,55.61707395]]],[[[12.78969802,55.62037915],[12.7898034,55.62043029],[12.78989382,55.6204632],[12.78992946,55.6204817],[12.78969802,55.62037915]]],[[[12.79108599,55.62155507],[12.79098381,55.62157324],[12.79076721,55.62156007],[12.7906052,55.62156761],[12.79108599,55.62155507]]],[[[12.74142616,55.62312449],[12.74145584,55.62316405],[12.74145705,55.62323173],[12.74142353,55.62325685],[12.74142616,55.62312449]]],[[[12.74529414,55.62319955],[12.74529847,55.62322658],[12.7452844,55.62325237],[12.74525871,55.62326619],[12.74529414,55.62319955]]],[[[12.74014943,55.62373648],[12.74021069,55.62375223],[12.74023345,55.623776],[12.74025291,55.62386838],[12.74014943,55.62373648]]],[[[12.74026787,55.62436863],[12.74026747,55.62439103],[12.74022298,55.62443447],[12.74015813,55.62444446],[12.74026787,55.62436863]]],[[[12.7391415,55.62428458],[12.73916642,55.62429587],[12.73917863,55.62431393],[12.73917782,55.62434381],[12.7391415,55.62428458]]],[[[12.74024072,55.62455389],[12.74022943,55.62463876],[12.74022026,55.62467762],[12.74019863,55.62470409],[12.74024072,55.62455389]]],[[[12.74307834,55.62459708],[12.74309297,55.62461057],[12.74309355,55.62462665],[12.74307983,55.62463768],[12.74307834,55.62459708]]],[[[12.74303642,55.62475734],[12.74305539,55.62476962],[12.74305126,55.62479133],[12.74295982,55.62485896],[12.74303642,55.62475734]]],[[[12.74104545,55.62499297],[12.7409875,55.62499699],[12.74077388,55.62498175],[12.74074194,55.62497175],[12.74104545,55.62499297]]],[[[12.79063947,55.62371147],[12.7905838,55.62371427],[12.79052419,55.62375523],[12.79050544,55.62375851],[12.79063947,55.62371147]]],[[[12.741991,55.62521219],[12.74200555,55.62524304],[12.74199187,55.62529463],[12.74195068,55.62530263],[12.741991,55.62521219]]],[[[12.74052256,55.62497953],[12.74058155,55.62501649],[12.74062786,55.62513377],[12.74066845,55.62517777],[12.74052256,55.62497953]]],[[[12.73820426,55.62550953],[12.73812651,55.62551586],[12.73807027,55.62550778],[12.73804374,55.62549285],[12.73820426,55.62550953]]],[[[12.7406889,55.62532723],[12.74071687,55.62533545],[12.74074046,55.62535623],[12.74076089,55.62547044],[12.7406889,55.62532723]]],[[[12.74225233,55.62551086],[12.74227237,55.62552598],[12.74227862,55.62554153],[12.74226389,55.62556545],[12.74225233,55.62551086]]],[[[12.73831314,55.62609162],[12.73830387,55.62611106],[12.73827749,55.62612616],[12.73824463,55.62613148],[12.73831314,55.62609162]]],[[[12.7423281,55.62667972],[12.74226809,55.62669045],[12.74220657,55.62672695],[12.74209578,55.62674014],[12.7423281,55.62667972]]],[[[12.73896934,55.6267748],[12.73899868,55.62683587],[12.7389711,55.62686836],[12.73890248,55.62689375],[12.73896934,55.6267748]]],[[[12.73637886,55.62692496],[12.73643862,55.62698672],[12.73644647,55.62701903],[12.73643814,55.62704509],[12.73637886,55.62692496]]],[[[12.74053225,55.62672431],[12.74053329,55.62682346],[12.74051434,55.62685812],[12.74042005,55.62694427],[12.74053225,55.62672431]]],[[[12.74246269,55.62693099],[12.74262673,55.62697283],[12.74265503,55.62698627],[12.74266016,55.62703665],[12.74246269,55.62693099]]],[[[12.74043142,55.62705022],[12.74041139,55.6270752],[12.74030669,55.62709728],[12.74027044,55.62711547],[12.74043142,55.62705022]]],[[[12.74272053,55.62711636],[12.74280829,55.62718823],[12.74286003,55.62724078],[12.74286687,55.62726081],[12.74272053,55.62711636]]],[[[12.73709269,55.62792959],[12.7371568,55.62794526],[12.73723905,55.62801784],[12.73723014,55.62804607],[12.73709269,55.62792959]]],[[[12.74055152,55.62858273],[12.74062625,55.6286014],[12.74068175,55.62861832],[12.74069908,55.62863335],[12.74055152,55.62858273]]],[[[12.78163634,55.62830374],[12.78168022,55.62833844],[12.78168041,55.62836847],[12.7816564,55.62839142],[12.78163634,55.62830374]]],[[[12.78280826,55.62837646],[12.78283741,55.62839363],[12.78284749,55.62841077],[12.78283867,55.6284578],[12.78280826,55.62837646]]],[[[12.78158719,55.62846982],[12.78157637,55.62850594],[12.78155011,55.62853697],[12.78150875,55.62856127],[12.78158719,55.62846982]]],[[[12.73574467,55.63039686],[12.73575651,55.63044604],[12.73574907,55.63047307],[12.7357243,55.63049001],[12.73574467,55.63039686]]],[[[12.73490112,55.630325],[12.73476923,55.63037552],[12.73473455,55.630487],[12.73470628,55.63050396],[12.73490112,55.630325]]],[[[12.73375688,55.6306926],[12.73371551,55.63072057],[12.73368724,55.63071918],[12.73358472,55.63069083],[12.73375688,55.6306926]]],[[[12.7361989,55.63057823],[12.73616114,55.6306006],[12.73613977,55.63065827],[12.73611237,55.63067763],[12.7361989,55.63057823]]],[[[12.78293761,55.62939115],[12.78301715,55.6294314],[12.7830784,55.62950118],[12.78308103,55.62953006],[12.78293761,55.62939115]]],[[[12.78238796,55.6300733],[12.78232654,55.63010568],[12.7822709,55.63008743],[12.78213985,55.63000425],[12.78238796,55.6300733]]],[[[12.73600972,55.63114845],[12.73608059,55.63117327],[12.73612555,55.63120643],[12.73616575,55.63125799],[12.73600972,55.63114845]]],[[[12.78307217,55.63024722],[12.78312289,55.63028855],[12.78313695,55.63034198],[12.78312691,55.63036972],[12.78307217,55.63024722]]],[[[12.73767541,55.63185086],[12.73760072,55.63183434],[12.73755147,55.63180293],[12.73754344,55.63177206],[12.73767541,55.63185086]]],[[[12.7344021,55.63262924],[12.73390793,55.63276147],[12.73377321,55.63277888],[12.73363776,55.63278373],[12.7344021,55.63262924]]],[[[12.73614153,55.63276217],[12.73618426,55.63277346],[12.73621371,55.63279234],[12.73622282,55.63281617],[12.73614153,55.63276217]]],[[[12.72601949,55.63356984],[12.72619274,55.63362311],[12.72621915,55.63364344],[12.7262181,55.63365246],[12.72601949,55.63356984]]],[[[12.73625424,55.63338281],[12.73618304,55.63342302],[12.73611078,55.63349042],[12.7360627,55.63351302],[12.73625424,55.63338281]]],[[[12.68679323,55.63585774],[12.68680394,55.63585832],[12.68681438,55.63585954],[12.68682425,55.63586131],[12.68679323,55.63585774]]],[[[12.73364824,55.63698377],[12.73355535,55.63702338],[12.73333321,55.6371564],[12.7326659,55.63744434],[12.73364824,55.63698377]]],[[[12.78257646,55.63692964],[12.78267573,55.63696327],[12.78273312,55.6369731],[12.78284942,55.63697895],[12.78257646,55.63692964]]],[[[12.73672049,55.64030004],[12.73671777,55.64033987],[12.73670176,55.64036869],[12.73667133,55.64039138],[12.73672049,55.64030004]]],[[[12.73686604,55.64093955],[12.73680608,55.640901],[12.73669187,55.64086042],[12.73666025,55.64083891],[12.73686604,55.64093955]]],[[[12.73564691,55.64115001],[12.73560189,55.64117979],[12.73553216,55.64125053],[12.73547229,55.64125128],[12.73564691,55.64115001]]],[[[12.73734794,55.64119804],[12.73737091,55.64121542],[12.73739578,55.64125782],[12.73738599,55.64130857],[12.73734794,55.64119804]]],[[[12.78126871,55.64083439],[12.78129477,55.64084906],[12.7812323,55.64093992],[12.78118412,55.64099096],[12.78126871,55.64083439]]],[[[12.73517528,55.64288301],[12.73505779,55.64303002],[12.73501341,55.64305655],[12.73492559,55.64308603],[12.73517528,55.64288301]]],[[[12.78117921,55.64166195],[12.78128124,55.64168947],[12.78125048,55.64176452],[12.78123965,55.64189623],[12.78117921,55.64166195]]],[[[12.73487282,55.64371863],[12.73487378,55.64373704],[12.73485463,55.64375633],[12.73469498,55.64382468],[12.73487282,55.64371863]]],[[[12.73668555,55.64500882],[12.73664534,55.64503064],[12.73661617,55.64506498],[12.73655956,55.64518334],[12.73668555,55.64500882]]],[[[12.73756827,55.64513954],[12.73741147,55.6452444],[12.73726607,55.64532536],[12.73714,55.64541742],[12.73756827,55.64513954]]],[[[12.73749576,55.65207409],[12.73750197,55.65208083],[12.73749105,55.65209141],[12.73736755,55.65215723],[12.73749576,55.65207409]]],[[[12.73804353,55.65577206],[12.7380005,55.65586123],[12.73796495,55.6558937],[12.73791922,55.65590948],[12.73804353,55.65577206]]],[[[12.73789275,55.65545536],[12.7379601,55.65547606],[12.73795978,55.65548443],[12.73793147,55.65549105],[12.73789275,55.65545536]]],[[[12.74108415,55.65800248],[12.74110823,55.65801811],[12.74118316,55.65803651],[12.74124806,55.65806322],[12.74108415,55.65800248]]],[[[12.74457144,55.66457701],[12.74461678,55.66459523],[12.74467422,55.66467854],[12.74472994,55.66469896],[12.74457144,55.66457701]]],[[[12.74164914,55.66677668],[12.74139013,55.66682999],[12.74134767,55.66683848],[12.74111827,55.66692192],[12.74164914,55.66677668]]],[[[12.7507595,55.66684087],[12.75071812,55.66683899],[12.75066343,55.66681288],[12.75063179,55.66678651],[12.7507595,55.66684087]]],[[[12.75013291,55.66785694],[12.75002478,55.66788579],[12.74994519,55.66789704],[12.74951786,55.6678424],[12.75013291,55.66785694]]],[[[12.75160512,55.66791216],[12.75160779,55.66793501],[12.75155342,55.66798865],[12.75159594,55.66804212],[12.75160512,55.66791216]]],[[[12.753105,55.66830904],[12.75309807,55.66832805],[12.75311562,55.66838164],[12.75311134,55.66839347],[12.753105,55.66830904]]],[[[12.77401965,55.66940634],[12.77384874,55.66941763],[12.77381076,55.66940495],[12.77379959,55.66939468],[12.77401965,55.66940634]]],[[[12.76127613,55.66984603],[12.76146345,55.66989289],[12.76149956,55.66991435],[12.76153284,55.66998249],[12.76127613,55.66984603]]],[[[12.76134598,55.67027337],[12.76137255,55.67028829],[12.76142664,55.67037926],[12.76147687,55.6704367],[12.76134598,55.67027337]]],[[[12.76192681,55.67008865],[12.76198168,55.67012977],[12.76209123,55.67015878],[12.76211334,55.67017689],[12.76192681,55.67008865]]],[[[12.77464586,55.67054305],[12.77456648,55.6705713],[12.77451444,55.67057614],[12.77438301,55.67056787],[12.77464586,55.67054305]]],[[[12.77380736,55.671529],[12.77332256,55.6715888],[12.7731976,55.67159822],[12.7730909,55.67159728],[12.77380736,55.671529]]],[[[12.76943888,55.67176502],[12.76225483,55.67168419],[12.76477358,55.67003165],[12.76067856,55.66959972],[12.7629841,55.66815302],[12.75846369,55.66950137],[12.75537275,55.66619911],[12.74092783,55.66734165],[12.74499197,55.66670877],[12.74212293,55.66401116],[12.74637481,55.66335892],[12.74242263,55.66395426],[12.74486712,55.66039009],[12.73718868,55.65658137],[12.74107571,55.65671817],[12.73826782,55.65206673],[12.74061414,55.65133087],[12.73002801,55.65145766],[12.74156758,55.64896275],[12.7360579,55.64642286],[12.73913646,55.6451399],[12.73502111,55.64446714],[12.73749881,55.64217667],[12.73365795,55.64259096],[12.73891389,55.64053654],[12.73260698,55.63920154],[12.73708893,55.63694515],[12.73343639,55.63613468],[12.73266746,55.63260988],[12.7347061,55.63483633],[12.73908026,55.63218262],[12.74020045,55.62938973],[12.73606971,55.63005971],[12.73570927,55.62727208],[12.73690258,55.6292222],[12.73823905,55.62708017],[12.73889017,55.62922874],[12.74339422,55.62802344],[12.74456517,55.62207422],[12.73859621,55.62392255],[12.74295297,55.61950596],[12.74546015,55.62107019],[12.74762829,55.61740329],[12.75377033,55.62139252],[12.75314154,55.61729682],[12.75809864,55.61746578],[12.75752574,55.61398077],[12.76079342,55.61423012],[12.76351901,55.60649456],[12.78166339,55.60640041],[12.78704267,55.60855844],[12.78687783,55.611832],[12.78753072,55.60902283],[12.7920543,55.60904276],[12.79351331,55.61189726],[12.78800103,55.61263124],[12.78931804,55.61419471],[12.78644139,55.61602392],[12.7841352,55.61429414],[12.78371232,55.61763132],[12.789305,55.62053015],[12.78279888,55.62305888],[12.78230253,55.62817904],[12.77889645,55.62752166],[12.78276257,55.62920456],[12.78119966,55.63222971],[12.78404352,55.6396011],[12.7803715,55.641202],[12.77652405,55.66708189],[12.76943557,55.67161333],[12.76943888,55.67176502]]]]}},{"type":"Feature","properties":{"kode":"0187","navn":"Vallensbæk"},"geometry":{"type":"MultiPolygon","coordinates":[[[[12.36763787,55.65431924],[12.35274737,55.65485945],[12.35420833,55.64925546],[12.34703921,55.64771677],[12.34133408,55.64195946],[12.3561403,55.62855512],[12.36736977,55.62403752],[12.37876093,55.61489456],[12.39610821,55.6095856],[12.40496802,55.61224602],[12.40338292,55.61837912],[12.36801129,55.65401803],[12.36763787,55.65431924]]]]}},{"type":"Feature","properties":{"kode":"0190","navn":"Furesø"},"geometry":{"type":"MultiPolygon","coordinates":[[[[12.36834905,55.85134669],[12.36086287,55.84991146],[12.35610042,55.84422484],[12.3569414,55.8402993],[12.34916416,55.83378216],[12.31416487,55.82427746],[12.31793435,55.81764593],[12.33331779,55.80946402],[12.33666284,55.80217937],[12.32845874,55.79378449],[12.30467122,55.79287962],[12.30482423,55.78985937],[12.31727294,55.78668136],[12.30844172,55.77703195],[12.29485133,55.77906861],[12.29343916,55.77146841],[12.30018619,55.76332118],[12.36031716,55.75382142],[12.37666139,55.75647108],[12.38028655,55.76119007],[12.39511257,55.75986334],[12.41016833,55.75238667],[12.41619657,55.75299742],[12.41930603,55.77298139],[12.42535202,55.77187744],[12.43878425,55.77645616],[12.4132863,55.77567637],[12.41613721,55.78111136],[12.41541326,55.79009],[12.41901952,55.79312424],[12.41213555,55.80152303],[12.4258683,55.81258322],[12.42637765,55.81709426],[12.42156966,55.8190066],[12.41963307,55.82652808],[12.40868903,55.82591676],[12.4092493,55.82795379],[12.39746839,55.83048539],[12.39626856,55.83804592],[12.37045208,55.84793399],[12.36831978,55.85103451],[12.36834905,55.85134669]]]]}},{"type":"Feature","properties":{"kode":"0201","navn":"Allerød"},"geometry":{"type":"MultiPolygon","coordinates":[[[[12.37769155,55.89726061],[12.3731154,55.8991679],[12.36087391,55.89217687],[12.35453969,55.89614714],[12.3216353,55.89067337],[12.31053454,55.89240575],[12.31137378,55.88749691],[12.31845725,55.88305411],[12.31561,55.88066556],[12.30704726,55.88136812],[12.30190015,55.88631327],[12.29324611,55.8823436],[12.27473027,55.88229946],[12.27965255,55.8767139],[12.27856415,55.86479631],[12.26187965,55.8581207],[12.26270721,55.85419729],[12.23424531,55.85337958],[12.23340244,55.84561916],[12.22548635,55.83892857],[12.21789078,55.83839519],[12.21690178,55.83411458],[12.21114111,55.83321055],[12.20744043,55.82782167],[12.23824033,55.81879742],[12.25416805,55.81915282],[12.26164033,55.8162721],[12.2781761,55.81675487],[12.28403714,55.82068237],[12.29715282,55.81992208],[12.32619277,55.81235939],[12.31793435,55.81764593],[12.31416487,55.82427746],[12.34916416,55.83378216],[12.3569414,55.8402993],[12.35610042,55.84422484],[12.36087477,55.84991788],[12.36843382,55.85150251],[12.37045208,55.84793399],[12.39769236,55.83887537],[12.39652183,55.84202446],[12.40185313,55.84235697],[12.3983329,55.84723892],[12.40168808,55.85047468],[12.40885448,55.84748767],[12.41283539,55.8500864],[12.41691571,55.86246551],[12.4262968,55.86886027],[12.39811619,55.87749747],[12.40345023,55.87947813],[12.40232576,55.88687027],[12.39506361,55.88779284],[12.38835373,55.89705495],[12.37807278,55.89723935],[12.37769155,55.89726061]]]]}},{"type":"Feature","properties":{"kode":"0210","navn":"Fredensborg"},"geometry":{"type":"MultiPolygon","coordinates":[[[[12.42039444,56.00452325],[12.41615913,56.00499376],[12.40992189,56.01131535],[12.38962112,56.01429964],[12.37847772,56.00296837],[12.3668017,55.98487034],[12.36748675,55.97126213],[12.35790848,55.96815701],[12.36358363,55.95385376],[12.34606144,55.94896666],[12.35619604,55.94186668],[12.3670504,55.94039172],[12.37439796,55.92883209],[12.37030632,55.92735203],[12.39469272,55.91109028],[12.3731154,55.8991679],[12.38835373,55.89705495],[12.39739409,55.88701775],[12.40896296,55.89000111],[12.41033275,55.8937889],[12.41391052,55.89442826],[12.42301093,55.88896961],[12.43726286,55.89414491],[12.43727384,55.89659558],[12.45046204,55.89384026],[12.45226074,55.8967459],[12.46276868,55.89510733],[12.46359088,55.8990368],[12.47888342,55.90285818],[12.51088097,55.90545193],[12.51510229,55.91162803],[12.52287304,55.91339492],[12.51765542,55.9195055],[12.51788703,55.92483912],[12.51994588,55.92770756],[12.52709395,55.92832505],[12.52141506,55.93199658],[12.52377288,55.93574152],[12.52847979,55.93557051],[12.52691337,55.93677728],[12.52994973,55.93966026],[12.52365789,55.93996842],[12.52994877,55.94001923],[12.52747643,55.94324924],[12.53428962,55.95264329],[12.53817805,55.95357296],[12.53526646,55.95354522],[12.54773824,55.97145826],[12.54508864,55.97119686],[12.54862807,55.97698428],[12.5406421,55.98085956],[12.52222913,55.9757789],[12.51929547,55.97706285],[12.52308121,55.9829199],[12.51917794,55.98651051],[12.49952446,55.98413536],[12.49060513,55.9886007],[12.48211742,55.98641891],[12.47995937,55.98228842],[12.47549473,55.98241081],[12.47265344,55.98816402],[12.47497889,55.99103944],[12.47028153,55.99294071],[12.4726865,55.9942091],[12.47455134,56.00541989],[12.46853801,56.00768895],[12.43790888,56.0034665],[12.43296292,55.99871306],[12.42113111,56.00448482],[12.42039444,56.00452325]]]]}},{"type":"Feature","properties":{"kode":"0217","navn":"Helsingør"},"geometry":{"type":"MultiPolygon","coordinates":[[[[12.45844461,56.09623447],[12.44317402,56.09278757],[12.41704515,56.09663508],[12.41358177,56.08590519],[12.41563414,56.08127122],[12.40962988,56.07701297],[12.41337214,56.07199828],[12.41042894,56.06826409],[12.41180401,56.06450366],[12.40788615,56.06604712],[12.40121495,56.0626626],[12.40761902,56.05945136],[12.40124455,56.05749889],[12.39946363,56.05329283],[12.39488254,56.03229595],[12.39986077,56.02662018],[12.38860095,56.01886105],[12.38962112,56.01429964],[12.41066205,56.01104752],[12.41615913,56.00499376],[12.42414666,56.00409435],[12.42937708,55.99864283],[12.43445887,55.9988323],[12.43790888,56.0034665],[12.46853801,56.00768895],[12.47455134,56.00541989],[12.4726865,55.9942091],[12.47028153,55.99294071],[12.47497889,55.99103944],[12.47265344,55.98816402],[12.47549473,55.98241081],[12.47995937,55.98228842],[12.48211742,55.98641891],[12.49060513,55.9886007],[12.49952446,55.98413536],[12.51917794,55.98651051],[12.52308121,55.9829199],[12.51929547,55.97706285],[12.52222913,55.9757789],[12.5406421,55.98085956],[12.54862807,55.97698428],[12.56573207,55.99659089],[12.59705579,56.01293616],[12.60909,56.02881216],[12.62006709,56.03437401],[12.61540964,56.03373584],[12.61550239,56.03821482],[12.61938668,56.03492144],[12.62448307,56.03879038],[12.61705657,56.04137769],[12.61821055,56.04383441],[12.61056174,56.04224827],[12.61811231,56.04474203],[12.60561252,56.04422916],[12.53937607,56.08007924],[12.4983365,56.091364],[12.46337192,56.09308415],[12.45920757,56.09616696],[12.45672984,56.09341576],[12.45848224,56.09622362],[12.45844461,56.09623447]]],[[[12.59044457,56.00807532],[12.59047546,56.00808647],[12.59052382,56.0081337],[12.59062708,56.00832275],[12.59044457,56.00807532]]],[[[12.54188672,56.0791002],[12.54191337,56.07910852],[12.54191974,56.07912012],[12.54191744,56.07913529],[12.54188672,56.0791002]]],[[[12.54112426,56.07945361],[12.54114117,56.07946796],[12.54114353,56.07948138],[12.54113658,56.07949498],[12.54112426,56.07945361]]],[[[12.54030889,56.079807],[12.54032499,56.07981778],[12.54033391,56.07982562],[12.54034095,56.07983746],[12.54030889,56.079807]]],[[[12.53957903,56.08011999],[12.53959528,56.08012888],[12.5396035,56.08014492],[12.5396019,56.08015377],[12.53957903,56.08011999]]],[[[12.5386848,56.08041693],[12.53870351,56.08042457],[12.53870681,56.08043428],[12.53870735,56.08044361],[12.5386848,56.08041693]]],[[[12.53781225,56.08067861],[12.53782298,56.08068163],[12.53784175,56.08069521],[12.53784198,56.08070294],[12.53781225,56.08067861]]],[[[12.53694511,56.08093978],[12.53695148,56.08094085],[12.53695938,56.0809516],[12.53695972,56.08096058],[12.53694511,56.08093978]]],[[[12.53602836,56.08117727],[12.5360617,56.08117974],[12.53607551,56.08118653],[12.53608011,56.08119809],[12.53602836,56.08117727]]],[[[12.53515711,56.08144124],[12.53519367,56.08145953],[12.53519227,56.08147755],[12.53515215,56.08148886],[12.53515711,56.08144124]]],[[[12.53411587,56.08166988],[12.53413575,56.08168685],[12.53411706,56.08171804],[12.5340207,56.08174913],[12.53411587,56.08166988]]],[[[12.53327455,56.08186069],[12.533277,56.0818786],[12.53324924,56.08190385],[12.53300634,56.08197465],[12.53327455,56.08186069]]],[[[12.5325115,56.08204233],[12.53251157,56.08206067],[12.53243553,56.08208361],[12.53231582,56.08211438],[12.5325115,56.08204233]]],[[[12.53153433,56.08230193],[12.53155739,56.08232024],[12.53153475,56.08233635],[12.53147897,56.08234532],[12.53153433,56.08230193]]],[[[12.53067323,56.08253338],[12.53068261,56.08255497],[12.53062448,56.08259098],[12.53054833,56.08262508],[12.53067323,56.08253338]]],[[[12.52165921,56.08522083],[12.52167698,56.08522697],[12.52168803,56.08523709],[12.52168444,56.0852505],[12.52165921,56.08522083]]],[[[12.52075057,56.08553872],[12.52075737,56.08554796],[12.52073214,56.08556577],[12.52070159,56.08557114],[12.52075057,56.08553872]]]]}},{"type":"Feature","properties":{"kode":"0219","navn":"Hillerød"},"geometry":{"type":"MultiPolygon","coordinates":[[[[12.36150804,56.0032168],[12.28225667,56.00269681],[12.28755602,55.99625948],[12.27256363,55.99129784],[12.27188164,55.98749448],[12.26685028,55.98733961],[12.26665861,55.9910127],[12.25922181,55.98894564],[12.25104508,55.99183599],[12.24935385,55.98855067],[12.23438775,55.99323177],[12.22699305,55.99230506],[12.22161733,55.99091984],[12.22225075,55.9851637],[12.2184321,55.98026206],[12.20540442,55.97837293],[12.20286439,55.97382891],[12.19750673,55.97236751],[12.17029712,55.96849273],[12.16484516,55.97111791],[12.12593957,55.97254244],[12.10789487,55.9597768],[12.09500139,55.9573705],[12.08553224,55.94911837],[12.08621882,55.93623869],[12.07993908,55.93250218],[12.08913314,55.92212173],[12.10689864,55.92160954],[12.10873962,55.91700441],[12.11519209,55.9142594],[12.11661917,55.9058265],[12.08818915,55.89484758],[12.09660139,55.8920944],[12.09424149,55.88618875],[12.11023068,55.88150761],[12.11592847,55.87175646],[12.11980936,55.87123041],[12.12007486,55.86745171],[12.15474287,55.87237752],[12.16326267,55.87840058],[12.17674325,55.87942459],[12.20093115,55.86761368],[12.2077392,55.84660461],[12.23340244,55.84561916],[12.23424531,55.85337958],[12.26270721,55.85419729],[12.26187965,55.8581207],[12.27856415,55.86479631],[12.27965255,55.8767139],[12.27473027,55.88229946],[12.29324611,55.8823436],[12.30190015,55.88631327],[12.30704726,55.88136812],[12.31561,55.88066556],[12.31845725,55.88305411],[12.31137378,55.88749691],[12.31053454,55.89240575],[12.3216353,55.89067337],[12.35453969,55.89614714],[12.36087391,55.89217687],[12.39469272,55.91109028],[12.37030632,55.92735203],[12.37439796,55.92883209],[12.3670504,55.94039172],[12.35619604,55.94186668],[12.34606144,55.94896666],[12.36358363,55.95385376],[12.35790848,55.96815701],[12.36748675,55.97126213],[12.3668017,55.98487034],[12.37758233,56.00163136],[12.36150804,56.0032168]]]]}},{"type":"Feature","properties":{"kode":"0223","navn":"Hørsholm"},"geometry":{"type":"MultiPolygon","coordinates":[[[[12.52371065,55.91249571],[12.51510229,55.91162803],[12.51120383,55.90558487],[12.50495501,55.90403152],[12.48521039,55.90400395],[12.46360803,55.89904252],[12.46276868,55.89510733],[12.45226074,55.8967459],[12.45046204,55.89384026],[12.43727384,55.89659558],[12.43726286,55.89414491],[12.42301093,55.88896961],[12.41182169,55.89421065],[12.40896296,55.89000111],[12.39754318,55.88704141],[12.40232576,55.88687027],[12.40345024,55.87947822],[12.39811619,55.87749747],[12.426737,55.86741608],[12.44170024,55.86521142],[12.46126341,55.86776024],[12.4704952,55.87454275],[12.46841727,55.8781237],[12.47989569,55.87493308],[12.49271773,55.87720237],[12.49234351,55.87386769],[12.49726475,55.87494174],[12.49748319,55.86486989],[12.51187203,55.86602476],[12.5383657,55.86251847],[12.5368082,55.85876177],[12.53972838,55.85675075],[12.54438495,55.86197345],[12.56231579,55.86265572],[12.54569007,55.88166824],[12.54954925,55.88635387],[12.54907548,55.88378087],[12.54496085,55.88326952],[12.54863454,55.88590993],[12.54410783,55.88692847],[12.54895953,55.88619781],[12.54162152,55.88863619],[12.52386012,55.9123294],[12.52371065,55.91249571]]],[[[12.5417834,55.8539897],[12.53959722,55.85243105],[12.54407932,55.8526915],[12.54186972,55.85398442],[12.5417834,55.8539897]]],[[[12.54159153,55.85509336],[12.541626,55.85515764],[12.54163554,55.85519046],[12.54164138,55.85521061],[12.54159153,55.85509336]]]]}},{"type":"Feature","properties":{"kode":"0230","navn":"Rudersdal"},"geometry":{"type":"MultiPolygon","coordinates":[[[[12.47375385,55.87737406],[12.46841727,55.8781237],[12.4704952,55.87454275],[12.46045565,55.86744481],[12.42222632,55.86590543],[12.41691571,55.86246551],[12.4143506,55.851358],[12.40885448,55.84748767],[12.40168808,55.85047468],[12.3983329,55.84723892],[12.40185313,55.84235697],[12.39652183,55.84202446],[12.39769236,55.83887537],[12.39492228,55.84138849],[12.39279041,55.83963135],[12.39626856,55.83804592],[12.39702707,55.83073872],[12.4092493,55.82795379],[12.40868903,55.82591676],[12.41956389,55.82656058],[12.42156966,55.8190066],[12.42637765,55.81709426],[12.4258683,55.81258322],[12.41213555,55.80152303],[12.41646746,55.79513815],[12.43516565,55.80215872],[12.43951282,55.8021055],[12.43909947,55.79963199],[12.45329836,55.79950895],[12.4732484,55.80210646],[12.47546095,55.80175786],[12.47317224,55.79703723],[12.47782727,55.79678252],[12.48924719,55.80106348],[12.49105108,55.79720095],[12.49407323,55.79989498],[12.51135722,55.80067664],[12.52108339,55.80421636],[12.53815325,55.80266342],[12.55080925,55.80741011],[12.5610412,55.80589016],[12.56947704,55.80970675],[12.58241138,55.80787555],[12.57635096,55.81493249],[12.57468115,55.84279229],[12.57242942,55.84618036],[12.57557073,55.8502079],[12.57338344,55.85131355],[12.5753236,55.84957992],[12.57185875,55.84838803],[12.57042467,55.85043995],[12.57354001,55.85079072],[12.56958308,55.85168303],[12.56231579,55.86265572],[12.54438495,55.86197345],[12.53972838,55.85675075],[12.5368082,55.85876177],[12.5383657,55.86251847],[12.51187203,55.86602476],[12.49748319,55.86486989],[12.49726475,55.87494174],[12.49234351,55.87386769],[12.49271773,55.87720237],[12.47989569,55.87493308],[12.47386328,55.87736549],[12.47375385,55.87737406]],[[12.54078972,55.85452823],[12.54043822,55.85457756],[12.54000178,55.85465784],[12.53942182,55.85476131],[12.54078972,55.85452823]],[[12.54004283,55.85308746],[12.54006542,55.85309508],[12.54019676,55.8533017],[12.54037995,55.85357039],[12.54004283,55.85308746]]]]}},{"type":"Feature","properties":{"kode":"0240","navn":"Egedal"},"geometry":{"type":"MultiPolygon","coordinates":[[[[12.21176762,55.82777494],[12.18895034,55.81815282],[12.17039875,55.8275289],[12.15198952,55.82145427],[12.12467515,55.82235296],[12.12825077,55.81993949],[12.12799147,55.81426827],[12.13542313,55.81147676],[12.13442485,55.80671963],[12.13077347,55.80138643],[12.12634353,55.80121163],[12.12916719,55.79740236],[12.12409443,55.79594334],[12.11951333,55.7859879],[12.11055186,55.78469627],[12.11112362,55.77591047],[12.10867626,55.77478628],[12.11133819,55.76962982],[12.13847781,55.75761595],[12.15087232,55.7560611],[12.15803748,55.74798811],[12.19234206,55.74640871],[12.20599865,55.7512691],[12.21781632,55.74798632],[12.22605943,55.74307413],[12.2271877,55.74015581],[12.22172396,55.73772175],[12.22785789,55.73523016],[12.20859392,55.7297472],[12.22081015,55.72504632],[12.2288104,55.71705449],[12.2501295,55.71017926],[12.25243198,55.70537235],[12.2702885,55.70400787],[12.31099962,55.69369165],[12.33656855,55.70147495],[12.34229959,55.7110736],[12.32328712,55.71729548],[12.32057584,55.7285859],[12.32412715,55.7325869],[12.3336452,55.73404798],[12.33117599,55.74249418],[12.31641069,55.74064107],[12.31202107,55.74707852],[12.31367848,55.74859631],[12.3061108,55.75062261],[12.28826523,55.75154739],[12.26350052,55.74768024],[12.26979934,55.75239861],[12.26689043,55.75619774],[12.27492269,55.75976766],[12.28896964,55.75739507],[12.2978402,55.75996593],[12.30002281,55.76345216],[12.29343916,55.77146841],[12.29485133,55.77906861],[12.30844172,55.77703195],[12.31727294,55.78668136],[12.30482423,55.78985937],[12.30467122,55.79287962],[12.3303846,55.79448985],[12.33666284,55.80217937],[12.33331779,55.80946402],[12.30543682,55.81898063],[12.28403714,55.82068237],[12.2781761,55.81675487],[12.26132821,55.81628029],[12.25416805,55.81915282],[12.23105804,55.81997309],[12.21236184,55.82755092],[12.21176762,55.82777494]]]]}},{"type":"Feature","properties":{"kode":"0250","navn":"Frederikssund"},"geometry":{"type":"MultiPolygon","coordinates":[[[[11.90517312,55.9373428],[11.90657348,55.93217206],[11.90191571,55.91842847],[11.91625744,55.90466948],[11.92042192,55.90427003],[11.91983526,55.90061743],[11.93117919,55.89129193],[11.92903052,55.88075602],[11.9325032,55.87542792],[11.94493784,55.87094109],[11.96013175,55.85068241],[11.95429786,55.83802756],[11.94884927,55.8329828],[11.94851182,55.82792292],[11.94229565,55.82191482],[11.93542656,55.82145096],[11.93395266,55.81768069],[11.92140316,55.81663784],[11.91312853,55.82046798],[11.87605027,55.8123123],[11.87511472,55.81036848],[11.87731122,55.81238733],[11.87704145,55.80931478],[11.8806111,55.80760686],[11.87868159,55.80095425],[11.86441119,55.79639274],[11.86050036,55.78883577],[11.86264196,55.78262547],[11.85737918,55.77253677],[11.85974177,55.76945623],[11.85881317,55.7628212],[11.85337082,55.75569629],[11.84596576,55.7561085],[11.85057187,55.75111989],[11.8565996,55.75169889],[11.85448876,55.74197937],[11.85647134,55.73691222],[11.88965622,55.73698704],[11.90520622,55.73137105],[11.92100814,55.73625005],[11.92207059,55.74491233],[11.9355543,55.74550521],[11.94796087,55.74189391],[11.94695834,55.73953337],[11.95771633,55.73440926],[11.98121868,55.73009211],[11.98586282,55.73204528],[11.98970641,55.74089524],[11.99668213,55.73152354],[12.00723745,55.73423314],[12.00912995,55.72462271],[12.00723363,55.72280252],[12.01347619,55.72205428],[12.01381749,55.71935711],[12.02577105,55.72771734],[12.03350439,55.72799835],[12.03523728,55.73134014],[12.03997425,55.72941621],[12.05556506,55.73357364],[12.06247118,55.72997714],[12.06522934,55.73829106],[12.06169066,55.74015948],[12.06286537,55.74786286],[12.06057055,55.74959025],[12.06366797,55.75287096],[12.05454119,55.75648945],[12.06368698,55.7603589],[12.06748004,55.76660307],[12.0612801,55.77048655],[12.05522604,55.77860754],[12.05732849,55.78030009],[12.05248075,55.78300814],[12.05609769,55.79476176],[12.05942183,55.79732576],[12.04889968,55.79928921],[12.04552811,55.79644409],[12.04236208,55.79744993],[12.04006539,55.80534911],[12.05265983,55.80988784],[12.05013685,55.81255936],[12.04140676,55.81300228],[12.03604365,55.81971368],[12.03818078,55.82493207],[12.0355304,55.82751831],[12.04755787,55.83314134],[12.03667538,55.82913032],[12.03455981,55.83294527],[12.03678687,55.83825226],[12.03347975,55.84128815],[12.03928183,55.84324147],[12.03308419,55.84177446],[12.02985503,55.85132144],[12.00147513,55.85849098],[11.99708031,55.86386883],[12.00181055,55.87263979],[11.99920732,55.87543823],[12.00101589,55.88284145],[12.00806772,55.88440809],[12.0109159,55.89017435],[12.02498446,55.89982826],[12.03217667,55.90166233],[12.02627525,55.90067221],[12.02294652,55.90806027],[12.01087821,55.91080898],[12.00473055,55.91519049],[11.98341981,55.9135188],[11.96438704,55.92954679],[11.90520555,55.93732244],[11.90517312,55.9373428]]],[[[12.01717122,55.71811888],[12.01710567,55.7181445],[12.01700365,55.718164],[12.01695114,55.7181687],[12.01717122,55.71811888]]],[[[12.09679329,55.72188856],[12.09677788,55.72193732],[12.09677724,55.72198768],[12.09679509,55.72205007],[12.09679329,55.72188856]]],[[[11.99757668,55.723922],[11.99762049,55.72405506],[11.99773048,55.72427415],[11.99779208,55.72442323],[11.99757668,55.723922]]],[[[11.99709361,55.72698729],[11.99718531,55.7270656],[11.99749548,55.72756226],[11.99761301,55.72779241],[11.99709361,55.72698729]]],[[[12.0688271,55.72827166],[12.06884801,55.72829038],[12.06885315,55.72829906],[12.0688394,55.72830453],[12.0688271,55.72827166]]],[[[12.06866979,55.72885518],[12.06868982,55.72885864],[12.06871923,55.72886797],[12.06877753,55.72889429],[12.06866979,55.72885518]]],[[[12.0737696,55.74027407],[12.07374606,55.740301],[12.07374387,55.74032991],[12.07374239,55.74038191],[12.0737696,55.74027407]]],[[[12.0775623,55.74401277],[12.07435643,55.74143545],[12.07584479,55.73882323],[12.06759043,55.73468857],[12.06982942,55.72918795],[12.07338824,55.72881678],[12.07048791,55.7270268],[12.09119162,55.72912461],[12.09761012,55.7245347],[12.09866722,55.72830105],[12.08662594,55.73215132],[12.08815903,55.73531782],[12.08451631,55.73912951],[12.08630095,55.73961642],[12.0776019,55.74395514],[12.0775623,55.74401277]]],[[[12.05349407,55.78345628],[12.05348193,55.78347043],[12.05344298,55.78347211],[12.05340544,55.78346532],[12.05349407,55.78345628]]],[[[12.06782573,55.793021],[12.06765463,55.79304685],[12.06758027,55.79305895],[12.0675307,55.7930557],[12.06782573,55.793021]]],[[[12.06795693,55.79339863],[12.06775983,55.79342459],[12.06770813,55.79330299],[12.06790749,55.79327922],[12.06795693,55.79339863]]],[[[12.06134505,55.79353533],[12.06135849,55.79354795],[12.06136645,55.79360465],[12.06138414,55.79361455],[12.06134505,55.79353533]]],[[[12.06311472,55.79477643],[12.06298472,55.79475891],[12.06291258,55.79475064],[12.06282679,55.79475754],[12.06311472,55.79477643]]],[[[11.87461801,55.79940674],[11.87458626,55.79944371],[11.87448281,55.79960111],[11.8744346,55.79967892],[11.87461801,55.79940674]]],[[[11.86802717,55.80049115],[11.86792431,55.80049652],[11.8678637,55.80049038],[11.86780158,55.80048985],[11.86802717,55.80049115]]],[[[12.07458008,55.79499789],[12.07457507,55.79503757],[12.07456482,55.79507154],[12.07454357,55.79510758],[12.07458008,55.79499789]]],[[[11.86544682,55.80116982],[11.86540517,55.80119587],[11.8653407,55.80125895],[11.86530176,55.8013306],[11.86544682,55.80116982]]],[[[11.85977083,55.8025076],[11.85970449,55.80251706],[11.85958657,55.80255441],[11.85951777,55.8025739],[11.85977083,55.8025076]]],[[[11.85864671,55.80296174],[11.85861516,55.8030103],[11.85858445,55.80303771],[11.85849364,55.80307695],[11.85864671,55.80296174]]],[[[11.85762535,55.80340503],[11.85766121,55.80347179],[11.85767456,55.80350151],[11.85764383,55.80353728],[11.85762535,55.80340503]]],[[[12.05195233,55.79848452],[12.05196264,55.79850404],[12.0519599,55.79853018],[12.05195022,55.79856152],[12.05195233,55.79848452]]],[[[11.85548033,55.80378911],[11.8555241,55.80380931],[11.855553,55.80383992],[11.85546795,55.80386194],[11.85548033,55.80378911]]],[[[12.06014235,55.79918987],[12.06015828,55.7992159],[12.06010602,55.79924552],[12.05995622,55.79927074],[12.06014235,55.79918987]]],[[[12.04895669,55.79949366],[12.04894198,55.79952396],[12.04895421,55.79953544],[12.04895498,55.79955142],[12.04895669,55.79949366]]],[[[11.86504723,55.80386102],[11.86509429,55.80392366],[11.86511845,55.80401128],[11.8652331,55.8040425],[11.86504723,55.80386102]]],[[[11.86220456,55.80375323],[11.86221249,55.80378073],[11.86224484,55.80382349],[11.86227374,55.80384978],[11.86220456,55.80375323]]],[[[11.85426984,55.80416989],[11.85438845,55.80419428],[11.85461304,55.80424255],[11.85481493,55.8042837],[11.85426984,55.80416989]]],[[[11.87747338,55.80854039],[11.87748488,55.80854488],[11.87749414,55.80855132],[11.8774998,55.80855892],[11.87747338,55.80854039]]],[[[12.06166406,55.80397292],[12.06157102,55.80405452],[12.06150448,55.80417872],[12.06144805,55.80424062],[12.06166406,55.80397292]]],[[[12.05000658,55.81334049],[12.04999616,55.81336044],[12.04997497,55.81343037],[12.04994614,55.81353321],[12.05000658,55.81334049]]],[[[12.0652434,55.81742805],[12.06525812,55.81743451],[12.0652798,55.81744017],[12.06532758,55.81744878],[12.0652434,55.81742805]]],[[[11.94754522,55.82838668],[11.94761758,55.82843106],[11.94768642,55.82845018],[11.94768332,55.82849358],[11.94754522,55.82838668]]],[[[12.05607249,55.83536451],[12.05607419,55.83536995],[12.05604327,55.83537279],[12.05603922,55.83535788],[12.05607249,55.83536451]]],[[[12.01980449,55.85411145],[12.02002269,55.85423968],[12.0202748,55.85438263],[12.02036299,55.85448933],[12.01980449,55.85411145]]],[[[11.99914666,55.86282626],[11.999177,55.86285069],[11.99920331,55.86287468],[11.99921609,55.86290161],[11.99914666,55.86282626]]],[[[11.9985444,55.86340775],[11.99853612,55.86341442],[11.99853428,55.8634257],[11.99853839,55.86343963],[11.9985444,55.86340775]]],[[[12.06190425,55.8622134],[12.0617667,55.86223679],[12.06162296,55.86227093],[12.0613142,55.86235116],[12.06190425,55.8622134]]],[[[12.00801759,55.87918953],[12.00692282,55.87732144],[12.01077242,55.87450483],[12.00898966,55.87395324],[12.01280205,55.87207797],[12.01137541,55.87768789],[12.00817159,55.87912949],[12.00801759,55.87918953]]],[[[12.00635767,55.87999064],[12.00626428,55.88001548],[12.00620223,55.88000936],[12.0061363,55.87997573],[12.00635767,55.87999064]]],[[[12.01204214,55.89021025],[12.01204997,55.89024323],[12.01203442,55.89028407],[12.01199516,55.89030382],[12.01204214,55.89021025]]],[[[12.11261749,55.87805161],[12.11023068,55.88150761],[12.09408341,55.88629476],[12.09660139,55.8920944],[12.08818915,55.89484758],[12.07801161,55.89143906],[12.07743349,55.88650772],[12.06766795,55.88387504],[12.07010792,55.87873263],[12.06478308,55.87872239],[12.06698922,55.87734004],[12.06344599,55.86724756],[12.06495222,55.86076507],[12.04672405,55.85792964],[12.04128686,55.84375258],[12.05065247,55.84184878],[12.05447198,55.83834498],[12.05274245,55.83561518],[12.05645929,55.83661663],[12.05727088,55.83483343],[12.05254353,55.83275208],[12.05689958,55.83167507],[12.05605914,55.82624188],[12.06273065,55.82846606],[12.06113782,55.82727169],[12.06919888,55.81256887],[12.06707973,55.80988622],[12.07967562,55.79861604],[12.07764257,55.79368355],[12.07351627,55.79360651],[12.07537632,55.78930157],[12.07346579,55.78674444],[12.09796835,55.77710955],[12.11109463,55.77586895],[12.11055186,55.78469627],[12.11951333,55.7859879],[12.12409443,55.79594334],[12.12916719,55.79740236],[12.12568304,55.80016634],[12.13077347,55.80138643],[12.13542313,55.81147676],[12.12799147,55.81426827],[12.12825077,55.81993949],[12.12467515,55.82235296],[12.15198952,55.82145427],[12.17039875,55.8275289],[12.18895034,55.81815282],[12.19481175,55.82256607],[12.20065918,55.82208028],[12.20735915,55.82965425],[12.21117425,55.83009909],[12.2099487,55.83234751],[12.21690178,55.83411458],[12.21800898,55.83846636],[12.22548635,55.83892857],[12.23129129,55.84581842],[12.2077392,55.84660461],[12.20093115,55.86761368],[12.17674325,55.87942459],[12.16326267,55.87840058],[12.15474287,55.87237752],[12.12396873,55.86694399],[12.12007486,55.86745171],[12.11980936,55.87123041],[12.11603212,55.87165512],[12.11273744,55.87746853],[12.11261749,55.87805161]]],[[[12.02083602,55.90891371],[12.02085394,55.90894653],[12.02087549,55.90897872],[12.02088658,55.90901018],[12.02083602,55.90891371]]],[[[11.89544447,55.91779025],[11.89005496,55.91395578],[11.9005131,55.91671903],[11.89546882,55.91778195],[11.89544447,55.91779025]]]]}},{"type":"Feature","properties":{"kode":"0253","navn":"Greve"},"geometry":{"type":"MultiPolygon","coordinates":[[[[12.27920865,55.62139141],[12.27068424,55.62153479],[12.2431805,55.61346436],[12.23503202,55.6210551],[12.23126548,55.62108452],[12.23033545,55.61692576],[12.21522948,55.61766881],[12.21536886,55.61249158],[12.21153385,55.61160012],[12.2095142,55.60455323],[12.15959351,55.61282046],[12.14592383,55.60077417],[12.13799171,55.58589786],[12.1831745,55.57748362],[12.18019046,55.57143991],[12.18450242,55.56667415],[12.20189073,55.56566666],[12.2175878,55.5581025],[12.22699425,55.55876734],[12.24811945,55.55329179],[12.25492349,55.55359579],[12.28203085,55.56609148],[12.28751454,55.56570864],[12.28503993,55.56618162],[12.28785159,55.56666575],[12.28541453,55.56783759],[12.28751168,55.56993112],[12.30288179,55.57731045],[12.34454171,55.58951659],[12.35158822,55.59083737],[12.35504122,55.58857517],[12.35597093,55.59165137],[12.3632346,55.59403791],[12.3574931,55.59903938],[12.36042345,55.60078054],[12.33705352,55.60787592],[12.30084309,55.61282683],[12.29381684,55.61747099],[12.28805975,55.61598072],[12.27929986,55.6213344],[12.27920865,55.62139141]]]]}},{"type":"Feature","properties":{"kode":"0259","navn":"Køge"},"geometry":{"type":"MultiPolygon","coordinates":[[[[11.97142782,55.53335848],[11.96979047,55.53519018],[11.96153167,55.53296718],[11.95909581,55.52948396],[11.94224655,55.52918994],[11.93739679,55.52665439],[11.91387323,55.529879],[11.91257101,55.52671087],[11.91629052,55.52276901],[11.91290738,55.52109457],[11.91101472,55.51421626],[11.92256772,55.51220986],[11.92056199,55.50568813],[11.91664116,55.50477172],[11.91641345,55.49661894],[11.92264921,55.49417397],[11.92122735,55.49021013],[11.92888881,55.47975744],[11.92944133,55.47675848],[11.92679359,55.47572122],[11.93928224,55.46992606],[11.93808036,55.46139838],[11.94549683,55.46092342],[11.93522413,55.45131918],[11.93258363,55.43905874],[11.93596602,55.43247366],[11.95750358,55.42377327],[11.95573375,55.42125805],[11.95895142,55.41773269],[11.9587025,55.41194381],[11.95424019,55.40958191],[11.96243892,55.40180851],[11.97924518,55.40468917],[12.00279179,55.40188317],[12.00381066,55.39822988],[12.01698025,55.40102743],[12.02383647,55.39568541],[12.04909345,55.39374258],[12.05360124,55.3888902],[12.06606875,55.38508393],[12.06186459,55.38277265],[12.06115767,55.37649574],[12.07437519,55.37436886],[12.08038979,55.36828812],[12.08716132,55.37435513],[12.0891492,55.37115442],[12.10805222,55.37601385],[12.11049616,55.37230624],[12.1159835,55.37361827],[12.11696423,55.37103992],[12.12596948,55.37214715],[12.13169568,55.36930481],[12.14008407,55.37128676],[12.14100638,55.37522136],[12.13852511,55.37611309],[12.14108616,55.37828188],[12.14874329,55.37645034],[12.15587668,55.38092802],[12.17030856,55.3741397],[12.18197145,55.37893843],[12.18826299,55.37684379],[12.19301497,55.38498006],[12.1874244,55.3955995],[12.19496873,55.40331426],[12.19358495,55.40568678],[12.20121369,55.4069123],[12.20178738,55.40967795],[12.21375669,55.40986392],[12.21693381,55.41636072],[12.23101599,55.41551577],[12.22794107,55.42088888],[12.2215615,55.42245627],[12.19989998,55.44377583],[12.19786721,55.45186208],[12.21123916,55.45704932],[12.19976008,55.45293667],[12.18561197,55.45260239],[12.1882212,55.45497221],[12.1987664,55.45395399],[12.19475657,55.45636549],[12.20230934,55.4578901],[12.20277041,55.46663628],[12.20568633,55.46582813],[12.20568957,55.45836948],[12.2117927,55.4582622],[12.20119035,55.4716097],[12.20222887,55.46923467],[12.20015347,55.47092639],[12.19358088,55.46835062],[12.19878343,55.46988919],[12.19753742,55.47272022],[12.20065375,55.47191747],[12.19832976,55.47689341],[12.21663056,55.50960723],[12.20349417,55.49010114],[12.19925785,55.49235988],[12.20384728,55.49756795],[12.20153596,55.50017651],[12.20623678,55.50459256],[12.20352298,55.50527546],[12.20427203,55.50735356],[12.209152,55.50855972],[12.20144185,55.5128021],[12.18096777,55.50959501],[12.15276682,55.51431546],[12.13755769,55.51313516],[12.11216564,55.52298207],[12.11030598,55.52596956],[12.09096395,55.52402844],[12.06594795,55.52848845],[12.05389461,55.52147152],[12.03627423,55.52414439],[12.02909689,55.5210382],[12.02605882,55.51608102],[12.02071798,55.51982231],[12.02417232,55.52083462],[12.02414362,55.52561116],[12.00889916,55.53104088],[11.99283484,55.52541664],[11.97665775,55.5294577],[11.97148675,55.53333701],[11.97142782,55.53335848]]],[[[12.19899962,55.47086343],[12.19902045,55.47086855],[12.19903275,55.47087578],[12.19904322,55.47088782],[12.19899962,55.47086343]]],[[[12.20268302,55.49035946],[12.2027081,55.49038946],[12.20270644,55.49044111],[12.20264843,55.490499],[12.20268302,55.49035946]]],[[[12.20241227,55.4908044],[12.20246877,55.49090937],[12.20248418,55.49101524],[12.20241221,55.4910592],[12.20241227,55.4908044]]],[[[12.20184511,55.49167309],[12.20184318,55.49172151],[12.2018083,55.49178536],[12.20176464,55.49180736],[12.20184511,55.49167309]]],[[[12.20127786,55.49232448],[12.20124413,55.49234586],[12.20126555,55.49236589],[12.20125703,55.49238391],[12.20127786,55.49232448]]],[[[12.20320423,55.49705299],[12.20312056,55.49709132],[12.20297601,55.49713286],[12.20290674,55.49711849],[12.20320423,55.49705299]]],[[[12.20431989,55.49935488],[12.20446414,55.49938356],[12.20454629,55.49943554],[12.20456662,55.4994947],[12.20431989,55.49935488]]],[[[12.21292405,55.50877874],[12.21292596,55.50881582],[12.21291564,55.50883884],[12.21288834,55.50885376],[12.21292405,55.50877874]]]]}},{"type":"Feature","properties":{"kode":"0260","navn":"Halsnæs"},"geometry":{"type":"MultiPolygon","coordinates":[[[[12.01281662,56.02869437],[12.00872322,56.03101135],[11.94335826,56.00900188],[11.88956239,55.98679095],[11.85649495,55.9773671],[11.84863938,55.9686974],[11.8423858,55.96615933],[11.84794544,55.96560239],[11.84403484,55.96458062],[11.84810244,55.96312019],[11.84180031,55.96308454],[11.84296156,55.96516191],[11.84114382,55.9597044],[11.84642366,55.96114498],[11.84825269,55.95736303],[11.84320553,55.95862298],[11.85113359,55.95561602],[11.85366693,55.94572534],[11.86783279,55.93990984],[11.8649644,55.94238824],[11.86996226,55.94208811],[11.86602551,55.94259556],[11.87027486,55.94260238],[11.8680802,55.94487107],[11.88897394,55.94157437],[11.93303508,55.94992602],[11.94414286,55.95303395],[11.94933113,55.95839381],[11.9756603,55.96687419],[11.98909377,55.96504772],[11.99769042,55.96757584],[12.00226746,55.9649621],[11.99714184,55.96249048],[12.01070275,55.96858504],[11.99782716,55.96116707],[12.01209111,55.96757787],[12.00611871,55.96501127],[12.0040783,55.96056571],[12.00999915,55.95969639],[12.01316169,55.96384795],[12.01642954,55.9622203],[12.01057951,55.95936532],[12.01859321,55.9592754],[12.02272768,55.94647822],[12.04326473,55.92461946],[12.04787155,55.91461166],[12.04629502,55.9002902],[12.05561071,55.88563302],[12.06402154,55.87958479],[12.07010792,55.87873263],[12.06766795,55.88387504],[12.07743349,55.88650772],[12.07801161,55.89143906],[12.10492152,55.90243229],[12.11544889,55.90368532],[12.11519209,55.9142594],[12.10873962,55.91700441],[12.10689864,55.92160954],[12.08913314,55.92212173],[12.07968922,55.93292943],[12.08621882,55.93623869],[12.08553224,55.94911837],[12.09500139,55.9573705],[12.10789487,55.9597768],[12.12593957,55.97254244],[12.12789295,55.98659444],[12.08844,56.00147749],[12.06569849,55.99293564],[12.06485749,55.99908183],[12.04987301,56.0032696],[12.05120497,56.02342616],[12.01287293,56.02866917],[12.01281662,56.02869437]]],[[[11.88664309,55.94175506],[11.88663355,55.9417819],[11.88661159,55.94180524],[11.8865664,55.94183084],[11.88664309,55.94175506]]],[[[12.0044919,55.96165676],[12.00453371,55.9616916],[12.00457606,55.96175628],[12.00462164,55.96185622],[12.0044919,55.96165676]]],[[[12.00043919,55.96531185],[12.000446,55.96532121],[12.00047261,55.96535841],[12.00048788,55.96537979],[12.00043919,55.96531185]]],[[[11.84893384,55.97121734],[11.84898245,55.97125703],[11.84909667,55.97135857],[11.84914327,55.97140801],[11.84893384,55.97121734]]],[[[11.84961483,55.97179335],[11.84978594,55.97196432],[11.8498082,55.97199455],[11.84978766,55.97202693],[11.84961483,55.97179335]]],[[[11.87395258,55.98310751],[11.8739687,55.98312376],[11.87402087,55.98313971],[11.87411861,55.98315388],[11.87395258,55.98310751]]],[[[11.87814815,55.98384502],[11.87824539,55.98385255],[11.8783536,55.98386512],[11.87844834,55.98388205],[11.87814815,55.98384502]]],[[[11.69903879,56.19984657],[11.69435362,56.19912221],[11.70083281,56.19407139],[11.71596189,56.19240773],[11.71499116,56.19820498],[11.69914545,56.19979498],[11.69903879,56.19984657]]],[[[11.683499,56.20255123],[11.68151139,56.20338427],[11.68551272,56.20254462],[11.683636,56.20252264],[11.683499,56.20255123]]],[[[11.68039108,56.20346178],[11.68051691,56.20346939],[11.6805281,56.20351885],[11.68033392,56.20353915],[11.68039108,56.20346178]]]]}},{"type":"Feature","properties":{"kode":"0265","navn":"Roskilde"},"geometry":{"type":"MultiPolygon","coordinates":[[[[12.08957158,55.78078645],[12.08642922,55.77976722],[12.08888589,55.76706236],[12.08527328,55.76566972],[12.1008532,55.75569168],[12.10111362,55.75020041],[12.0944444,55.74549468],[12.09717854,55.74621021],[12.0951993,55.74357882],[12.10905239,55.73279289],[12.10576942,55.73023433],[12.1203532,55.72925635],[12.11911738,55.72642914],[12.10816976,55.72375782],[12.11089249,55.72148525],[12.10149646,55.71888099],[12.10193407,55.71044523],[12.1139314,55.70896446],[12.1101023,55.70344404],[12.0978479,55.70414583],[12.10670222,55.70102964],[12.09880242,55.69605133],[12.083324,55.69466099],[12.08210921,55.69143924],[12.09523786,55.69296275],[12.09392308,55.68611537],[12.09083317,55.68408012],[12.0854504,55.68990847],[12.07795292,55.68844711],[12.07325405,55.6813401],[12.06861215,55.67965478],[12.07011128,55.6781428],[12.06798731,55.67867566],[12.08186876,55.66972624],[12.09084801,55.6702069],[12.08598224,55.65422783],[12.07817513,55.64993258],[12.07025736,55.65545489],[12.05646874,55.65702093],[12.05622452,55.66326533],[12.06187561,55.66672545],[12.05722976,55.66874572],[12.05856884,55.67363234],[12.04551446,55.67270819],[12.04230066,55.66813956],[12.03575621,55.67161212],[12.02793638,55.66770544],[12.01662859,55.67135128],[12.00913425,55.66707133],[12.01180368,55.66577202],[12.01275468,55.65516038],[12.00392201,55.65030072],[12.00298637,55.63896061],[11.98971443,55.6303908],[11.98847453,55.62299104],[11.98898718,55.61889333],[11.99919678,55.62095246],[12.0278457,55.61753901],[12.03712421,55.61773521],[12.03778113,55.62111861],[12.04606191,55.61995772],[12.0448756,55.61716574],[12.0546619,55.61629075],[12.05159009,55.60663375],[12.07444374,55.59327167],[12.05822005,55.58280876],[12.04997638,55.58600999],[12.04291559,55.58128991],[12.0359861,55.58106879],[12.02821826,55.58513876],[12.01412771,55.58694515],[12.00769723,55.58160462],[12.00942018,55.57847036],[12.00421468,55.57373624],[11.99190781,55.57671468],[11.98544584,55.57543736],[11.98608668,55.57032577],[11.97919476,55.57244972],[11.98055407,55.56740034],[11.9743454,55.54533448],[11.97625105,55.54158798],[11.96979047,55.53519018],[11.97665775,55.5294577],[11.99283484,55.52541664],[12.0084762,55.53117282],[12.02414362,55.52561116],[12.02417232,55.52083462],[12.02071798,55.51982231],[12.02605882,55.51608102],[12.02909689,55.5210382],[12.03627423,55.52414439],[12.05389461,55.52147152],[12.06570577,55.52846197],[12.09482161,55.52437239],[12.09371672,55.52762759],[12.10587716,55.53895022],[12.10533641,55.544779],[12.11035583,55.55530482],[12.13537095,55.5504746],[12.14897589,55.56525447],[12.17366002,55.55461966],[12.18092962,55.55412633],[12.18465813,55.55950244],[12.18205586,55.56282055],[12.18986808,55.56580195],[12.18430884,55.56677593],[12.18019046,55.57143991],[12.1831745,55.57748362],[12.13799171,55.58589786],[12.14592383,55.60077417],[12.15938743,55.61217235],[12.16672558,55.63218069],[12.16686626,55.63418308],[12.15706706,55.63386433],[12.1574032,55.65294325],[12.16386433,55.6530349],[12.16285454,55.6574713],[12.15729764,55.65866207],[12.1585319,55.66574188],[12.1514493,55.66666023],[12.15047391,55.6710351],[12.164556,55.6736018],[12.16856457,55.67636454],[12.16871216,55.68171801],[12.18130251,55.68254857],[12.1854634,55.68821489],[12.21210415,55.68721701],[12.25092045,55.70937261],[12.24201075,55.71454538],[12.2288104,55.71705449],[12.22081015,55.72504632],[12.20859392,55.7297472],[12.22785789,55.73523016],[12.22172396,55.73772175],[12.2271877,55.74015581],[12.22605943,55.74307413],[12.21781632,55.74798632],[12.20599865,55.7512691],[12.19234206,55.74640871],[12.15803748,55.74798811],[12.15087232,55.7560611],[12.12636292,55.76225217],[12.11329139,55.76777744],[12.10779245,55.77536873],[12.08959183,55.78076221],[12.08957158,55.78078645]]],[[[12.079592,55.65090966],[12.07956965,55.65092469],[12.07929829,55.65090292],[12.07927716,55.65088295],[12.079592,55.65090966]]],[[[12.0292164,55.67519855],[12.02916261,55.67527441],[12.02916092,55.67536363],[12.02918729,55.67542896],[12.0292164,55.67519855]]],[[[12.06191207,55.68663247],[12.06182837,55.68664265],[12.06182101,55.68664832],[12.06181335,55.68665813],[12.06191207,55.68663247]]],[[[12.09197138,55.69145835],[12.0919891,55.6915639],[12.09198615,55.69161108],[12.09197406,55.69162334],[12.09197138,55.69145835]]],[[[12.09597627,55.6975007],[12.09600338,55.69750136],[12.09603374,55.69750482],[12.09607007,55.69750921],[12.09597627,55.6975007]]],[[[12.10265086,55.70430704],[12.10262558,55.70431352],[12.1025515,55.70430083],[12.10241652,55.7043153],[12.10265086,55.70430704]]],[[[12.10435626,55.70436424],[12.10433418,55.70440309],[12.10435687,55.70441214],[12.10439589,55.70441232],[12.10435626,55.70436424]]],[[[12.09663097,55.74268254],[12.09665543,55.74268552],[12.09666698,55.74269251],[12.09666951,55.74270027],[12.09663097,55.74268254]]],[[[12.08555305,55.74628457],[12.08553953,55.74629498],[12.08552285,55.74630376],[12.08550266,55.74631047],[12.08555305,55.74628457]]],[[[12.08558601,55.74739186],[12.08561772,55.74740185],[12.08564718,55.74741774],[12.08567903,55.74743141],[12.08558601,55.74739186]]],[[[12.08411027,55.74839133],[12.08408668,55.74840343],[12.08404074,55.74839901],[12.08398831,55.74839106],[12.08411027,55.74839133]]],[[[12.07805643,55.74875892],[12.07805911,55.74880101],[12.07806754,55.7488453],[12.07808327,55.7488993],[12.07805643,55.74875892]]],[[[12.07555108,55.74892041],[12.07563719,55.74892904],[12.07570426,55.74894274],[12.0757765,55.74896943],[12.07555108,55.74892041]]],[[[12.08479599,55.75076295],[12.08473436,55.75076773],[12.08466975,55.75077718],[12.08460289,55.75079243],[12.08479599,55.75076295]]],[[[12.08665929,55.75101396],[12.08664311,55.75102911],[12.08663074,55.75104192],[12.08661264,55.75104894],[12.08665929,55.75101396]]],[[[12.08679503,55.75167258],[12.08678499,55.75170079],[12.08679043,55.75173733],[12.0867967,55.75177439],[12.08679503,55.75167258]]],[[[12.09019779,55.75180508],[12.09016232,55.75181811],[12.09013266,55.75183414],[12.09009011,55.75186245],[12.09019779,55.75180508]]],[[[12.08161602,55.7515879],[12.08161255,55.75160659],[12.08159415,55.75162998],[12.08156544,55.7516601],[12.08161602,55.7515879]]],[[[12.08928164,55.75292286],[12.08928261,55.75295322],[12.08930304,55.75298382],[12.08933167,55.75300917],[12.08928164,55.75292286]]],[[[12.09391559,55.75337049],[12.09401041,55.75343859],[12.09404026,55.75349339],[12.09403121,55.75351394],[12.09391559,55.75337049]]],[[[12.09487012,55.75609166],[12.09154627,55.7559884],[12.09491017,55.75365631],[12.09208709,55.75260888],[12.09773333,55.75368598],[12.09521815,55.75587468],[12.09487012,55.75609166]]]]}},{"type":"Feature","properties":{"kode":"0269","navn":"Solrød"},"geometry":{"type":"MultiPolygon","coordinates":[[[[12.19838314,55.56602498],[12.18235833,55.56316296],[12.18465813,55.55950244],[12.18092962,55.55412633],[12.17366002,55.55461966],[12.14897589,55.56525447],[12.13537095,55.5504746],[12.11035583,55.55530482],[12.10533641,55.544779],[12.10578031,55.53876747],[12.0937036,55.52760184],[12.09612475,55.525418],[12.11030598,55.52596956],[12.11216564,55.52298207],[12.13745381,55.51314978],[12.15276682,55.51431546],[12.18096777,55.50959501],[12.19573059,55.5134732],[12.20912583,55.50864501],[12.21498886,55.51582827],[12.21784452,55.51517052],[12.21762777,55.51916353],[12.22299592,55.52426173],[12.21360512,55.50788884],[12.23427875,55.53682495],[12.25492349,55.55359579],[12.2175878,55.5581025],[12.19841789,55.56602111],[12.19838314,55.56602498]]],[[[12.21830558,55.51841925],[12.21836061,55.51844694],[12.21839313,55.51853266],[12.21836029,55.51858261],[12.21830558,55.51841925]]]]}},{"type":"Feature","properties":{"kode":"0270","navn":"Gribskov"},"geometry":{"type":"MultiPolygon","coordinates":[[[[12.31077,56.1298256],[12.27486326,56.12797191],[12.18275555,56.1094182],[12.06228756,56.05930919],[12.00872322,56.03101135],[12.05120497,56.02342616],[12.04987301,56.0032696],[12.06485749,55.99908183],[12.06569849,55.99293564],[12.08844,56.00147749],[12.12789295,55.98659444],[12.12593957,55.97254244],[12.16484516,55.97111791],[12.17029712,55.96849273],[12.19750673,55.97236751],[12.20286439,55.97382891],[12.20540442,55.97837293],[12.2184321,55.98026206],[12.22225075,55.9851637],[12.22161733,55.99091984],[12.22699305,55.99230506],[12.23438775,55.99323177],[12.24935385,55.98855067],[12.25104508,55.99183599],[12.25922181,55.98894564],[12.26665861,55.9910127],[12.26685028,55.98733961],[12.27188164,55.98749448],[12.27256363,55.99129784],[12.28755602,55.99625948],[12.28225667,56.00269681],[12.37758243,56.00163135],[12.38962112,56.01429964],[12.38860095,56.01886105],[12.39986077,56.02662018],[12.39488254,56.03229595],[12.39946363,56.05329283],[12.40124455,56.05749889],[12.40761902,56.05945136],[12.40121495,56.0626626],[12.40788615,56.06604712],[12.41180401,56.06450366],[12.41042894,56.06826409],[12.41337214,56.07199828],[12.40962988,56.07701297],[12.41563414,56.08127122],[12.41358177,56.08590519],[12.41704515,56.09663508],[12.38515024,56.10133813],[12.35430335,56.11800777],[12.31400524,56.12483277],[12.31078254,56.12979919],[12.31077,56.1298256]]]]}},{"type":"Feature","properties":{"kode":"0306","navn":"Odsherred"},"geometry":{"type":"MultiPolygon","coordinates":[[[[11.27761203,56.01062589],[11.29025014,55.98165289],[11.29776634,55.97186155],[11.29808806,55.97534583],[11.30267045,55.97421825],[11.30011474,55.97172309],[11.3092836,55.97535519],[11.3351251,55.96958912],[11.37765569,55.95306542],[11.46810065,55.94797052],[11.51675828,55.93187764],[11.52553425,55.9202811],[11.52312361,55.89592338],[11.5247885,55.88762105],[11.53013898,55.88551915],[11.52710852,55.88672852],[11.52650559,55.89267519],[11.5294615,55.89496734],[11.52567308,55.89784897],[11.52811922,55.90232752],[11.52894068,55.89581055],[11.53125503,55.89498233],[11.52822836,55.89250408],[11.53135669,55.88861145],[11.52967153,55.88276205],[11.52631218,55.88078532],[11.52829656,55.88006423],[11.52471827,55.87448178],[11.52806402,55.88387253],[11.52466177,55.88377645],[11.51593611,55.86598785],[11.49513267,55.84795892],[11.48372151,55.84571002],[11.47222412,55.84867024],[11.44998493,55.84800008],[11.39330634,55.83062909],[11.37677413,55.83598089],[11.3744116,55.84039696],[11.36305005,55.8455378],[11.35419635,55.84074721],[11.36289302,55.84215827],[11.3697107,55.83823973],[11.37730792,55.82169396],[11.37597879,55.79794432],[11.38266658,55.788686],[11.37710011,55.77758401],[11.38292899,55.78400277],[11.38221094,55.78048122],[11.37059879,55.76813872],[11.34929795,55.75747665],[11.36279638,55.75267004],[11.36308041,55.7495217],[11.37199417,55.7484526],[11.37226501,55.73637908],[11.39013571,55.7368682],[11.39286929,55.73938451],[11.40414211,55.73863809],[11.41309858,55.73304224],[11.43520489,55.7375831],[11.46006483,55.73505391],[11.47595614,55.73841096],[11.48367166,55.74662678],[11.53436805,55.77225562],[11.59780394,55.76784831],[11.62217171,55.7749391],[11.61010357,55.77968171],[11.61853739,55.77862999],[11.60968964,55.78021292],[11.61055809,55.78438033],[11.64672705,55.79446616],[11.64505151,55.79864849],[11.64775028,55.80261878],[11.6556034,55.8038586],[11.64869898,55.80861047],[11.66362423,55.81851853],[11.71055791,55.81063475],[11.71541343,55.80647868],[11.73326903,55.82071534],[11.73427028,55.82537201],[11.73774021,55.82542324],[11.73469855,55.82562209],[11.73191627,55.8352002],[11.72552852,55.84330662],[11.71376506,55.85138209],[11.70883905,55.86123571],[11.69152439,55.87439845],[11.66852446,55.88087458],[11.66552828,55.89476507],[11.67033199,55.90116327],[11.67038979,55.90978399],[11.6759975,55.91277805],[11.66871408,55.91346039],[11.67606413,55.91361471],[11.67537234,55.91662164],[11.67705577,55.91396267],[11.68784337,55.91175904],[11.6968349,55.91471275],[11.7089447,55.91261636],[11.7110354,55.90372299],[11.73606833,55.89941435],[11.75290734,55.9060536],[11.75362185,55.91255333],[11.74864177,55.92397971],[11.75477586,55.94057006],[11.76321127,55.94417078],[11.7677736,55.94300349],[11.76636689,55.94517384],[11.76979685,55.94419811],[11.76702293,55.94557708],[11.77861062,55.95348307],[11.7883089,55.95272579],[11.78899564,55.94757331],[11.79221145,55.94922524],[11.79097972,55.95739063],[11.77707054,55.97715872],[11.75335192,55.9705134],[11.70690005,55.94982833],[11.64424858,55.93888703],[11.63025621,55.93936522],[11.61062623,55.94500761],[11.59159888,55.96181484],[11.52364749,55.95140676],[11.48240969,55.96049395],[11.41918323,55.96184171],[11.38162561,55.96741008],[11.36660597,55.97267941],[11.37134958,55.97253607],[11.30601836,55.98798842],[11.29731732,55.99250741],[11.2776645,56.01061782],[11.27761203,56.01062589]]],[[[11.35611935,55.76598876],[11.35722138,55.76621452],[11.35775038,55.76633092],[11.35804556,55.76638773],[11.35611935,55.76598876]]],[[[11.37672451,55.77914963],[11.37675364,55.77915383],[11.37676321,55.77916183],[11.3767661,55.77917256],[11.37672451,55.77914963]]],[[[11.7161488,55.85037395],[11.71616964,55.8503956],[11.71620583,55.85042177],[11.71622967,55.85045432],[11.7161488,55.85037395]]],[[[11.71461107,55.85262007],[11.71463298,55.85267298],[11.71457573,55.8528098],[11.71444735,55.85294872],[11.71461107,55.85262007]]],[[[11.52857007,55.88623865],[11.52872943,55.88625704],[11.52889705,55.88631624],[11.52892856,55.88634085],[11.52857007,55.88623865]]],[[[11.52971336,55.88569014],[11.52988879,55.88570235],[11.52993117,55.88571461],[11.5299923,55.88571515],[11.52971336,55.88569014]]],[[[11.53023113,55.88748993],[11.53032442,55.88750797],[11.53038673,55.88753877],[11.53041305,55.88757949],[11.53023113,55.88748993]]],[[[11.5292867,55.89274147],[11.52939936,55.89274958],[11.52942501,55.89276271],[11.52945962,55.89279562],[11.5292867,55.89274147]]],[[[11.66810595,55.88998842],[11.6681409,55.89001059],[11.66818983,55.89005699],[11.66827274,55.89010427],[11.66810595,55.88998842]]],[[[11.52956745,55.8943465],[11.52962497,55.8943872],[11.52964552,55.89445222],[11.52960187,55.89455324],[11.52956745,55.8943465]]],[[[11.53077669,55.89470652],[11.53070209,55.89479398],[11.53064418,55.89484551],[11.53061376,55.89487948],[11.53077669,55.89470652]]],[[[11.52840825,55.89955606],[11.52849952,55.89957449],[11.52855663,55.89961134],[11.52860006,55.89966402],[11.52840825,55.89955606]]],[[[11.75304549,55.93285323],[11.75301091,55.93286694],[11.752984,55.9328848],[11.75294318,55.93291664],[11.75304549,55.93285323]]]]}},{"type":"Feature","properties":{"kode":"0316","navn":"Holbæk"},"geometry":{"type":"MultiPolygon","coordinates":[[[[11.73312108,55.79588959],[11.72732007,55.79564112],[11.72190333,55.79150314],[11.70251384,55.79048974],[11.69671433,55.78575217],[11.68506243,55.78504931],[11.67589943,55.77812221],[11.65611681,55.7729679],[11.63116614,55.77170536],[11.62217171,55.7749391],[11.59780394,55.76784831],[11.53436805,55.77225562],[11.48367166,55.74662678],[11.47568436,55.73828799],[11.45473589,55.73456121],[11.42586022,55.73694752],[11.41309858,55.73304224],[11.40644785,55.7116548],[11.39445895,55.70604606],[11.38784855,55.69933335],[11.38946108,55.69424788],[11.3838476,55.68667354],[11.37318982,55.68381144],[11.37593835,55.676523],[11.37379672,55.67052903],[11.37777113,55.66419913],[11.39050694,55.65952274],[11.36350676,55.64561602],[11.35606538,55.64436799],[11.35107545,55.63951339],[11.37845499,55.63867977],[11.37148388,55.63189533],[11.37312267,55.62471776],[11.38856956,55.61067296],[11.39042983,55.60561302],[11.39911943,55.60320668],[11.40415121,55.58776211],[11.42249582,55.58062591],[11.45057358,55.57646717],[11.54003021,55.59130412],[11.58127966,55.58017263],[11.58889012,55.57358933],[11.61320928,55.5734485],[11.6277299,55.56602871],[11.63411401,55.5681465],[11.64681036,55.56600924],[11.65269389,55.57009074],[11.67534478,55.56607237],[11.68706847,55.55584006],[11.682221,55.54364169],[11.68377119,55.53765735],[11.67968223,55.53202601],[11.6683639,55.53412541],[11.66192158,55.52275443],[11.67501743,55.52126156],[11.66340451,55.51269928],[11.67953488,55.50901739],[11.69881826,55.51656531],[11.7381227,55.51777853],[11.7442567,55.52493001],[11.73892757,55.52615324],[11.74212598,55.53199249],[11.73842909,55.53656072],[11.73910334,55.54045662],[11.74823537,55.54215245],[11.75372085,55.5470477],[11.76610405,55.54402983],[11.76656883,55.53900208],[11.80885741,55.54369721],[11.80792576,55.54892898],[11.82029637,55.54943372],[11.82544553,55.56109922],[11.83161203,55.55988445],[11.85836877,55.56909326],[11.85135318,55.5723286],[11.85341855,55.58186233],[11.85108751,55.58352699],[11.8209704,55.59120096],[11.82294798,55.59957119],[11.81726728,55.60566148],[11.81107859,55.60639231],[11.80887071,55.61556054],[11.80174803,55.61980268],[11.8008294,55.63092511],[11.79657416,55.63256663],[11.79644613,55.64145823],[11.77914277,55.64915769],[11.77913002,55.65839349],[11.76953187,55.65924461],[11.77651542,55.66858182],[11.78957908,55.67130907],[11.78962471,55.68180771],[11.80082873,55.68149959],[11.80405598,55.67960867],[11.80417006,55.67346869],[11.81136172,55.67356738],[11.80737642,55.67424089],[11.80270835,55.68308229],[11.81178501,55.68630548],[11.80731619,55.68724427],[11.80743864,55.69327511],[11.80369344,55.69802961],[11.79829268,55.69690365],[11.79103743,55.70076491],[11.793109,55.71252474],[11.78391379,55.72351318],[11.76692662,55.73338361],[11.76326376,55.73017742],[11.77489921,55.72705632],[11.76883831,55.7205756],[11.76241039,55.72185593],[11.7600247,55.72645164],[11.76153576,55.72201018],[11.75774236,55.72264245],[11.75992127,55.72585061],[11.75613961,55.72215159],[11.73266118,55.71979305],[11.72032844,55.72347885],[11.72152257,55.72016401],[11.71331412,55.72021816],[11.71742719,55.72338274],[11.71059129,55.7199121],[11.69533955,55.7204029],[11.66774203,55.71552357],[11.6626389,55.71657902],[11.66332458,55.71968239],[11.65223912,55.7212657],[11.654967,55.72322141],[11.65229869,55.72448512],[11.65724721,55.72512698],[11.65171241,55.73100258],[11.66149933,55.73410987],[11.70735001,55.73397467],[11.73044705,55.73946043],[11.74905193,55.7390551],[11.76334724,55.745201],[11.77015528,55.7443985],[11.76950439,55.75289976],[11.76888173,55.75116739],[11.74760501,55.7571474],[11.7421211,55.76161609],[11.74072025,55.76590709],[11.74946747,55.77078289],[11.75275463,55.7691271],[11.75053591,55.76642686],[11.75279257,55.76284961],[11.76098566,55.76565244],[11.74917895,55.77410362],[11.74410413,55.78916911],[11.73315156,55.79588729],[11.73312108,55.79588959]]],[[[11.78978812,55.66587217],[11.78969961,55.66591796],[11.78968104,55.66598553],[11.7896437,55.6660485],[11.78978812,55.66587217]]],[[[11.78502238,55.66786849],[11.78494455,55.66791925],[11.78490082,55.66796851],[11.78479824,55.66801121],[11.78502238,55.66786849]]],[[[11.79217685,55.67101202],[11.79196167,55.67103696],[11.79177087,55.67104248],[11.79161379,55.67107688],[11.79217685,55.67101202]]],[[[11.7986229,55.67064435],[11.79871898,55.67073349],[11.79894819,55.67093178],[11.79906515,55.67104831],[11.7986229,55.67064435]]],[[[11.80205833,55.67211559],[11.80213687,55.67216396],[11.80217498,55.67221864],[11.80219906,55.67228398],[11.80205833,55.67211559]]],[[[11.79410306,55.67927069],[11.79412634,55.67931825],[11.79413745,55.6793491],[11.79417252,55.67940359],[11.79410306,55.67927069]]],[[[11.72143793,55.73208807],[11.72145712,55.73213034],[11.72147777,55.73217528],[11.72148822,55.73220408],[11.72143793,55.73208807]]],[[[11.76184367,55.74270528],[11.76173012,55.74272204],[11.76165014,55.74281472],[11.76151711,55.74297295],[11.76184367,55.74270528]]],[[[11.80977339,55.74488556],[11.80978245,55.74488966],[11.80980798,55.74489223],[11.80982492,55.74492842],[11.80977339,55.74488556]]],[[[11.80934621,55.74488203],[11.80941953,55.74491109],[11.8094492,55.74492695],[11.8094697,55.74497053],[11.80934621,55.74488203]]],[[[11.80763778,55.74585904],[11.80766268,55.74589056],[11.80764069,55.74598599],[11.80763448,55.74601931],[11.80763778,55.74585904]]],[[[11.80945039,55.74591413],[11.8094122,55.74595267],[11.80934774,55.74599594],[11.80929296,55.74604079],[11.80945039,55.74591413]]],[[[11.80444278,55.74673749],[11.80447522,55.74677648],[11.80450479,55.74679109],[11.80455255,55.74681472],[11.80444278,55.74673749]]],[[[11.80606678,55.74709745],[11.80587061,55.74722418],[11.80575614,55.74725242],[11.8056658,55.74724387],[11.80606678,55.74709745]]],[[[11.80021808,55.74741137],[11.80020235,55.74742099],[11.80018096,55.7474382],[11.80016121,55.74745618],[11.80021808,55.74741137]]],[[[11.81502404,55.74637627],[11.80992614,55.74468052],[11.81446004,55.74308671],[11.81102786,55.73841054],[11.81905082,55.73604399],[11.8149287,55.74633809],[11.81502404,55.74637627]]],[[[11.83997629,55.74627868],[11.84138038,55.74837191],[11.83171943,55.74649004],[11.83480826,55.74364924],[11.83986526,55.74623549],[11.83997629,55.74627868]]],[[[11.7825602,55.76155769],[11.78247405,55.76157258],[11.78243336,55.76158771],[11.78238167,55.76162079],[11.7825602,55.76155769]]],[[[11.7769095,55.77762614],[11.77701513,55.77765135],[11.77706688,55.77769054],[11.77705958,55.77772909],[11.7769095,55.77762614]]],[[[11.82821286,55.80910973],[11.82192759,55.80733438],[11.82189219,55.80304426],[11.82714075,55.79854055],[11.82365711,55.7962954],[11.82117359,55.78609462],[11.81616881,55.782559],[11.80667546,55.78492359],[11.79825849,55.79255657],[11.79196523,55.78608288],[11.78577517,55.78685344],[11.77512791,55.78271641],[11.78454895,55.76586167],[11.79521548,55.75994963],[11.79232595,55.75838229],[11.80130505,55.75841108],[11.79921535,55.75472262],[11.80350269,55.75646924],[11.8148043,55.7501569],[11.83684399,55.75691725],[11.83330322,55.75790727],[11.8336767,55.76172721],[11.84810728,55.78155655],[11.84166608,55.7967034],[11.82827655,55.80908993],[11.82821286,55.80910973]]]]}},{"type":"Feature","properties":{"kode":"0320","navn":"Faxe"},"geometry":{"type":"MultiPolygon","coordinates":[[[[11.97716678,55.40480517],[11.96353267,55.40202274],[11.97968785,55.40031195],[11.97833631,55.39802328],[11.96477066,55.39763674],[11.96502509,55.39258981],[11.96865267,55.39082067],[11.95727473,55.38568741],[11.95568619,55.38090131],[11.95132742,55.38128978],[11.94694201,55.37496549],[11.93830618,55.37451174],[11.92903479,55.36741245],[11.92041423,55.36904602],[11.91860585,55.36669241],[11.89754056,55.36616572],[11.87742218,55.36953646],[11.87193999,55.362168],[11.86888746,55.36289239],[11.86555753,55.35185944],[11.88717912,55.34273265],[11.88125249,55.33769002],[11.88377567,55.33599636],[11.86467817,55.33253177],[11.85416519,55.33533495],[11.85036136,55.32636994],[11.8443216,55.3265997],[11.85859279,55.31818675],[11.83197159,55.31238037],[11.84320588,55.30983094],[11.84307112,55.30427835],[11.83814366,55.30479721],[11.85291778,55.29084918],[11.89377111,55.28156592],[11.89828118,55.28289881],[11.89702846,55.27878937],[11.90377536,55.27672543],[11.90568134,55.27069087],[11.91493224,55.26647579],[11.91909889,55.26733703],[11.92519899,55.26225865],[11.93244044,55.26529939],[11.93950505,55.26189254],[11.9352881,55.25698539],[11.94562355,55.2539232],[11.93766676,55.24945612],[11.94282722,55.24795441],[11.94475995,55.24347532],[11.95529425,55.24298288],[11.96382456,55.24788512],[11.97471436,55.2487775],[11.98080435,55.24443194],[11.97954747,55.23869798],[11.98193577,55.23600813],[11.97304921,55.22509413],[12.01657959,55.21675725],[12.0278138,55.2050244],[12.02161644,55.19433837],[12.02672596,55.19223834],[12.02377737,55.18610171],[12.0417644,55.17894115],[12.04627066,55.1726898],[12.06947671,55.17618281],[12.09435208,55.17605597],[12.09510066,55.17175405],[12.0905208,55.17082164],[12.09373181,55.16970441],[12.09089446,55.17041782],[12.08392658,55.16311316],[12.0843198,55.15224647],[12.07767728,55.13829038],[12.08010603,55.13564548],[12.09851617,55.13428366],[12.10935702,55.14284501],[12.10744567,55.13908107],[12.11144898,55.14002214],[12.10618785,55.16238022],[12.10873791,55.17650162],[12.11727906,55.1846769],[12.136839,55.19247202],[12.15775429,55.21299629],[12.16481868,55.21456296],[12.16780813,55.21131062],[12.18735254,55.22264146],[12.2166647,55.22780702],[12.24546268,55.23806875],[12.27314827,55.24200099],[12.28396691,55.24007017],[12.28424264,55.24690003],[12.28053033,55.25436763],[12.28535816,55.25649976],[12.28360318,55.26410118],[12.26546807,55.28189586],[12.27064356,55.28366171],[12.26958708,55.2860503],[12.24982123,55.2880927],[12.24368257,55.29232839],[12.23335613,55.29421251],[12.21920323,55.2915111],[12.21439437,55.29859914],[12.214409,55.30542963],[12.2316651,55.31411853],[12.23282275,55.32780794],[12.23605336,55.33320702],[12.24385871,55.33602705],[12.24541026,55.3383776],[12.24287177,55.3405494],[12.22348916,55.33724559],[12.22894354,55.33424089],[12.22016001,55.32968684],[12.21325143,55.33288866],[12.18977472,55.33056406],[12.16886204,55.33600733],[12.15294687,55.33610211],[12.15490861,55.33841878],[12.14976236,55.34258255],[12.11320116,55.35227338],[12.10804249,55.36040325],[12.11086238,55.3703073],[12.10742476,55.37153175],[12.10989815,55.37261609],[12.10870241,55.37589319],[12.0891492,55.37115442],[12.08716132,55.37435513],[12.08038979,55.36828812],[12.07437519,55.37436886],[12.06115767,55.37649574],[12.06186459,55.38277265],[12.06606875,55.38508393],[12.05360127,55.38889021],[12.04909345,55.39374258],[12.02383647,55.39568541],[12.01698025,55.40102743],[12.00381066,55.39822988],[12.00279179,55.40188317],[11.97737647,55.40475727],[11.97716678,55.40480517]]]]}},{"type":"Feature","properties":{"kode":"0326","navn":"Kalundborg"},"geometry":{"type":"MultiPolygon","coordinates":[[[[11.3539434,55.75508776],[11.34929795,55.75747665],[11.3338906,55.75364959],[11.30968293,55.75398877],[11.30526805,55.74997489],[11.30654346,55.74656068],[11.30366618,55.74276864],[11.29801151,55.74672672],[11.29577126,55.75254706],[11.29746791,55.75428695],[11.30410102,55.75200102],[11.28550534,55.75506448],[11.29332765,55.75084742],[11.28576044,55.73953802],[11.26992376,55.73144323],[11.2577714,55.72969819],[11.22799486,55.74257475],[11.22270683,55.7476569],[11.21648345,55.74631783],[11.21503324,55.74246253],[11.2190368,55.73949673],[11.2127304,55.73243233],[11.19671167,55.73187308],[11.1867928,55.73752992],[11.18571257,55.74402345],[11.17635421,55.75470522],[11.1558585,55.7507742],[11.14624141,55.75332288],[11.12828963,55.75222666],[11.08415209,55.73582798],[11.04593786,55.73172746],[11.01756693,55.73666334],[11.00751267,55.74178326],[10.98630239,55.74652699],[10.9468788,55.74979999],[10.94486059,55.75212558],[10.94178965,55.7492615],[10.91979449,55.74913122],[10.89793001,55.74369403],[10.86834241,55.74330712],[10.88529578,55.73504616],[10.91805986,55.727307],[10.96715163,55.72969823],[10.98453997,55.727166],[10.99470167,55.72398396],[11.02377567,55.69838215],[11.06112405,55.68272464],[11.07694144,55.66980816],[11.07974754,55.67067036],[11.07467038,55.67197052],[11.07165377,55.67572382],[11.07408436,55.67638829],[11.0696251,55.67837658],[11.07093965,55.6802381],[11.09502465,55.67495273],[11.10180477,55.67623671],[11.10299969,55.67397481],[11.09094493,55.67289243],[11.08955049,55.67038069],[11.10357253,55.66905568],[11.10194054,55.66663398],[11.09208489,55.66666517],[11.09717183,55.66549973],[11.08722856,55.66135324],[11.08441532,55.6654969],[11.07143508,55.6639405],[11.08166769,55.66113711],[11.07122729,55.66374529],[11.06679464,55.66128285],[11.06657433,55.66356131],[11.05893399,55.6648603],[11.057116,55.66176735],[10.99891056,55.66924455],[10.9867,55.66689824],[10.9644537,55.66825292],[10.95798488,55.67175532],[10.94094058,55.67379055],[10.93552693,55.67286139],[10.93178887,55.66861466],[10.93335336,55.66348407],[10.94042042,55.6622526],[10.94347824,55.65884592],[11.00894657,55.65479376],[11.0393744,55.64936254],[11.11117546,55.62368671],[11.12799651,55.61423511],[11.15004058,55.58642008],[11.15767478,55.56536864],[11.15831022,55.5587625],[11.15259263,55.54706415],[11.14043494,55.53588838],[11.15673108,55.53815229],[11.14458127,55.53202296],[11.13924422,55.53410774],[11.14370822,55.53815271],[11.13282476,55.53520854],[11.1173672,55.53702157],[11.10463452,55.53364283],[11.09635737,55.53611433],[11.08960104,55.53444166],[11.0804511,55.51505504],[11.0946777,55.51079054],[11.11261955,55.51220778],[11.12115335,55.51738223],[11.11785076,55.51683873],[11.12464003,55.52379349],[11.11783641,55.52221201],[11.11475589,55.52581077],[11.1163256,55.52949293],[11.12306061,55.53262251],[11.1271266,55.52616078],[11.13604235,55.52335453],[11.14112306,55.51560613],[11.15060265,55.50901588],[11.16274293,55.50526455],[11.17250524,55.49849174],[11.1747639,55.495117],[11.17301656,55.49379875],[11.17563747,55.49351689],[11.17193284,55.49372612],[11.17586857,55.49300792],[11.17822575,55.48882477],[11.17769794,55.47599809],[11.19065612,55.46272189],[11.21384121,55.46223997],[11.22195451,55.46674373],[11.22941569,55.46597498],[11.24505698,55.4747419],[11.26995143,55.4618129],[11.28837512,55.46229141],[11.28932252,55.46851094],[11.30509048,55.46663521],[11.30910621,55.46822827],[11.30842554,55.47369523],[11.32712026,55.47805985],[11.33807828,55.46701726],[11.3396421,55.45819104],[11.34739435,55.46148287],[11.35601935,55.45864895],[11.36897341,55.46154099],[11.36988418,55.46582326],[11.38106586,55.46930224],[11.38414866,55.47438678],[11.39936975,55.47943268],[11.3994825,55.49101586],[11.42234917,55.49585619],[11.42260947,55.50279353],[11.41866475,55.50754881],[11.39862627,55.50933467],[11.41188008,55.51234816],[11.41106696,55.52196319],[11.42013303,55.52614457],[11.41769189,55.53046296],[11.40624467,55.53003245],[11.40450233,55.52498064],[11.37900657,55.5202435],[11.37486011,55.52409527],[11.36195532,55.52516443],[11.35525011,55.53016294],[11.35124771,55.52949804],[11.34083153,55.53651326],[11.33642307,55.53723345],[11.33155946,55.53389306],[11.31855852,55.5365482],[11.33364561,55.54149051],[11.33732573,55.54855201],[11.35988305,55.55187825],[11.36876428,55.55270913],[11.37296486,55.54864193],[11.38045608,55.55370904],[11.40271052,55.54621772],[11.40784912,55.54913801],[11.41803862,55.54861927],[11.44275939,55.54384769],[11.44242795,55.54774068],[11.45794637,55.54996259],[11.45989152,55.55442305],[11.45079111,55.55791038],[11.45199979,55.56152359],[11.44335136,55.56344286],[11.43174321,55.56117528],[11.4363476,55.57954107],[11.42227566,55.58068662],[11.40274585,55.58910935],[11.39911943,55.60320668],[11.39042983,55.60561302],[11.38856956,55.61067296],[11.37140899,55.62763975],[11.37223042,55.63341905],[11.37743396,55.63540096],[11.37845499,55.63867977],[11.35107545,55.63951339],[11.35606538,55.64436799],[11.36350676,55.64561602],[11.39050694,55.65952274],[11.37777113,55.66419913],[11.37379672,55.67052903],[11.37593835,55.676523],[11.37318982,55.68381144],[11.3838476,55.68667354],[11.38946108,55.69424788],[11.38784855,55.69933335],[11.39445895,55.70604606],[11.40644785,55.7116548],[11.41313337,55.73301495],[11.39969382,55.7390377],[11.37226501,55.73637908],[11.37199417,55.7484526],[11.36308041,55.7495217],[11.36279638,55.75267004],[11.35410882,55.75504513],[11.3539434,55.75508776]]],[[[11.0794555,55.48210371],[11.07307333,55.47400205],[11.08849793,55.47549872],[11.07885208,55.47720625],[11.08186462,55.48201934],[11.07949475,55.48210079],[11.0794555,55.48210371]]],[[[11.08968102,55.48430783],[11.08980423,55.484345],[11.09009569,55.48441516],[11.09037809,55.48448745],[11.08968102,55.48430783]]],[[[11.12109551,55.52248959],[11.12111152,55.52249569],[11.12113235,55.52251169],[11.12115784,55.5225232],[11.12109551,55.52248959]]],[[[11.12148855,55.52294233],[11.12150302,55.52295206],[11.12150985,55.5229789],[11.12151344,55.52299852],[11.12148855,55.52294233]]],[[[11.12101354,55.52317139],[11.12102954,55.52318028],[11.12103944,55.52319629],[11.12104186,55.52320308],[11.12101354,55.52317139]]],[[[11.11748182,55.52552297],[11.11731847,55.52552903],[11.11718334,55.52552058],[11.11701372,55.52546581],[11.11748182,55.52552297]]],[[[11.11571876,55.52769075],[11.1157493,55.52769598],[11.11577944,55.5276995],[11.1158066,55.52770379],[11.11571876,55.52769075]]],[[[11.12418831,55.52814633],[11.12409446,55.52816315],[11.12398923,55.52818627],[11.12392716,55.52821943],[11.12418831,55.52814633]]],[[[11.12415153,55.52901016],[11.12412902,55.52902475],[11.12411134,55.52902883],[11.124076,55.52902594],[11.12415153,55.52901016]]],[[[11.14310332,55.53470215],[11.14302729,55.53471732],[11.14295359,55.53472894],[11.14288488,55.53474192],[11.14310332,55.53470215]]],[[[11.14089705,55.53538921],[11.1409106,55.53539643],[11.14092505,55.53541442],[11.14092924,55.53543035],[11.14089705,55.53538921]]],[[[11.15198267,55.53634089],[11.15203831,55.5363498],[11.15207827,55.5363589],[11.15211224,55.5363716],[11.15198267,55.53634089]]],[[[11.08652614,55.6642033],[11.08640527,55.66429846],[11.08623196,55.66422672],[11.08628937,55.66418512],[11.08652614,55.6642033]]],[[[11.0855149,55.66498363],[11.08539161,55.6650782],[11.08522084,55.66500957],[11.08527829,55.66496554],[11.0855149,55.66498363]]],[[[11.07246302,55.6652489],[11.072461,55.66525271],[11.07244969,55.66527348],[11.07243261,55.66530532],[11.07246302,55.6652489]]],[[[11.09151968,55.666476],[11.0915244,55.66648401],[11.09154572,55.66649021],[11.0915651,55.66650165],[11.09151968,55.666476]]],[[[11.0909662,55.66665548],[11.09098063,55.66665766],[11.09099403,55.66666157],[11.09100561,55.66666694],[11.0909662,55.66665548]]],[[[11.08996592,55.6667819],[11.08998356,55.66678483],[11.08999987,55.6667895],[11.09001467,55.66679563],[11.08996592,55.6667819]]],[[[11.24694901,55.73501177],[11.24693236,55.73502142],[11.24691153,55.73502477],[11.24688258,55.73503105],[11.24694901,55.73501177]]],[[[11.18701842,55.73841065],[11.18710533,55.73845494],[11.18713214,55.73849859],[11.18713017,55.73857431],[11.18701842,55.73841065]]],[[[11.3005313,55.74563668],[11.30054221,55.74564348],[11.30054931,55.74566124],[11.30055145,55.74568124],[11.3005313,55.74563668]]],[[[11.28509237,55.79577341],[11.2804692,55.79343156],[11.28018274,55.78561267],[11.29147596,55.77545084],[11.29297967,55.77021906],[11.30773094,55.76446004],[11.30218426,55.76941894],[11.30431955,55.77604177],[11.29019987,55.78491067],[11.29495266,55.78891564],[11.29397137,55.79209375],[11.28512861,55.79576833],[11.28509237,55.79577341]]],[[[11.08045884,55.91964696],[11.07833585,55.91321252],[11.08463283,55.90459097],[11.11540215,55.89708661],[11.13632226,55.87847527],[11.13423173,55.88128147],[11.15615554,55.87059543],[11.20115622,55.86283569],[11.21935312,55.8535871],[11.21464527,55.85705912],[11.21358391,55.86399789],[11.19122626,55.87097638],[11.14641775,55.89700688],[11.12191231,55.90395568],[11.11648248,55.91172885],[11.08065866,55.9196426],[11.08045884,55.91964696]]]]}},{"type":"Feature","properties":{"kode":"0329","navn":"Ringsted"},"geometry":{"type":"MultiPolygon","coordinates":[[[[11.84648315,55.56350972],[11.83161203,55.55988445],[11.82560167,55.56117302],[11.82029637,55.54943372],[11.80792576,55.54892898],[11.80885741,55.54369721],[11.78968248,55.54024913],[11.76656883,55.53900208],[11.76610405,55.54402983],[11.75372085,55.5470477],[11.74823537,55.54215245],[11.73910334,55.54045662],[11.73842909,55.53656072],[11.74212598,55.53199249],[11.73892757,55.52615324],[11.7442567,55.52493001],[11.7381227,55.51777853],[11.69881826,55.51656531],[11.68004334,55.50892886],[11.65452061,55.51203973],[11.64423378,55.50661586],[11.64073343,55.49868241],[11.65032245,55.49187289],[11.64029002,55.49321105],[11.63681309,55.49077033],[11.63715916,55.48667966],[11.64024317,55.47957998],[11.65348181,55.47535105],[11.65321903,55.47248695],[11.65983345,55.47358564],[11.66416428,55.46439767],[11.68665901,55.45835213],[11.68864973,55.44841191],[11.71081244,55.44553881],[11.70163585,55.4263543],[11.69165524,55.41852844],[11.70768295,55.41274475],[11.70516703,55.40478301],[11.72232611,55.40498294],[11.7318288,55.40898869],[11.73133198,55.40170863],[11.75092601,55.39443833],[11.76621674,55.38055553],[11.77507656,55.37834474],[11.78681836,55.36822323],[11.80723203,55.37144073],[11.81855867,55.36650178],[11.83328511,55.36557911],[11.83750669,55.3616291],[11.85973996,55.35628153],[11.86466096,55.35167505],[11.8684555,55.35566326],[11.86888746,55.36289239],[11.87193999,55.362168],[11.87742218,55.36953646],[11.89754056,55.36616572],[11.91860585,55.36669241],[11.92041423,55.36904602],[11.92903479,55.36741245],[11.93830618,55.37451174],[11.94694201,55.37496549],[11.95132742,55.38128978],[11.95568619,55.38090131],[11.95727473,55.38568741],[11.96865267,55.39082067],[11.96502509,55.39258981],[11.96477066,55.39763674],[11.97833631,55.39802328],[11.97968785,55.40031195],[11.96243886,55.4018085],[11.95671663,55.40556927],[11.95423861,55.4096073],[11.9587025,55.41194381],[11.95895142,55.41773269],[11.95573375,55.42125805],[11.95750358,55.42377327],[11.9352091,55.43371054],[11.93247788,55.44011194],[11.93480694,55.44140707],[11.93381017,55.4487935],[11.94549683,55.46092342],[11.93808036,55.46139838],[11.93928224,55.46992606],[11.92679359,55.47572122],[11.92944133,55.47675848],[11.92888881,55.47975744],[11.92122735,55.49021013],[11.92264921,55.49417397],[11.91641345,55.49661894],[11.91664116,55.50477172],[11.92056199,55.50568813],[11.92256772,55.51220986],[11.91101472,55.51421626],[11.91290738,55.52109457],[11.91629052,55.52276901],[11.91215402,55.52797963],[11.91369923,55.53070202],[11.90406537,55.54235334],[11.86901087,55.54644601],[11.86484876,55.55236372],[11.86610667,55.55459815],[11.86121369,55.5549284],[11.86023386,55.55814594],[11.84708774,55.55809904],[11.84653195,55.56331603],[11.84648315,55.56350972]]]]}},{"type":"Feature","properties":{"kode":"0330","navn":"Slagelse"},"geometry":{"type":"MultiPolygon","coordinates":[[[[11.1773402,55.17011087],[11.17922862,55.17675435],[11.16447421,55.17036636],[11.15880617,55.17203104],[11.13313571,55.1597537],[11.14081943,55.15469811],[11.14253756,55.14676624],[11.15085351,55.14003105],[11.16314667,55.15843616],[11.17952511,55.16683041],[11.17747194,55.1699611],[11.1773402,55.17011087]]],[[[11.37678629,55.18686051],[11.3766881,55.18691321],[11.37637107,55.18697144],[11.37583525,55.18698574],[11.37678629,55.18686051]]],[[[11.3740563,55.18691622],[11.37442161,55.18694075],[11.37471891,55.18695482],[11.37491883,55.18695362],[11.3740563,55.18691622]]],[[[11.37936843,55.18856467],[11.37935922,55.18865797],[11.37934203,55.18879907],[11.37932851,55.18885956],[11.37936843,55.18856467]]],[[[11.20108694,55.19475306],[11.20114414,55.19477306],[11.20114869,55.19478448],[11.20115318,55.19482026],[11.20108694,55.19475306]]],[[[11.46417703,55.19025426],[11.46417228,55.19026649],[11.46417183,55.19029733],[11.46412349,55.19033894],[11.46417703,55.19025426]]],[[[11.39948465,55.19289798],[11.39961466,55.19294603],[11.39967111,55.19302518],[11.39967686,55.19306579],[11.39948465,55.19289798]]],[[[11.40316734,55.19297969],[11.40313516,55.19303749],[11.4030775,55.19307935],[11.40307435,55.19314709],[11.40316734,55.19297969]]],[[[11.39884274,55.19386685],[11.3989014,55.19390425],[11.39895178,55.19394776],[11.39895797,55.19397757],[11.39884274,55.19386685]]],[[[11.39854497,55.19409949],[11.39857672,55.19411523],[11.39858708,55.1941464],[11.39857456,55.19416552],[11.39854497,55.19409949]]],[[[11.39997503,55.19423234],[11.39995863,55.19426799],[11.39986619,55.194309],[11.39980705,55.19431592],[11.39997503,55.19423234]]],[[[11.25833145,55.19859737],[11.25835205,55.19860301],[11.25836967,55.19861168],[11.25838257,55.19862312],[11.25833145,55.19859737]]],[[[11.25786608,55.19893776],[11.25788624,55.19894404],[11.25790263,55.19895317],[11.25791427,55.19896446],[11.25786608,55.19893776]]],[[[11.47221884,55.19496313],[11.47216209,55.19498307],[11.4721231,55.19501065],[11.47207759,55.19506245],[11.47221884,55.19496313]]],[[[11.25713042,55.19960062],[11.2571522,55.19960507],[11.25717394,55.19961429],[11.25718774,55.19962491],[11.25713042,55.19960062]]],[[[11.25738501,55.19970899],[11.25740738,55.1997128],[11.25743278,55.19972284],[11.25744705,55.19973337],[11.25738501,55.19970899]]],[[[11.25764896,55.19981619],[11.2576702,55.19982209],[11.25768019,55.19982649],[11.25769554,55.19983672],[11.25764896,55.19981619]]],[[[11.25789432,55.19992256],[11.25791611,55.1999271],[11.25793818,55.19993658],[11.25795183,55.19994729],[11.25789432,55.19992256]]],[[[11.24619117,55.20393107],[11.2462127,55.20393652],[11.24623093,55.20394499],[11.24624459,55.20395588],[11.24619117,55.20393107]]],[[[11.48936429,55.19928127],[11.48942488,55.19928776],[11.4894533,55.19931756],[11.48946696,55.19935001],[11.48936429,55.19928127]]],[[[11.48582925,55.19998102],[11.47080463,55.19297242],[11.47668909,55.19247627],[11.49124385,55.19840995],[11.48600285,55.19996732],[11.48582925,55.19998102]]],[[[11.40222671,55.20058799],[11.40233526,55.20060805],[11.40242241,55.20069047],[11.40249043,55.20080724],[11.40222671,55.20058799]]],[[[11.48778995,55.20074384],[11.48783936,55.20075982],[11.48786599,55.20078615],[11.48784195,55.20081657],[11.48778995,55.20074384]]],[[[11.48876363,55.20053555],[11.48874621,55.20057123],[11.48869859,55.20061158],[11.48864621,55.20067881],[11.48876363,55.20053555]]],[[[11.24446702,55.20584349],[11.24449579,55.20585204],[11.24451979,55.20586508],[11.24451976,55.20588135],[11.24446702,55.20584349]]],[[[11.46185041,55.20506114],[11.45530104,55.20512993],[11.4535022,55.20216265],[11.46189046,55.205058],[11.46185041,55.20506114]]],[[[11.4390523,55.21323473],[11.43917496,55.21328927],[11.43935375,55.21338502],[11.43952323,55.21348518],[11.4390523,55.21323473]]],[[[11.24726694,55.22174339],[11.24733036,55.22175831],[11.24738891,55.22178455],[11.24739904,55.22179686],[11.24726694,55.22174339]]],[[[11.24847724,55.22466518],[11.24838485,55.22469429],[11.24832449,55.22471985],[11.24826964,55.22474828],[11.24847724,55.22466518]]],[[[11.17980394,55.23622386],[11.17983388,55.23623061],[11.18007511,55.23630728],[11.18017273,55.23634931],[11.17980394,55.23622386]]],[[[11.27377311,55.23705767],[11.27380186,55.2370681],[11.27383456,55.23709535],[11.27384946,55.23711647],[11.27377311,55.23705767]]],[[[11.27771587,55.24019473],[11.27773042,55.24021253],[11.27775895,55.24022728],[11.27780735,55.24024013],[11.27771587,55.24019473]]],[[[11.23326911,55.24426024],[11.2331572,55.24430697],[11.23303265,55.24436408],[11.23299026,55.2443769],[11.23326911,55.24426024]]],[[[11.23960828,55.24872833],[11.23957016,55.24872211],[11.23950604,55.24868706],[11.23939976,55.24862969],[11.23960828,55.24872833]]],[[[11.17455938,55.25079729],[11.1690728,55.24857094],[11.17484469,55.24212702],[11.17045528,55.23171393],[11.17441826,55.19872232],[11.20882942,55.18435522],[11.21609217,55.18587028],[11.21891542,55.19916799],[11.2167349,55.19931326],[11.21921345,55.19861301],[11.21319288,55.19148556],[11.21540718,55.18802001],[11.21201755,55.19019421],[11.20837303,55.18645529],[11.20364035,55.1912977],[11.1948323,55.19365399],[11.1972954,55.19629339],[11.2041507,55.19458634],[11.20672052,55.19902896],[11.19751533,55.20936237],[11.19897829,55.21172018],[11.19350248,55.22253934],[11.17829165,55.23019013],[11.18100465,55.23343606],[11.17658607,55.23217931],[11.17910438,55.2338069],[11.17861208,55.23772976],[11.17242182,55.2361383],[11.1775444,55.23768204],[11.17447876,55.23839242],[11.17651852,55.24028746],[11.18218519,55.23744721],[11.18049092,55.23629158],[11.19010128,55.24044193],[11.18709139,55.2456796],[11.17470642,55.25078991],[11.17455938,55.25079729]]],[[[11.29920846,55.27642196],[11.29922385,55.27645133],[11.29921361,55.27648379],[11.29921517,55.27651082],[11.29920846,55.27642196]]],[[[11.11952422,55.33236342],[11.11952631,55.33237004],[11.11952056,55.33238937],[11.11949646,55.33241639],[11.11952422,55.33236342]]],[[[10.98771151,55.33961458],[10.98744021,55.34200338],[10.9723783,55.33957459],[10.94502958,55.325341],[10.99221652,55.33588243],[10.9761011,55.3347091],[10.98665673,55.33928463],[10.98771151,55.33961458]]],[[[11.13750016,55.36767941],[11.13752577,55.36768615],[11.13757841,55.36773467],[11.13770957,55.36779044],[11.13750016,55.36767941]]],[[[11.44939282,55.50956333],[11.44337639,55.50876978],[11.437538,55.50406783],[11.43780722,55.50015073],[11.43136896,55.49741861],[11.39983055,55.49121748],[11.39984236,55.48031031],[11.39653656,55.4772896],[11.38414866,55.47438678],[11.38106586,55.46930224],[11.36988418,55.46582326],[11.36897341,55.46154099],[11.35601935,55.45864895],[11.34739435,55.46148287],[11.33890423,55.45854168],[11.33807828,55.46701726],[11.32712026,55.47805985],[11.30842554,55.47369523],[11.30910621,55.46822827],[11.30509048,55.46663521],[11.28932252,55.46851094],[11.28837512,55.46229141],[11.26995143,55.4618129],[11.24505698,55.4747419],[11.22941569,55.46597498],[11.22195451,55.46674373],[11.21384121,55.46223997],[11.19065612,55.46272189],[11.19991707,55.45500393],[11.20411459,55.44546074],[11.19516541,55.41764072],[11.21329498,55.40332739],[11.21483738,55.39696555],[11.21276233,55.39120034],[11.20181569,55.38260808],[11.17713842,55.37958655],[11.14908329,55.36728436],[11.12099126,55.3647754],[11.11348465,55.37031185],[11.093959,55.35198382],[11.09243639,55.34690849],[11.10096916,55.34806154],[11.10438368,55.34482802],[11.10945617,55.34848982],[11.11241948,55.34389443],[11.10581182,55.34404617],[11.11308825,55.34377699],[11.12231023,55.33860546],[11.12145795,55.33426724],[11.1240412,55.33748485],[11.13461176,55.33655907],[11.13884355,55.3356505],[11.14138854,55.33139749],[11.16330215,55.33772965],[11.1573354,55.34197161],[11.16139515,55.34579281],[11.15656196,55.35017384],[11.16499484,55.35437209],[11.1806968,55.35402967],[11.19263912,55.34714568],[11.20583833,55.34435738],[11.20756384,55.34176438],[11.2054603,55.33640178],[11.19008724,55.3314598],[11.19038417,55.32801746],[11.18368749,55.32544189],[11.17018931,55.32850532],[11.15472483,55.32767311],[11.15429501,55.3298481],[11.13939686,55.33120409],[11.13698815,55.33494622],[11.13104021,55.33402917],[11.13391144,55.33276654],[11.13073152,55.33177997],[11.12727185,55.33380804],[11.12924273,55.32991196],[11.12527376,55.33214389],[11.12683697,55.32819616],[11.13239448,55.3288219],[11.12884252,55.32676491],[11.15307992,55.31954275],[11.17392582,55.30615876],[11.20065961,55.29961833],[11.23379163,55.28721506],[11.23717496,55.28167017],[11.23703577,55.27338397],[11.24511739,55.26163644],[11.24356995,55.25484743],[11.23859667,55.24980493],[11.24643427,55.24577974],[11.25215825,55.24839871],[11.25779707,55.24709399],[11.26622468,55.23889355],[11.26984879,55.24003261],[11.27376368,55.24707116],[11.291395,55.25381511],[11.28382277,55.25707979],[11.28725567,55.27372132],[11.29186927,55.27784221],[11.30178553,55.27907471],[11.30617131,55.27469773],[11.30636661,55.26716053],[11.29859139,55.25602361],[11.28823805,55.25209517],[11.2888151,55.24750269],[11.28214467,55.24288817],[11.27926078,55.23483899],[11.24665891,55.24067599],[11.24528517,55.24223418],[11.24813291,55.24392802],[11.23809253,55.24744527],[11.23387878,55.24431964],[11.24533877,55.22627099],[11.25133361,55.22260993],[11.23761359,55.22046744],[11.23741017,55.21836732],[11.2503781,55.20885545],[11.243419,55.20839187],[11.25309283,55.20567506],[11.24509109,55.20434296],[11.25188948,55.20502045],[11.25946303,55.2011963],[11.25474663,55.20107436],[11.25808202,55.19807194],[11.25983681,55.197558],[11.25689524,55.19967401],[11.26048335,55.20101704],[11.27842695,55.20081842],[11.29529148,55.1927362],[11.30994149,55.19476887],[11.34307419,55.19253912],[11.37057762,55.18677223],[11.35755463,55.18901087],[11.35312569,55.19335972],[11.35360339,55.19157288],[11.32621584,55.19621116],[11.31830461,55.19431476],[11.31181005,55.20029654],[11.31910011,55.2107447],[11.33047137,55.20947461],[11.33691309,55.20004917],[11.34187545,55.20187782],[11.34163563,55.2058718],[11.35233129,55.20970566],[11.36197225,55.20013276],[11.36861391,55.19792678],[11.37908068,55.19898465],[11.39720335,55.2089069],[11.41348172,55.20649892],[11.41660401,55.20273284],[11.41368163,55.20186838],[11.41592075,55.20170214],[11.41632917,55.19214917],[11.42203013,55.18956732],[11.40458549,55.19425529],[11.40447247,55.19101406],[11.39612363,55.19637716],[11.38426273,55.18889799],[11.40184468,55.19072815],[11.43744757,55.18592753],[11.45847858,55.18757724],[11.46992905,55.19163425],[11.45616876,55.18778443],[11.45842793,55.19103669],[11.45438472,55.19282068],[11.45477415,55.19675928],[11.4473769,55.1989255],[11.45009627,55.20263942],[11.43886075,55.20632319],[11.42959663,55.20337918],[11.43199421,55.20537277],[11.42667746,55.20646038],[11.42485168,55.20374223],[11.41659807,55.20307058],[11.4140287,55.20634544],[11.42022092,55.20744859],[11.43254217,55.21949226],[11.44553118,55.21377626],[11.45603272,55.21687872],[11.46794392,55.2100101],[11.46753401,55.20443334],[11.47725839,55.20696764],[11.48836081,55.20496613],[11.49194332,55.20171217],[11.49163841,55.19757884],[11.50306874,55.19987611],[11.51636088,55.19780204],[11.51735394,55.201796],[11.50922629,55.2021188],[11.50824678,55.21980157],[11.49176039,55.22022702],[11.49035729,55.22905569],[11.49398914,55.22956136],[11.49435695,55.23234368],[11.48557572,55.24924973],[11.49173303,55.25690196],[11.47839026,55.2611767],[11.4719455,55.27096032],[11.46827391,55.28671683],[11.47074907,55.28770785],[11.46082402,55.29017724],[11.45005926,55.28748175],[11.44984849,55.29039757],[11.44137614,55.29033343],[11.44269269,55.29453752],[11.43553606,55.29329983],[11.43527606,55.29699547],[11.44514206,55.29955181],[11.44796783,55.30431725],[11.46445244,55.30929893],[11.46044793,55.32152645],[11.47350523,55.32921675],[11.47700512,55.33583426],[11.49272713,55.33793673],[11.48945454,55.34199617],[11.4969796,55.34604183],[11.50995223,55.34714255],[11.51115973,55.35518711],[11.51753877,55.35712975],[11.52154272,55.36384319],[11.51526057,55.3684792],[11.50401844,55.36951704],[11.50479748,55.37459095],[11.49129383,55.38079103],[11.48793009,55.39138128],[11.47606235,55.3933982],[11.476256,55.39616391],[11.48505936,55.4011461],[11.51097626,55.40052146],[11.50586531,55.40548312],[11.51384377,55.40910651],[11.51414333,55.41238408],[11.50388811,55.41243292],[11.50259068,55.42544648],[11.50995072,55.42923383],[11.50955785,55.43463511],[11.51391944,55.43696371],[11.50583831,55.4522591],[11.4962299,55.45207461],[11.50247135,55.45773066],[11.50062639,55.45926682],[11.49403845,55.46313938],[11.48572299,55.46328353],[11.48291396,55.46735162],[11.47163144,55.46816946],[11.47769503,55.47285237],[11.46549979,55.47487325],[11.46149409,55.47938316],[11.47838247,55.4865946],[11.48388188,55.48535295],[11.48570066,55.49111671],[11.47166766,55.49898161],[11.47734698,55.50254003],[11.44963992,55.50949978],[11.44939282,55.50956333]]]]}},{"type":"Feature","properties":{"kode":"0336","navn":"Stevns"},"geometry":{"type":"MultiPolygon","coordinates":[[[[12.22062535,55.42613159],[12.21590549,55.42731192],[12.22794107,55.42088888],[12.23101599,55.41551577],[12.21693381,55.41636072],[12.21375669,55.40986392],[12.20178738,55.40967795],[12.20121369,55.4069123],[12.19358495,55.40568678],[12.19496873,55.40331426],[12.1874244,55.3955995],[12.19301497,55.38498006],[12.18826299,55.37684379],[12.18197145,55.37893843],[12.17030856,55.3741397],[12.15587668,55.38092802],[12.14874329,55.37645034],[12.14108616,55.37828188],[12.13852511,55.37611309],[12.14100638,55.37522136],[12.14008407,55.37128676],[12.13176318,55.36931198],[12.12596948,55.37214715],[12.12074125,55.37025237],[12.11602483,55.37360984],[12.10989815,55.37261609],[12.10742476,55.37153175],[12.11086238,55.3703073],[12.10828295,55.36501262],[12.10921207,55.35734653],[12.11320116,55.35227338],[12.14976236,55.34258255],[12.15490861,55.33841878],[12.15294687,55.33610211],[12.16886204,55.33600733],[12.18977472,55.33056406],[12.21325143,55.33288866],[12.22185483,55.32983335],[12.22897785,55.33435812],[12.22348916,55.33724559],[12.24287177,55.3405494],[12.24541026,55.3383776],[12.24385871,55.33602705],[12.23605336,55.33320702],[12.23282275,55.32780794],[12.2316651,55.31411853],[12.214409,55.30542963],[12.21439437,55.29859914],[12.21920323,55.2915111],[12.23335613,55.29421251],[12.24368257,55.29232839],[12.24982123,55.2880927],[12.26958708,55.2860503],[12.27064356,55.28366171],[12.26546807,55.28189586],[12.28360318,55.26410118],[12.28535816,55.25649976],[12.28053033,55.25436763],[12.28431385,55.23996488],[12.30180818,55.23684892],[12.3408997,55.23838514],[12.3542989,55.23604701],[12.35811223,55.23846872],[12.36203527,55.24867778],[12.36821603,55.25345962],[12.37729687,55.2530591],[12.37533582,55.25182545],[12.38502558,55.25538597],[12.39550036,55.25363487],[12.41385635,55.26029072],[12.43287213,55.27361424],[12.44480336,55.27678946],[12.45336958,55.2858088],[12.45489661,55.29358577],[12.44735795,55.30028277],[12.44490672,55.31453101],[12.45492873,55.33039264],[12.44706383,55.33486943],[12.44757198,55.34281972],[12.44479343,55.34768837],[12.42523876,55.35994579],[12.41640357,55.36718946],[12.41642236,55.37017493],[12.41241358,55.36947688],[12.40296752,55.37422713],[12.36445166,55.39742715],[12.30294161,55.40071128],[12.22076219,55.4261269],[12.22062535,55.42613159]]],[[[12.45598061,55.32136954],[12.45582805,55.32138501],[12.45581289,55.32138651],[12.45580085,55.32138775],[12.45598061,55.32136954]]],[[[12.45611287,55.32181448],[12.45595612,55.32182881],[12.45593984,55.32183026],[12.45593155,55.32183103],[12.45611287,55.32181448]]],[[[12.45623783,55.32222258],[12.45624918,55.32226047],[12.45632241,55.32250738],[12.45617995,55.32252112],[12.45623783,55.32222258]]],[[[12.45639417,55.32273742],[12.45624264,55.32275205],[12.45622074,55.32275411],[12.45621355,55.32275486],[12.45639417,55.32273742]]],[[[12.4565282,55.32317899],[12.45634756,55.32319624],[12.45633475,55.32315236],[12.45634554,55.32315134],[12.4565282,55.32317899]]]]}},{"type":"Feature","properties":{"kode":"0340","navn":"Sorø"},"geometry":{"type":"MultiPolygon","coordinates":[[[[11.54842726,55.58770327],[11.53956833,55.59128465],[11.48587175,55.58057574],[11.45739741,55.57941942],[11.45088225,55.57649641],[11.4363476,55.57954107],[11.43174321,55.56117528],[11.44335136,55.56344286],[11.4519912,55.56152565],[11.45079111,55.55791038],[11.45989158,55.55443671],[11.45794637,55.54996259],[11.44242795,55.54774068],[11.44278473,55.54384988],[11.41803862,55.54861927],[11.40784912,55.54913801],[11.40271052,55.54621772],[11.38037304,55.55371245],[11.37296486,55.54864193],[11.36876428,55.55270913],[11.33732573,55.54855201],[11.33364561,55.54149051],[11.31856011,55.5363436],[11.33155946,55.53389306],[11.33642307,55.53723345],[11.34083153,55.53651326],[11.35124771,55.52949804],[11.35525011,55.53016294],[11.36195532,55.52516443],[11.37486011,55.52409527],[11.37900657,55.5202435],[11.40450233,55.52498064],[11.40624467,55.53003245],[11.41769189,55.53046296],[11.42013303,55.52614457],[11.41106696,55.52196319],[11.41188008,55.51234816],[11.39862627,55.50933467],[11.41866475,55.50754881],[11.42260947,55.50279353],[11.42234917,55.49585619],[11.43757491,55.4999968],[11.43770176,55.50423958],[11.44866341,55.50977989],[11.47734698,55.50254003],[11.47166766,55.49898161],[11.48570066,55.49111671],[11.48388188,55.48535295],[11.47838247,55.4865946],[11.46149409,55.47938316],[11.46549979,55.47487325],[11.47769503,55.47285237],[11.47163144,55.46816946],[11.48291396,55.46735162],[11.48572299,55.46328353],[11.49403845,55.46313938],[11.50247135,55.45773066],[11.4962299,55.45207461],[11.50583831,55.4522591],[11.51391944,55.43696371],[11.50955785,55.43463511],[11.50995072,55.42923383],[11.50259068,55.42544648],[11.50388811,55.41243292],[11.51414333,55.41238408],[11.51384377,55.40910651],[11.50586531,55.40548312],[11.51097626,55.40052146],[11.48505936,55.4011461],[11.475482,55.39471989],[11.47703303,55.39185906],[11.48793009,55.39138128],[11.49129383,55.38079103],[11.50479748,55.37459095],[11.50401844,55.36951704],[11.51533321,55.36845487],[11.52060344,55.36375659],[11.5257746,55.3634693],[11.53785547,55.37229559],[11.57579948,55.37287566],[11.58280271,55.37815797],[11.59900467,55.3737188],[11.62210515,55.37503289],[11.6548444,55.38903607],[11.67548803,55.39136464],[11.67700441,55.39566896],[11.68797443,55.39798206],[11.68957666,55.40131242],[11.70011477,55.40575374],[11.70520658,55.40513047],[11.70768295,55.41274475],[11.69165524,55.41852844],[11.70163585,55.4263543],[11.71081244,55.44553881],[11.68864973,55.44841191],[11.68665901,55.45835213],[11.66416428,55.46439767],[11.65983345,55.47358564],[11.65321903,55.47248695],[11.65348181,55.47535105],[11.64024317,55.47957998],[11.63696166,55.48735091],[11.63681309,55.49077033],[11.64029002,55.49321105],[11.65032245,55.49187289],[11.64073343,55.49868241],[11.64423378,55.50661586],[11.65466438,55.51209054],[11.66335366,55.51275558],[11.67460414,55.52053941],[11.66192158,55.52275443],[11.6683639,55.53412541],[11.67968223,55.53202601],[11.68377119,55.53765735],[11.682221,55.54364169],[11.68705469,55.55586823],[11.67197578,55.56716725],[11.66227198,55.56657364],[11.65269389,55.57009074],[11.64681036,55.56600924],[11.63411401,55.5681465],[11.6277299,55.56602871],[11.61329758,55.57342837],[11.58899723,55.57356316],[11.58127966,55.58017263],[11.54860043,55.58769365],[11.54842726,55.58770327]]]]}},{"type":"Feature","properties":{"kode":"0350","navn":"Lejre"},"geometry":{"type":"MultiPolygon","coordinates":[[[[11.93621816,55.74466013],[11.92214832,55.74494796],[11.92100814,55.73625005],[11.90520622,55.73137105],[11.89875949,55.73180015],[11.8898644,55.73695383],[11.87588841,55.7378727],[11.87211766,55.73422944],[11.85735176,55.73141753],[11.84052649,55.70790752],[11.83711016,55.69842056],[11.83903401,55.68806817],[11.83668562,55.68331153],[11.83121609,55.68207166],[11.83006079,55.68438316],[11.83357507,55.68938834],[11.83064383,55.69310219],[11.82673451,55.68664965],[11.82908139,55.68289804],[11.8131026,55.67370698],[11.81235498,55.66600684],[11.8035213,55.66043431],[11.79877362,55.66307243],[11.78994878,55.65998627],[11.78722193,55.6628656],[11.78069844,55.66226163],[11.7824939,55.65848172],[11.77913002,55.65839349],[11.77874961,55.65230242],[11.77914277,55.64915769],[11.79644613,55.64145823],[11.79657416,55.63256663],[11.8008294,55.63092511],[11.80174803,55.61980268],[11.80887071,55.61556054],[11.81107859,55.60639231],[11.81726728,55.60566148],[11.82294798,55.59957119],[11.82135556,55.59081939],[11.84091524,55.58739794],[11.85341855,55.58186233],[11.85135318,55.5723286],[11.85836877,55.56909326],[11.84696209,55.5648757],[11.84708774,55.55809904],[11.86023386,55.55814594],[11.86121369,55.5549284],[11.86610667,55.55459815],[11.86484876,55.55236372],[11.86901087,55.54644601],[11.90233136,55.54313395],[11.91347539,55.52999868],[11.93739679,55.52665439],[11.94224655,55.52918994],[11.95909581,55.52948396],[11.97480664,55.53890793],[11.97568095,55.55361227],[11.98055407,55.56740034],[11.97855151,55.5715092],[11.98652094,55.57053679],[11.98669253,55.57635955],[12.00421468,55.57373624],[12.00942018,55.57847036],[12.00769723,55.58160462],[12.01433379,55.58696444],[12.02821826,55.58513876],[12.0359861,55.58106879],[12.04291559,55.58128991],[12.04997638,55.58600999],[12.05822005,55.58280876],[12.07444374,55.59327167],[12.05159009,55.60663375],[12.0546619,55.61629075],[12.0448756,55.61716574],[12.04606191,55.61995772],[12.03778113,55.62111861],[12.03712421,55.61773521],[12.0278457,55.61753901],[11.99919678,55.62095246],[11.98879696,55.61894669],[11.98971443,55.6303908],[12.00238307,55.63819281],[12.00381587,55.65012927],[12.01275468,55.65516038],[12.01180368,55.66577202],[12.00721285,55.66809485],[12.01163494,55.66973058],[12.00800554,55.66921273],[12.01206861,55.67449179],[12.0084974,55.68021559],[12.00598018,55.67985747],[12.00857166,55.68133751],[12.00719695,55.68477723],[11.9968747,55.68526752],[11.99723131,55.68900102],[12.01448593,55.68711084],[12.02447397,55.68079416],[12.03684473,55.6828209],[12.04740216,55.67863861],[12.05313978,55.68015091],[12.04831221,55.68501349],[12.04121698,55.68516371],[12.04117049,55.6885826],[12.04442503,55.69023057],[12.03140493,55.69527406],[12.01949468,55.69347903],[12.01390619,55.69661315],[12.00807282,55.69505262],[12.00601492,55.69143608],[11.99724709,55.69414789],[12.00843061,55.70479269],[12.00700973,55.7059535],[11.99517689,55.70280903],[11.99122607,55.70696612],[11.99173898,55.69828038],[11.98053983,55.69351072],[11.9906769,55.69024552],[11.99346931,55.68386203],[11.99101658,55.6833785],[11.99732937,55.67833329],[11.95187925,55.67579376],[11.94970024,55.66619396],[11.95333051,55.66336202],[11.94171312,55.66101145],[11.9374569,55.64953809],[11.93283713,55.64740465],[11.92988434,55.64907389],[11.93061612,55.65138168],[11.9273289,55.65331928],[11.93096469,55.66363983],[11.9378975,55.66605689],[11.94304763,55.67907048],[11.956444,55.69265849],[11.96416537,55.69579085],[11.97284596,55.71069673],[11.98090611,55.71659577],[11.9818452,55.72198617],[11.98121868,55.73009211],[11.95771633,55.73440926],[11.94695834,55.73953337],[11.94796087,55.74189391],[11.93628758,55.7445808],[11.93621816,55.74466013]]],[[[11.93155633,55.65216784],[11.93158223,55.65218682],[11.93166834,55.65227106],[11.93169821,55.65231754],[11.93155633,55.65216784]]],[[[11.93520438,55.65487126],[11.93535036,55.65495218],[11.93528684,55.65497455],[11.9349486,55.65489751],[11.93520438,55.65487126]]],[[[11.93409377,55.65523899],[11.93418689,55.65525951],[11.93424558,55.65538082],[11.93418775,55.65543245],[11.93409377,55.65523899]]],[[[11.9350958,55.65608828],[11.93497756,55.65613803],[11.93484929,55.65614713],[11.93482001,55.65610854],[11.9350958,55.65608828]]],[[[11.93406867,55.65665413],[11.93403064,55.65672804],[11.93402095,55.65681106],[11.93405381,55.65687401],[11.93406867,55.65665413]]],[[[11.93400839,55.65769272],[11.93372312,55.6577266],[11.93360232,55.65769542],[11.9335322,55.65766365],[11.93400839,55.65769272]]],[[[11.79787542,55.66389423],[11.7978508,55.6639258],[11.79783696,55.6639592],[11.79783928,55.66399169],[11.79787542,55.66389423]]],[[[12.01156319,55.67041746],[12.01159689,55.67043785],[12.01162157,55.67046296],[12.01161481,55.67049711],[12.01156319,55.67041746]]],[[[12.04513598,55.67785621],[12.04510012,55.677882],[12.0450457,55.67790646],[12.04496751,55.67792602],[12.04513598,55.67785621]]],[[[12.04146623,55.67981359],[12.04132279,55.67982892],[12.04123985,55.67983439],[12.04118131,55.6798407],[12.04146623,55.67981359]]],[[[12.0097994,55.68027993],[12.01002048,55.68045691],[12.01005725,55.68065181],[12.0101157,55.68091746],[12.0097994,55.68027993]]],[[[11.95716688,55.68560262],[11.9575224,55.68579254],[11.95772648,55.68597893],[11.9580063,55.68616312],[11.95716688,55.68560262]]],[[[11.96720922,55.69056775],[11.96316839,55.6893369],[11.96613158,55.68392311],[11.96727306,55.69055533],[11.96720922,55.69056775]]],[[[11.98379544,55.69767983],[11.98356293,55.69776405],[11.98349924,55.69774079],[11.98351428,55.69770635],[11.98379544,55.69767983]]],[[[11.99070953,55.71043737],[11.99079819,55.71053284],[11.99087543,55.71070167],[11.99101365,55.71085994],[11.99070953,55.71043737]]]]}},{"type":"Feature","properties":{"kode":"0360","navn":"Lolland"},"geometry":{"type":"MultiPolygon","coordinates":[[[[11.18553841,54.96073534],[11.1733586,54.95919823],[11.16686169,54.95486096],[11.1565732,54.95603053],[11.14334629,54.9492601],[11.13065034,54.95190629],[11.12908594,54.94459406],[11.11638306,54.94933197],[11.10648634,54.94711995],[11.11832347,54.94045357],[11.11997225,54.93165509],[11.10629756,54.94123553],[11.08925645,54.93992667],[11.08410403,54.94252743],[11.07296369,54.93961207],[11.06015596,54.92822167],[11.02828339,54.9138721],[11.01637335,54.8910876],[11.01779664,54.88030053],[11.02382741,54.87725465],[11.02747892,54.88210191],[11.03194397,54.87933559],[11.03155329,54.87664],[11.02697684,54.87514223],[11.03023596,54.87493551],[11.02866543,54.87118596],[11.03664723,54.87062332],[11.0414666,54.87664569],[11.04604661,54.87455743],[11.04522398,54.86754521],[11.06104943,54.86916476],[11.05530003,54.86146328],[11.06748045,54.85575266],[11.06902827,54.84792786],[11.07866055,54.8477748],[11.08032697,54.83911796],[11.07711446,54.83547235],[11.08797491,54.8350869],[11.09024333,54.83064304],[11.08654189,54.82951457],[11.1026821,54.83488027],[11.11533616,54.83213463],[11.12513788,54.8345206],[11.13931973,54.82825948],[11.12772985,54.83125847],[11.10979535,54.83102003],[11.11249096,54.82476238],[11.1004504,54.82234713],[11.09350378,54.81249546],[11.08490628,54.81118778],[11.07894364,54.81691242],[11.0734512,54.81735489],[11.07244415,54.82218472],[11.07001825,54.82232383],[11.06745649,54.81429056],[11.08009015,54.80688854],[11.06981424,54.79934876],[11.04483855,54.79886356],[11.03878498,54.81242177],[11.02945878,54.81054193],[11.01758055,54.81769457],[11.01873087,54.81621947],[11.01539392,54.81723519],[11.01481577,54.81492377],[11.00099174,54.82024165],[10.98529998,54.82138169],[11.0069945,54.81332273],[11.01355326,54.80781769],[11.00831176,54.80192933],[10.99865607,54.79781203],[10.98435116,54.79878248],[10.97729297,54.79263344],[10.97262844,54.79630002],[10.9747594,54.79851311],[10.96970356,54.79857427],[10.9634447,54.80430018],[10.95750814,54.8227242],[10.96111549,54.82680838],[10.96850375,54.82651601],[10.96215236,54.83197885],[10.96385832,54.83517317],[10.986637,54.8273066],[10.97375288,54.83481789],[10.96241875,54.8368976],[10.95607447,54.83313786],[10.95475611,54.82868017],[10.9564651,54.8151838],[10.96278005,54.80432109],[11.00737205,54.76182251],[11.06547182,54.74545904],[11.11932756,54.73693563],[11.20025463,54.71797503],[11.22584967,54.70893758],[11.23968235,54.70837886],[11.249337,54.70478314],[11.25106936,54.70809485],[11.24971071,54.70580501],[11.29731753,54.68599153],[11.31693642,54.6708117],[11.31960209,54.66681992],[11.31788152,54.66412963],[11.32675304,54.65889345],[11.34470718,54.65067472],[11.3446631,54.65569913],[11.35124668,54.6567009],[11.34675036,54.65414281],[11.35080247,54.65451583],[11.3542649,54.6511124],[11.34556769,54.65001756],[11.35973134,54.64241951],[11.37263439,54.63942103],[11.37514775,54.63308753],[11.37666077,54.63477376],[11.3745613,54.63395268],[11.37304686,54.63914272],[11.37667864,54.64026968],[11.38855921,54.63692358],[11.37818753,54.63222616],[11.40269914,54.63487613],[11.48577576,54.59862128],[11.50941751,54.59382718],[11.53146997,54.59545754],[11.5325394,54.59716428],[11.52624034,54.59851446],[11.52363384,54.595579],[11.51277696,54.59437164],[11.50130165,54.59917304],[11.49166002,54.59800229],[11.48870484,54.60126169],[11.48187852,54.60121007],[11.46037596,54.61043633],[11.49702096,54.63540954],[11.51789619,54.63544799],[11.52197371,54.63880881],[11.54309654,54.63986567],[11.55049149,54.64567263],[11.54878869,54.64924619],[11.55102894,54.65142715],[11.56922265,54.6520597],[11.56004175,54.65588207],[11.56126027,54.66490319],[11.56695514,54.66983896],[11.55340171,54.67378044],[11.55464617,54.68136779],[11.56966035,54.69520544],[11.57127242,54.7073535],[11.5742729,54.70992489],[11.56954203,54.72325388],[11.57709117,54.7288815],[11.5787511,54.74127645],[11.56099282,54.75596357],[11.54578238,54.75636928],[11.54060053,54.75329769],[11.53003175,54.75698499],[11.530506,54.75923888],[11.54372351,54.75879828],[11.54783654,54.76169327],[11.54108273,54.77375189],[11.55499783,54.78302535],[11.55145903,54.79277973],[11.5434073,54.79188124],[11.54303372,54.80063973],[11.53741303,54.80048614],[11.53667872,54.80368447],[11.54697807,54.81916399],[11.54797188,54.82890582],[11.51087909,54.83330791],[11.49180772,54.83118586],[11.48993919,54.83552023],[11.49378612,54.83755251],[11.48730475,54.83721214],[11.49210061,54.8389521],[11.4865054,54.83785186],[11.4760333,54.84130966],[11.46781042,54.83959934],[11.46408439,54.84511476],[11.46656131,54.84834478],[11.46527127,54.85258201],[11.46951777,54.85739017],[11.46445838,54.86276989],[11.44664182,54.86564058],[11.43265647,54.86104132],[11.42623313,54.86392232],[11.43243272,54.86871938],[11.43070443,54.87053371],[11.42036723,54.87090753],[11.40946873,54.87682425],[11.39891156,54.87742433],[11.37955554,54.88482328],[11.36141743,54.89741288],[11.36321222,54.90607579],[11.35815359,54.91235144],[11.35986632,54.9157016],[11.35819103,54.91315155],[11.35745976,54.91556486],[11.36129315,54.91655597],[11.34352935,54.92195732],[11.31803179,54.92425104],[11.30315867,54.93911962],[11.28399626,54.94888453],[11.28472617,54.95230485],[11.278492,54.95099229],[11.26183767,54.9569589],[11.18600257,54.96070164],[11.18553841,54.96073534]]],[[[11.55635669,54.59634269],[11.55633491,54.59638064],[11.55630863,54.59641329],[11.55628626,54.59641466],[11.55635669,54.59634269]]],[[[11.5566005,54.59687065],[11.55657614,54.59688716],[11.5565015,54.59689926],[11.55642924,54.59691724],[11.5566005,54.59687065]]],[[[11.55549205,54.59700608],[11.55549774,54.59701783],[11.55553524,54.59702575],[11.55554562,54.59703327],[11.55549205,54.59700608]]],[[[11.54935546,54.59735436],[11.54938448,54.59738773],[11.54936648,54.59740933],[11.54936686,54.59744771],[11.54935546,54.59735436]]],[[[11.46444392,54.6087701],[11.46452468,54.60878922],[11.46454673,54.60879785],[11.46456739,54.60883474],[11.46444392,54.6087701]]],[[[11.5112351,54.62552415],[11.50258258,54.62347696],[11.51199812,54.6221508],[11.51139649,54.62551838],[11.5112351,54.62552415]]],[[[11.51412631,54.62733113],[11.5139486,54.62735631],[11.51366531,54.62738063],[11.51349884,54.62734695],[11.51412631,54.62733113]]],[[[11.49153993,54.63007001],[11.49173437,54.6301177],[11.49179718,54.63021233],[11.49153548,54.63016953],[11.49153993,54.63007001]]],[[[11.49217696,54.63032614],[11.49224482,54.6303767],[11.49228199,54.63040426],[11.49229914,54.63042368],[11.49217696,54.63032614]]],[[[11.50986798,54.63568331],[11.50984742,54.6356992],[11.50982808,54.6357174],[11.50982049,54.63573752],[11.50986798,54.63568331]]],[[[11.59184804,54.64835901],[11.59180366,54.64839493],[11.5917384,54.64845342],[11.59172236,54.64848882],[11.59184804,54.64835901]]],[[[11.57378565,54.65232471],[11.57375504,54.65235557],[11.57370234,54.6524269],[11.57366994,54.65251282],[11.57378565,54.65232471]]],[[[10.97584482,54.79547952],[10.97588136,54.79548549],[10.9758998,54.79549031],[10.97591037,54.79549976],[10.97584482,54.79547952]]],[[[11.06610974,54.80655332],[11.06610759,54.80660891],[11.06607723,54.80669086],[11.06611688,54.8067816],[11.06610974,54.80655332]]],[[[11.0562633,54.81867415],[11.0561338,54.81868353],[11.0560305,54.81869993],[11.05588623,54.81873725],[11.0562633,54.81867415]]],[[[11.09470225,54.82842334],[11.09463194,54.82843058],[11.09440658,54.82838117],[11.09416268,54.82840075],[11.09470225,54.82842334]]],[[[11.04588367,54.82961552],[11.04595183,54.82968861],[11.04609384,54.82978429],[11.04654998,54.82998926],[11.04588367,54.82961552]]],[[[11.05429301,54.82993566],[11.05431593,54.83001293],[11.05429241,54.8301353],[11.05422832,54.83019176],[11.05429301,54.82993566]]],[[[11.06208223,54.83943649],[11.05879555,54.84272827],[11.0540351,54.84025966],[11.05731438,54.83671466],[11.06206487,54.83928227],[11.06208223,54.83943649]]],[[[11.03653082,54.84381037],[11.03775282,54.84584231],[11.03345227,54.84387133],[11.03625756,54.84375033],[11.03653082,54.84381037]]],[[[11.495344,54.84007468],[11.49540395,54.84008693],[11.49546872,54.84010169],[11.49566103,54.84014628],[11.495344,54.84007468]]],[[[11.02237848,54.84664782],[11.02049577,54.85111384],[11.01612182,54.85147887],[11.01433136,54.83834355],[11.01950798,54.82843116],[11.0215687,54.82893752],[11.01884184,54.830292],[11.02054191,54.83671128],[11.02569958,54.84172757],[11.02073632,54.84235258],[11.02197724,54.84662637],[11.02237848,54.84664782]]],[[[11.05292251,54.85851741],[11.05338975,54.85278324],[11.04967083,54.84871242],[11.05461683,54.84800428],[11.05992056,54.85270793],[11.05505146,54.85390531],[11.05299147,54.85847616],[11.05292251,54.85851741]]],[[[11.02870859,54.87629871],[11.02851777,54.87637273],[11.02841781,54.87628802],[11.02845979,54.87624552],[11.02870859,54.87629871]]],[[[11.02699751,54.87614697],[11.02701768,54.87618232],[11.02702373,54.87622824],[11.02710266,54.87635672],[11.02699751,54.87614697]]],[[[11.45171186,54.88359788],[11.45136448,54.88361613],[11.45103288,54.88362471],[11.45093697,54.88362691],[11.45171186,54.88359788]]],[[[11.50538306,54.91246961],[11.47281377,54.91308643],[11.47363824,54.90987391],[11.48119916,54.90565027],[11.48504422,54.90701249],[11.49083362,54.90061917],[11.47625955,54.89744901],[11.47836127,54.88681236],[11.48345684,54.88395928],[11.483463,54.88600776],[11.50703943,54.88926253],[11.51946251,54.88628157],[11.51760692,54.89041883],[11.49877925,54.89693361],[11.48490221,54.90747017],[11.49460426,54.91247932],[11.50031501,54.90943133],[11.50523828,54.91237956],[11.50538306,54.91246961]]],[[[11.05591625,54.9321277],[11.04657603,54.93004463],[11.04206863,54.92555656],[11.04685649,54.92980117],[11.05599771,54.9319896],[11.05591625,54.9321277]]],[[[11.37315738,54.93538141],[11.37306904,54.93540839],[11.37302668,54.93536517],[11.37311813,54.93534056],[11.37315738,54.93538141]]],[[[11.37347453,54.93571374],[11.37334733,54.93575686],[11.37334168,54.93574313],[11.37325727,54.9356539],[11.37347453,54.93571374]]],[[[11.16472585,54.95591626],[11.16470026,54.9560155],[11.16459266,54.95607674],[11.16439843,54.95611014],[11.16472585,54.95591626]]],[[[11.36624996,54.95645472],[11.36619006,54.95650398],[11.36610263,54.956526],[11.36600982,54.95653095],[11.36624996,54.95645472]]],[[[11.42006753,54.96469623],[11.40995209,54.96780782],[11.40802655,54.96249634],[11.4104961,54.94942205],[11.40429112,54.94762973],[11.39622865,54.95273293],[11.38027029,54.95563036],[11.37739578,54.95540365],[11.3794196,54.95363759],[11.37658477,54.94977084],[11.36913716,54.94956424],[11.36386581,54.95631882],[11.36863224,54.95950776],[11.3661909,54.96393129],[11.35807075,54.96843422],[11.35043667,54.96836373],[11.34959577,54.9658546],[11.35515984,54.95714304],[11.36323165,54.95726619],[11.36436038,54.94814467],[11.37299591,54.93751409],[11.37122371,54.93563697],[11.38949132,54.92957259],[11.4013591,54.92104668],[11.43377718,54.94458979],[11.46993269,54.94377504],[11.4700715,54.9513835],[11.45449677,54.96316005],[11.42035509,54.9646328],[11.42006753,54.96469623]]],[[[11.3181706,54.96626938],[11.31210865,54.97179367],[11.30201211,54.97039963],[11.30233717,54.9636044],[11.30722229,54.96216028],[11.31812158,54.96623751],[11.3181706,54.96626938]]],[[[11.29765187,54.97469586],[11.29750913,54.97474395],[11.29745186,54.97477272],[11.29741219,54.97481698],[11.29765187,54.97469586]]],[[[11.30749843,54.97608854],[11.30749039,54.97610092],[11.30747562,54.97614597],[11.30744289,54.97620196],[11.30749843,54.97608854]]],[[[11.29353996,54.976629],[11.28970324,54.97573807],[11.29036409,54.9703471],[11.29751599,54.96925249],[11.29099402,54.97022773],[11.29826842,54.97183049],[11.29094892,54.97327717],[11.29122608,54.97630498],[11.29511096,54.97494611],[11.29363378,54.97644349],[11.29353996,54.976629]]],[[[11.51928514,54.99161499],[11.50234305,54.98658427],[11.49827783,54.98301757],[11.49818182,54.97913748],[11.51638982,54.97174714],[11.52510446,54.95722564],[11.53839283,54.94678538],[11.54277856,54.95538672],[11.56770841,54.97261105],[11.54914226,54.98831803],[11.51962572,54.99158843],[11.51928514,54.99161499]]],[[[11.37279549,55.03977388],[11.36452323,55.03916933],[11.34550347,55.03094045],[11.34283514,55.02878238],[11.34407347,55.02357944],[11.37600334,55.03431724],[11.37380632,55.03450278],[11.37665351,55.03506052],[11.37297691,55.03967344],[11.37279549,55.03977388]]]]}},{"type":"Feature","properties":{"kode":"0370","navn":"Næstved"},"geometry":{"type":"MultiPolygon","coordinates":[[[[11.73115128,55.40908006],[11.71193053,55.40367981],[11.70011477,55.40575374],[11.68957666,55.40131242],[11.68797443,55.39798206],[11.6769213,55.3956288],[11.67548803,55.39136464],[11.6548444,55.38903607],[11.62210515,55.37503289],[11.59900467,55.3737188],[11.58291744,55.37816462],[11.57579948,55.37287566],[11.53785547,55.37229559],[11.5257746,55.3634693],[11.52174761,55.36441219],[11.51753877,55.35712975],[11.5126529,55.35705146],[11.50995223,55.34714255],[11.4969796,55.34604183],[11.48945454,55.34199617],[11.49272713,55.33793673],[11.47700512,55.33583426],[11.47350523,55.32921675],[11.46044793,55.32152645],[11.46445244,55.30929893],[11.44796783,55.30431725],[11.44514206,55.29955181],[11.43527606,55.29699547],[11.43553606,55.29329983],[11.44269269,55.29453752],[11.44137614,55.29033343],[11.44984849,55.29039757],[11.45005926,55.28748175],[11.46082402,55.29017724],[11.47074907,55.28770785],[11.46827391,55.28671683],[11.4719455,55.27096032],[11.47839026,55.2611767],[11.49173303,55.25690196],[11.48557572,55.24924973],[11.49435695,55.23234368],[11.49398914,55.22956136],[11.49035729,55.22905569],[11.49176039,55.22022702],[11.50824678,55.21980157],[11.50922629,55.2021188],[11.51735394,55.201796],[11.5164622,55.19774647],[11.5513866,55.19024176],[11.57126541,55.19066707],[11.58041265,55.18816064],[11.59632058,55.19021526],[11.61904932,55.18236569],[11.63094562,55.18155473],[11.63811068,55.1771721],[11.63700151,55.1752764],[11.65581837,55.18105292],[11.65460425,55.18889422],[11.66037626,55.19026405],[11.67244884,55.20083917],[11.69271052,55.20865867],[11.71390646,55.20908926],[11.73592447,55.19696923],[11.74570432,55.19736549],[11.73324281,55.1923979],[11.72368195,55.18368095],[11.72738654,55.18159861],[11.73868923,55.18456814],[11.74292422,55.18017391],[11.71453715,55.16889093],[11.71316632,55.15889573],[11.71657185,55.1560956],[11.73320896,55.15211015],[11.74142429,55.15615812],[11.75417912,55.15359008],[11.77197647,55.156798],[11.77460994,55.15432167],[11.77087164,55.14963692],[11.78041818,55.14648474],[11.78561371,55.14780712],[11.78453208,55.15015915],[11.78898182,55.15345409],[11.80962764,55.14990556],[11.81450642,55.14522468],[11.81822436,55.13464238],[11.81740737,55.1270802],[11.83097764,55.12446556],[11.82920353,55.12222863],[11.84860507,55.11506125],[11.86137675,55.12632351],[11.87014213,55.1300158],[11.87366718,55.12942967],[11.8729141,55.12720737],[11.88213572,55.12713762],[11.88233916,55.12939167],[11.88766163,55.12921244],[11.88778975,55.1320788],[11.89608501,55.13304434],[11.89815809,55.13732191],[11.9113234,55.1385162],[11.90942521,55.14763656],[11.92306302,55.14043887],[11.94837566,55.13903235],[11.94646216,55.14414651],[11.93942328,55.14813289],[11.95133519,55.15486017],[11.95406504,55.15301562],[11.95298649,55.14753249],[11.9570292,55.14853735],[11.96000743,55.14330418],[11.96415663,55.14284266],[11.96336668,55.13968936],[11.96587367,55.14161305],[11.98154039,55.13963103],[11.98618015,55.13768771],[11.98806968,55.13222785],[12.00322118,55.1313948],[12.00265419,55.13708646],[11.98983239,55.14141724],[11.98548627,55.1509551],[12.00200451,55.14462284],[12.00910034,55.14585043],[12.02513869,55.16369861],[12.0474813,55.17189407],[12.0417644,55.17894115],[12.02377737,55.18610171],[12.02672596,55.19223834],[12.02161644,55.19433837],[12.0278138,55.2050244],[12.01657959,55.21675725],[11.97304921,55.22509413],[11.98193577,55.23600813],[11.97954747,55.23869798],[11.98080435,55.24443194],[11.97471436,55.2487775],[11.96382456,55.24788512],[11.95529425,55.24298288],[11.94475995,55.24347532],[11.94282722,55.24795441],[11.93766676,55.24945612],[11.94562355,55.2539232],[11.9352881,55.25698539],[11.93950505,55.26189254],[11.93244044,55.26529939],[11.92519899,55.26225865],[11.91909889,55.26733703],[11.91493224,55.26647579],[11.90568134,55.27069087],[11.90377536,55.27672543],[11.89702846,55.27878937],[11.89828118,55.28289881],[11.89377111,55.28156592],[11.85291778,55.29084918],[11.83814366,55.30479721],[11.84307112,55.30427835],[11.84320588,55.30983094],[11.83198669,55.31234684],[11.85859279,55.31818675],[11.8443216,55.3265997],[11.85036136,55.32636994],[11.85416519,55.33533495],[11.8643147,55.33253221],[11.88112524,55.33478469],[11.88380845,55.33607622],[11.88124811,55.33762756],[11.88317015,55.34131481],[11.88708906,55.34281083],[11.86449466,55.35170781],[11.85973996,55.35628153],[11.83630221,55.36213389],[11.83204244,55.3659428],[11.81969272,55.3662488],[11.80577771,55.37167029],[11.78676287,55.36824437],[11.77513459,55.37830998],[11.76621674,55.38055553],[11.75092601,55.39443833],[11.73133198,55.40170863],[11.73116723,55.40896544],[11.73115128,55.40908006]]],[[[11.81620311,55.13262908],[11.81618375,55.13263932],[11.81615042,55.13266518],[11.81612215,55.13269595],[11.81620311,55.13262908]]],[[[11.74549849,55.14211261],[11.74550642,55.14212745],[11.74549972,55.14215556],[11.74544798,55.1422157],[11.74549849,55.14211261]]],[[[11.71220048,55.14526801],[11.71221854,55.145289],[11.71224102,55.14531718],[11.71225747,55.14536068],[11.71220048,55.14526801]]],[[[11.71955273,55.14730189],[11.71248095,55.13561581],[11.7138104,55.12518887],[11.71692534,55.12364653],[11.72816631,55.13670375],[11.71964253,55.14237846],[11.72268304,55.14633191],[11.71958902,55.14729784],[11.71955273,55.14730189]]],[[[11.70014595,55.14978234],[11.70010332,55.14978095],[11.70008914,55.14976625],[11.70007801,55.14974321],[11.70014595,55.14978234]]],[[[11.70872401,55.15003213],[11.70866772,55.15002601],[11.70862392,55.15002833],[11.70859144,55.15001692],[11.70872401,55.15003213]]],[[[11.69782806,55.15213442],[11.69786787,55.15213578],[11.69789356,55.15213962],[11.69795605,55.15214678],[11.69782806,55.15213442]]],[[[11.69943592,55.15566419],[11.69638403,55.15482606],[11.70408988,55.1543489],[11.69948219,55.1556495],[11.69943592,55.15566419]]],[[[11.65997066,55.17230815],[11.65805192,55.17212024],[11.66220671,55.17199017],[11.65998619,55.17230089],[11.65997066,55.17230815]]],[[[11.64430017,55.1759487],[11.64461668,55.17600808],[11.64497804,55.17607584],[11.64541969,55.17615822],[11.64430017,55.1759487]]],[[[11.65321604,55.17857312],[11.6531815,55.1785852],[11.65315878,55.17860017],[11.65315328,55.1786144],[11.65321604,55.17857312]]],[[[11.65962141,55.1785679],[11.6595999,55.17857745],[11.65958333,55.17859039],[11.65956366,55.17859936],[11.65962141,55.1785679]]],[[[11.66526234,55.17871669],[11.66527081,55.17873061],[11.66527063,55.17876559],[11.6652608,55.17878297],[11.66526234,55.17871669]]],[[[11.6716199,55.17881094],[11.67163965,55.17882912],[11.67168771,55.1788571],[11.67177302,55.17889478],[11.6716199,55.17881094]]],[[[11.66906602,55.17960971],[11.6690457,55.17974041],[11.66899831,55.17979754],[11.66901986,55.17984031],[11.66906602,55.17960971]]],[[[11.67964275,55.17938687],[11.67318776,55.17974429],[11.66102609,55.1712478],[11.65733007,55.172441],[11.66473315,55.1743455],[11.65266267,55.17784093],[11.63758745,55.17475932],[11.64730164,55.17599312],[11.66247836,55.16232623],[11.67977603,55.1604516],[11.70423658,55.14355157],[11.71266827,55.14109311],[11.70372752,55.14469638],[11.7121185,55.14480012],[11.70732654,55.15064465],[11.70024082,55.15186197],[11.70213665,55.14806433],[11.6944179,55.15720291],[11.6793546,55.16236846],[11.6765176,55.16935306],[11.67965767,55.17930725],[11.67964275,55.17938687]]],[[[11.67856409,55.18003383],[11.67860283,55.18003981],[11.67864793,55.18004718],[11.67870063,55.18005752],[11.67856409,55.18003383]]],[[[11.68749437,55.19089217],[11.68132927,55.19243086],[11.67667477,55.18879107],[11.69068183,55.1909388],[11.68751252,55.19088395],[11.68749437,55.19089217]]],[[[11.74049031,55.19567041],[11.74051724,55.19568958],[11.74055527,55.19571479],[11.74063295,55.19573822],[11.74049031,55.19567041]]],[[[11.71719528,55.20068485],[11.71631057,55.19883221],[11.71959712,55.19876369],[11.71721924,55.20066508],[11.71719528,55.20068485]]],[[[11.69930787,55.20159034],[11.6994513,55.20161944],[11.69953376,55.20164881],[11.69961045,55.2016881],[11.69930787,55.20159034]]],[[[11.70735576,55.20291665],[11.70129573,55.20194374],[11.70151547,55.1943244],[11.69324397,55.18874718],[11.6888881,55.18017613],[11.69159312,55.17789662],[11.68700245,55.1756297],[11.68967996,55.17228745],[11.70526322,55.17478124],[11.71909404,55.17255475],[11.71912151,55.17668876],[11.71622276,55.17818429],[11.72032999,55.17866721],[11.72126537,55.18419071],[11.73066018,55.1907197],[11.73264009,55.19542926],[11.71637267,55.19799029],[11.70732347,55.20283466],[11.70735576,55.20291665]]]]}},{"type":"Feature","properties":{"kode":"0376","navn":"Guldborgsund"},"geometry":{"type":"MultiPolygon","coordinates":[[[[11.82557737,54.96795411],[11.8213929,54.96634859],[11.82905634,54.9598085],[11.82733702,54.9523763],[11.82351864,54.94500942],[11.81759534,54.9432697],[11.81408815,54.9380135],[11.80088937,54.93629556],[11.78561254,54.95310908],[11.7666525,54.96089496],[11.77386426,54.96022873],[11.75397546,54.96169634],[11.74233677,54.96007632],[11.73104057,54.95024514],[11.73992855,54.94707475],[11.73636051,54.94192918],[11.72092698,54.94430142],[11.70481253,54.93215644],[11.71014899,54.92970407],[11.74715487,54.92826087],[11.75546634,54.9195174],[11.75631856,54.91431537],[11.74331129,54.90256564],[11.74051263,54.89434962],[11.74699331,54.8853635],[11.75678617,54.88161452],[11.75542207,54.87619712],[11.74943272,54.87048199],[11.75386982,54.86944616],[11.75833562,54.86088656],[11.75518932,54.85544914],[11.78372126,54.85368567],[11.80705584,54.84309746],[11.80460384,54.83654532],[11.80024292,54.83507679],[11.81389842,54.83242705],[11.8146377,54.82778267],[11.80702125,54.8172818],[11.79448367,54.80992433],[11.81211707,54.79889234],[11.83092945,54.79654489],[11.83734392,54.78648069],[11.84751628,54.7841051],[11.86595706,54.77195757],[11.8601476,54.77123681],[11.8633068,54.77071819],[11.86135756,54.76963959],[11.86922816,54.76114468],[11.86753643,54.75951112],[11.88434032,54.74705781],[11.87500965,54.7413676],[11.87481192,54.73453432],[11.86916957,54.73093554],[11.86987942,54.72684365],[11.91084539,54.71785687],[11.91009644,54.71331685],[11.90011622,54.70395236],[11.87795805,54.68851181],[11.87759904,54.67884883],[11.86627218,54.65708772],[11.87303952,54.64511291],[11.89125632,54.63013462],[11.91668164,54.60256032],[11.92203216,54.58903714],[11.91925132,54.58117902],[11.92283321,54.58212987],[11.92311161,54.58014111],[11.91979216,54.58082027],[11.91797485,54.57461035],[11.92351267,54.57411821],[11.92554004,54.57099007],[11.92439339,54.57350882],[11.92682987,54.57386921],[11.93062469,54.57200267],[11.92720743,54.57121225],[11.93728515,54.5704044],[11.97005345,54.55908589],[11.97368353,54.56422198],[11.97403971,54.57502628],[11.9640114,54.62367928],[11.96091395,54.65538644],[11.96307318,54.67289355],[11.97426356,54.69617929],[11.98741192,54.70815937],[12.01777226,54.72443763],[12.02521527,54.73131298],[12.03998406,54.75645667],[12.05211229,54.76389518],[12.06687673,54.77851292],[12.08376065,54.79015612],[12.1165071,54.80020608],[12.12701277,54.80802066],[12.13311868,54.82151891],[12.15929415,54.82832222],[12.16526856,54.83548195],[12.15575588,54.84784381],[12.12755097,54.86725844],[12.12163343,54.87674179],[12.12057343,54.8869094],[12.09525837,54.88852726],[12.07384625,54.89333218],[12.05852347,54.88853792],[12.04525752,54.89257137],[12.03025898,54.89163537],[12.00064993,54.89607406],[11.98518335,54.90427303],[11.98821556,54.90577766],[11.98767431,54.90835081],[11.98114362,54.91581787],[11.9785073,54.92761286],[11.9813116,54.93274407],[11.96583514,54.93907294],[11.952213,54.93963888],[11.93336431,54.93582105],[11.9252988,54.94001839],[11.92355919,54.92308729],[11.91672059,54.92454527],[11.91930926,54.91702266],[11.90353115,54.91739913],[11.88929627,54.92245814],[11.88697114,54.92650823],[11.88923039,54.93182601],[11.87339098,54.93939888],[11.87509016,54.94265328],[11.88148448,54.9436815],[11.86859823,54.94930208],[11.87087593,54.95363197],[11.86396334,54.95472533],[11.86647787,54.95848054],[11.85935316,54.95510713],[11.85276387,54.95692755],[11.85446532,54.95979271],[11.8522276,54.96054057],[11.850078,54.9574961],[11.84216445,54.95854444],[11.82564788,54.96794123],[11.82557737,54.96795411]]],[[[11.90130064,54.56365612],[11.90112525,54.56372659],[11.90093373,54.56365072],[11.90059248,54.56358185],[11.90130064,54.56365612]]],[[[11.90263474,54.56235414],[11.90719652,54.56339142],[11.8977465,54.56177092],[11.90200406,54.56230958],[11.90263474,54.56235414]]],[[[11.9281373,54.57217415],[11.92801099,54.57215437],[11.92800889,54.57214444],[11.92810787,54.5720961],[11.9281373,54.57217415]]],[[[11.83115834,54.57693107],[11.82695179,54.58110197],[11.83860595,54.57223122],[11.86027282,54.56418715],[11.88969476,54.56451477],[11.85913395,54.56491653],[11.83122287,54.57691985],[11.83115834,54.57693107]]],[[[11.80867927,54.63969255],[11.80876437,54.63978255],[11.80885391,54.63986939],[11.80900716,54.63991582],[11.80867927,54.63969255]]],[[[11.60192748,54.65424376],[11.59622679,54.65499023],[11.59935404,54.65229293],[11.60191048,54.65424224],[11.60192748,54.65424376]]],[[[11.65656313,54.64897862],[11.65873459,54.65598407],[11.65472411,54.65036874],[11.65654493,54.64896329],[11.65656313,54.64897862]]],[[[11.83426608,54.65190413],[11.83428298,54.65192639],[11.83429483,54.65194293],[11.83429549,54.6519591],[11.83426608,54.65190413]]],[[[11.56352529,54.65832041],[11.56351603,54.65833346],[11.56350621,54.65833762],[11.56348994,54.65833536],[11.56352529,54.65832041]]],[[[11.72550381,54.66372187],[11.72549082,54.66373627],[11.72547188,54.66374524],[11.72544501,54.66374693],[11.72550381,54.66372187]]],[[[11.81279757,54.70859213],[11.81283841,54.70859451],[11.8128702,54.70860069],[11.81292426,54.7086078],[11.81279757,54.70859213]]],[[[11.88923831,54.71026835],[11.88916315,54.71028354],[11.88913128,54.71030048],[11.88909063,54.71033148],[11.88923831,54.71026835]]],[[[11.88992656,54.71442135],[11.88992779,54.7144321],[11.88991359,54.71444647],[11.88989319,54.71446089],[11.88992656,54.71442135]]],[[[11.8162832,54.71648091],[11.81625682,54.71647226],[11.81623193,54.71646259],[11.81620961,54.7164543],[11.8162832,54.71648091]]],[[[11.81818037,54.71697406],[11.81822585,54.71698937],[11.81826863,54.71700833],[11.81828435,54.71702001],[11.81818037,54.71697406]]],[[[11.82163693,54.71729916],[11.82164024,54.71729989],[11.82168139,54.71732438],[11.82169487,54.71733962],[11.82163693,54.71729916]]],[[[11.83258614,54.71765428],[11.83088133,54.71574238],[11.83490354,54.71373514],[11.83263314,54.7176512],[11.83258614,54.71765428]]],[[[11.82842605,54.71859245],[11.82839915,54.71860305],[11.82831882,54.71864709],[11.82823053,54.7186862],[11.82842605,54.71859245]]],[[[11.85684078,54.72621454],[11.85408725,54.72516245],[11.87192102,54.72080646],[11.86576899,54.72206293],[11.86455227,54.72561808],[11.85689223,54.72621288],[11.85684078,54.72621454]]],[[[11.86515158,54.73121843],[11.86506617,54.73128267],[11.86483547,54.73155343],[11.86476542,54.73166145],[11.86515158,54.73121843]]],[[[11.76904786,54.83760672],[11.7690613,54.83761199],[11.76900513,54.8376264],[11.76896559,54.83766092],[11.76904786,54.83760672]]],[[[12.04911979,54.89199053],[12.0478176,54.89215306],[12.04679939,54.8922777],[12.04678719,54.89224204],[12.04911979,54.89199053]]],[[[11.63889578,54.90248654],[11.63622223,54.90323682],[11.63633573,54.89923148],[11.64862691,54.88831727],[11.64263094,54.87116065],[11.65131153,54.86469248],[11.65118246,54.85836284],[11.63782937,54.85789135],[11.62822404,54.85218892],[11.60978952,54.84859159],[11.58252662,54.85738295],[11.57387767,54.85211694],[11.56421693,54.85206191],[11.56136877,54.84592475],[11.57538369,54.83435207],[11.59310025,54.83049534],[11.59300067,54.82688322],[11.59919392,54.82547559],[11.63725384,54.80143853],[11.621199,54.8111666],[11.60723321,54.81528322],[11.59091313,54.82627687],[11.56343581,54.82362388],[11.55400699,54.82920639],[11.54797188,54.82890582],[11.54697807,54.81916399],[11.53678409,54.80435505],[11.53737822,54.80050673],[11.54303372,54.80063973],[11.5434073,54.79188124],[11.55145903,54.79277973],[11.55499783,54.78302535],[11.54108273,54.77375189],[11.54783654,54.76169327],[11.54372351,54.75879828],[11.530506,54.75923888],[11.53003175,54.75698499],[11.54060053,54.75329769],[11.54578238,54.75636928],[11.56099282,54.75596357],[11.5787511,54.74127645],[11.57709117,54.7288815],[11.56954203,54.72325388],[11.5742729,54.70992489],[11.57127242,54.7073535],[11.56966035,54.69520544],[11.55452175,54.68108157],[11.55388632,54.67277513],[11.56695514,54.66983896],[11.56126027,54.66490319],[11.56052878,54.65958864],[11.58902311,54.65786459],[11.59079276,54.65904946],[11.58292095,54.66276329],[11.59106299,54.66491269],[11.6077388,54.65942544],[11.62659013,54.65942195],[11.63085647,54.66331749],[11.644468,54.66162533],[11.65031002,54.65776139],[11.65748104,54.65968038],[11.65824609,54.65727688],[11.66364627,54.65984139],[11.66029554,54.66221716],[11.66554829,54.6674949],[11.66997717,54.66446878],[11.6695958,54.66190673],[11.68796629,54.6645652],[11.70196853,54.66158064],[11.71205822,54.65184416],[11.72375139,54.65548089],[11.7205106,54.66335454],[11.72658914,54.6658346],[11.73407819,54.65863322],[11.72836307,54.65391135],[11.73831155,54.65102478],[11.75531926,54.65214329],[11.78497728,54.64912716],[11.80829258,54.64233827],[11.80378404,54.64468844],[11.8088507,54.64830455],[11.81676739,54.64670394],[11.81856588,54.65147714],[11.82507758,54.64956921],[11.83416947,54.65153436],[11.81740691,54.65912134],[11.84815508,54.66601604],[11.83934114,54.67054304],[11.85232251,54.67528883],[11.83832973,54.68277576],[11.8585505,54.68512881],[11.86063783,54.68686442],[11.85786228,54.69063759],[11.86014956,54.69153435],[11.85195685,54.69645462],[11.84569827,54.69431069],[11.83018393,54.69841914],[11.81398853,54.70511303],[11.81669477,54.70708341],[11.80668712,54.70560015],[11.81211747,54.70825315],[11.80669585,54.71368649],[11.82320162,54.71876259],[11.81489099,54.72300815],[11.82036432,54.72892217],[11.81512491,54.72876163],[11.8186585,54.73055066],[11.81271864,54.73694657],[11.83422583,54.72617209],[11.84704047,54.72659493],[11.84699358,54.72923025],[11.86525588,54.73658738],[11.86545578,54.74799625],[11.85722358,54.75606119],[11.86406521,54.75799909],[11.85598899,54.75789927],[11.86235802,54.76082225],[11.85647086,54.76078861],[11.85688376,54.76875966],[11.83370569,54.78018221],[11.82203736,54.78966422],[11.8125482,54.79133251],[11.81122867,54.78836302],[11.8094664,54.79387953],[11.79989857,54.79409633],[11.79794809,54.79921864],[11.78193452,54.80681585],[11.77981812,54.81916771],[11.78707729,54.82522717],[11.78944456,54.83180442],[11.79436183,54.83326186],[11.77976955,54.83143619],[11.7592295,54.8390047],[11.74955663,54.83931086],[11.73728611,54.85842688],[11.73909215,54.86570443],[11.74754893,54.87173174],[11.7434976,54.87462118],[11.71600723,54.87309615],[11.68416268,54.88642229],[11.67239328,54.89603104],[11.66374837,54.89726454],[11.65961666,54.90117984],[11.63891232,54.90248178],[11.63889578,54.90248654]]],[[[11.63854617,54.90995602],[11.63308405,54.90810455],[11.63061646,54.90324718],[11.6359963,54.90483049],[11.63108174,54.90344423],[11.63324389,54.90720247],[11.64024857,54.90958074],[11.64804356,54.90582598],[11.64466188,54.90932029],[11.63865199,54.90994698],[11.63854617,54.90995602]]],[[[11.91499455,54.92241784],[11.91502498,54.92244579],[11.91503785,54.92246184],[11.91503733,54.92248919],[11.91499455,54.92241784]]],[[[11.91658375,54.92367495],[11.91660293,54.92372645],[11.91658144,54.92376374],[11.91658863,54.92380276],[11.91658375,54.92367495]]],[[[11.70309836,54.94440487],[11.69547274,54.94379154],[11.70764467,54.94332572],[11.70326974,54.94432447],[11.70309836,54.94440487]]],[[[11.83166216,54.96623901],[11.83171136,54.96626529],[11.83186106,54.96637418],[11.83193296,54.9664366],[11.83166216,54.96623901]]],[[[11.82468288,54.97010342],[11.82468448,54.97014402],[11.82466249,54.97017132],[11.82462504,54.9702122],[11.82468288,54.97010342]]]]}},{"type":"Feature","properties":{"kode":"0390","navn":"Vordingborg"},"geometry":{"type":"MultiPolygon","coordinates":[[[[11.95288279,55.15034521],[11.95406504,55.15301562],[11.95133519,55.15486017],[11.93942328,55.14813289],[11.94646216,55.14414651],[11.94837566,55.13903235],[11.92306302,55.14043887],[11.90942521,55.14763656],[11.9113234,55.1385162],[11.89815809,55.13732191],[11.89608501,55.13304434],[11.88778975,55.1320788],[11.88766163,55.12921244],[11.88233916,55.12939167],[11.88213572,55.12713762],[11.8729141,55.12720737],[11.87366718,55.12942967],[11.87014213,55.1300158],[11.86137675,55.12632351],[11.84931799,55.11493012],[11.82920353,55.12222863],[11.83097764,55.12446556],[11.82148122,55.1248735],[11.8161445,55.13096845],[11.80765427,55.1287719],[11.77837498,55.13247641],[11.76839942,55.12900506],[11.76506809,55.12130227],[11.75944996,55.11857975],[11.748972,55.1211736],[11.72811468,55.12000247],[11.73147506,55.12517313],[11.7261347,55.12866943],[11.71960292,55.12458939],[11.72005402,55.11287071],[11.72936016,55.10723272],[11.74143672,55.09428898],[11.7555543,55.091443],[11.7628219,55.09376549],[11.75813517,55.09181687],[11.75637269,55.08739934],[11.74841808,55.08797342],[11.75051308,55.08320129],[11.76082815,55.07666502],[11.77694944,55.07460202],[11.78001905,55.07766952],[11.7718836,55.07835852],[11.7673148,55.08364535],[11.77455631,55.08657222],[11.78063147,55.08114444],[11.80808225,55.07283606],[11.81193438,55.06535855],[11.83108384,55.05241179],[11.83234776,55.04471262],[11.82720259,55.04151064],[11.74704329,55.06437585],[11.73591526,55.06377153],[11.66975105,55.07417598],[11.63578516,55.08249301],[11.61625114,55.08127987],[11.62141772,55.08236009],[11.63932811,55.07722484],[11.64451231,55.07866265],[11.65831578,55.07376609],[11.6731982,55.07390119],[11.72970382,55.05497333],[11.76660316,55.04957541],[11.80939198,55.03770623],[11.82906838,55.0240345],[11.8493694,55.01746825],[11.86375577,55.00745284],[11.88417167,55.00214021],[11.89824319,54.9941092],[11.91868853,54.99519074],[11.9175843,55.00071165],[11.90780295,55.00323513],[11.91120206,55.00489315],[11.95169766,54.99763892],[11.96055088,54.98671771],[11.97803871,54.97667676],[12.02295925,54.96305293],[12.05322333,54.96268218],[12.07675822,54.9692875],[12.09453182,54.9816993],[12.10376076,54.98430805],[12.10860207,54.99031076],[12.12123025,54.99497559],[12.14069489,54.99307599],[12.1562978,54.99598062],[12.16150682,54.99188744],[12.15873014,54.99555851],[12.1646537,54.99604018],[12.16476726,54.993674],[12.1692366,54.99330183],[12.17089668,55.00420596],[12.13902274,55.03831957],[12.14393903,55.04593023],[12.12754202,55.04768786],[12.12876487,55.05083067],[12.12646527,55.05087469],[12.12979201,55.05079822],[12.13064431,55.05597504],[12.12337839,55.06032965],[12.12200252,55.06826493],[12.11488062,55.06871999],[12.1166174,55.07098843],[12.12263761,55.0695828],[12.12597099,55.07375611],[12.1159472,55.07537103],[12.11981589,55.07784248],[12.1165356,55.08362991],[12.102597,55.08485893],[12.0991939,55.08987837],[12.1070525,55.08998853],[12.1118585,55.08459142],[12.11886044,55.08510518],[12.12307792,55.07891899],[12.1354254,55.08270706],[12.15419111,55.07603753],[12.17114469,55.0882637],[12.16981263,55.09799424],[12.17413818,55.10435721],[12.18082562,55.10548112],[12.1836558,55.11008094],[12.18123679,55.11451545],[12.17281594,55.11757846],[12.16499823,55.12456899],[12.12892024,55.1316538],[12.12223273,55.1306295],[12.12661784,55.13015869],[12.12599855,55.12641308],[12.11387361,55.12413128],[12.1045838,55.1269059],[12.09913495,55.1227286],[12.08439034,55.12303452],[12.09029502,55.12763371],[12.08076414,55.13054449],[12.06606657,55.12992658],[12.05731006,55.12050814],[12.05202714,55.12310592],[12.04878451,55.1216307],[12.05165957,55.12469093],[12.04954891,55.12615129],[12.03544941,55.12283364],[12.03365897,55.12698041],[12.04036516,55.13436238],[12.03121088,55.14382796],[12.01840917,55.14338935],[12.01126082,55.14691366],[12.00200451,55.14462284],[11.98548627,55.1509551],[11.98983239,55.14141724],[12.00265419,55.13708646],[12.00322118,55.1313948],[11.98806968,55.13222785],[11.98618015,55.13768771],[11.98154039,55.13963103],[11.96587367,55.14161305],[11.96336668,55.13968936],[11.96415663,55.14284266],[11.96000743,55.14330418],[11.9570292,55.14853735],[11.95298649,55.14753249],[11.95289808,55.14983221],[11.95288279,55.15034521]]],[[[12.13249897,54.89966543],[12.13259137,54.89971402],[12.13262456,54.89973367],[12.13264625,54.89975379],[12.13249897,54.89966543]]],[[[12.12022815,54.90024658],[12.12021309,54.90029597],[12.12009073,54.90034173],[12.12008387,54.90039217],[12.12022815,54.90024658]]],[[[12.04431214,54.95559392],[12.04674923,54.95183544],[12.0559506,54.95240901],[12.04770092,54.95176985],[12.04444117,54.95558125],[12.04431214,54.95559392]]],[[[11.99502308,54.95573298],[11.98473387,54.95469162],[11.9827922,54.95067904],[11.9981315,54.9425808],[11.99384962,54.93359017],[12.00326964,54.92176803],[12.07294843,54.90814089],[12.09874027,54.9057519],[12.08403997,54.90829015],[12.08145584,54.9114848],[12.07547759,54.90981939],[12.08706112,54.92151076],[12.08819506,54.92625793],[12.06916048,54.93830277],[12.03193042,54.93849433],[12.02127372,54.93283953],[12.00868763,54.93421709],[12.00942111,54.9374648],[12.00254314,54.93828333],[11.99740624,54.94492827],[11.99752142,54.95459554],[11.99516977,54.95572873],[11.99502308,54.95573298]]],[[[12.10419342,54.96090063],[12.09298888,54.96102104],[12.08259957,54.95623236],[12.05962327,54.95272332],[12.07696262,54.94703416],[12.07588321,54.94947133],[12.09129212,54.95347497],[12.09971686,54.94886992],[12.09586742,54.95493862],[12.10137278,54.95596191],[12.10424307,54.96072601],[12.10419342,54.96090063]]],[[[11.87861454,54.97728145],[11.87870077,54.97728939],[11.87881669,54.97731038],[11.87909692,54.97736461],[11.87861454,54.97728145]]],[[[12.28191393,54.98207873],[12.28185677,54.98204323],[12.28189789,54.98202018],[12.28186872,54.98200577],[12.28191393,54.98207873]]],[[[12.13082575,54.9889278],[12.12398985,54.98565322],[12.11856016,54.98810587],[12.10659024,54.985776],[12.11497171,54.98026074],[12.10183869,54.97267734],[12.10161924,54.96984854],[12.1042142,54.96777873],[12.10873227,54.97293823],[12.11595383,54.97080248],[12.1170952,54.97766904],[12.13086726,54.98891864],[12.13082575,54.9889278]]],[[[11.87220234,54.99543767],[11.87582743,54.99762876],[11.8747395,55.00008151],[11.87559587,54.99759666],[11.87184169,54.99534073],[11.86599808,54.99533632],[11.87877088,54.98909616],[11.8853821,54.98126696],[11.89103525,54.98075288],[11.89307073,54.9785268],[11.89122008,54.97649334],[11.89856172,54.97739399],[11.89175065,54.99472232],[11.88107864,54.99888866],[11.87201939,54.9953306],[11.87220234,54.99543767]]],[[[12.22235886,55.00806828],[12.22136302,55.00533723],[12.22728553,55.00411853],[12.22242184,55.00806364],[12.22235886,55.00806828]]],[[[12.28274132,55.01409794],[12.28276173,55.01409883],[12.28278762,55.01413796],[12.28278039,55.01417961],[12.28274132,55.01409794]]],[[[12.28504632,55.01810404],[12.28500776,55.0181281],[12.28496205,55.01813752],[12.28495401,55.01813872],[12.28504632,55.01810404]]],[[[12.23650225,55.03180345],[12.23312781,55.03059937],[12.23539218,55.02899597],[12.23663655,55.03159964],[12.23650225,55.03180345]]],[[[12.22855177,55.04321064],[12.22860801,55.04323037],[12.22865101,55.04325098],[12.22869809,55.04327374],[12.22855177,55.04321064]]],[[[12.234564,55.06078059],[12.21361225,55.05874167],[12.19602743,55.04992233],[12.19777991,55.04872944],[12.18025879,55.04678372],[12.18746222,55.04044099],[12.19906163,55.04017714],[12.21899122,55.03356913],[12.22858391,55.05028986],[12.23365758,55.04972529],[12.22962325,55.05103938],[12.2362229,55.05626043],[12.23664507,55.05856139],[12.23264912,55.05887553],[12.23766083,55.06034268],[12.23479885,55.06075573],[12.234564,55.06078059]]],[[[12.26444122,55.05982968],[12.25880061,55.06060349],[12.2601128,55.05886375],[12.25331809,55.05435795],[12.23545456,55.04937306],[12.23231792,55.0424519],[12.23843288,55.03665986],[12.24635987,55.03612157],[12.2471071,55.03889468],[12.2528489,55.0396391],[12.26183141,55.03544482],[12.26030894,55.03299477],[12.27403058,55.02548222],[12.26724483,55.02042349],[12.27492372,55.02442262],[12.28323199,55.01568364],[12.28449556,55.01848928],[12.28176102,55.02031781],[12.28546861,55.02042214],[12.28678299,55.0169899],[12.28282186,55.01018079],[12.27061673,54.9987143],[12.27978446,54.98940781],[12.27868929,54.98460436],[12.28520957,54.98119572],[12.30008876,54.98778319],[12.29867228,54.99009812],[12.30085865,54.99153018],[12.30423386,54.98653492],[12.31379793,54.98414312],[12.34473335,54.98758125],[12.35444769,54.98613916],[12.31190058,54.97877787],[12.3006584,54.97364191],[12.29128959,54.96514614],[12.28043944,54.96455223],[12.27380802,54.96119071],[12.26681494,54.96316467],[12.27238906,54.96484073],[12.27508239,54.97250164],[12.2846689,54.98066339],[12.27718572,54.98368507],[12.26040857,54.98234213],[12.25363814,54.97796478],[12.22989129,54.97454961],[12.20650996,54.96666457],[12.20239924,54.97070262],[12.20272154,54.97785116],[12.19728522,54.98068531],[12.16747075,54.98684332],[12.16981871,54.98025714],[12.18361886,54.97091949],[12.18264968,54.96826163],[12.16240034,54.97166096],[12.14537238,54.96856431],[12.14547282,54.96548254],[12.12107111,54.9581712],[12.1215882,54.9535608],[12.12998511,54.94698438],[12.14699316,54.94299453],[12.1198986,54.93316362],[12.11189743,54.92267307],[12.10971887,54.91705571],[12.1160179,54.9160684],[12.12258022,54.9088046],[12.09910762,54.90557979],[12.11153618,54.90067071],[12.1287379,54.90289258],[12.14796845,54.90067302],[12.14871863,54.8987077],[12.14191687,54.89951619],[12.14209057,54.8956891],[12.13209238,54.8966407],[12.13463424,54.89778736],[12.13077335,54.8998734],[12.12461863,54.89895564],[12.14336111,54.88077934],[12.19479259,54.87983748],[12.21026555,54.88293869],[12.23057005,54.89545825],[12.24433351,54.91133404],[12.2640409,54.92275532],[12.28431948,54.93899752],[12.31604661,54.95355834],[12.34014902,54.96078231],[12.37442465,54.96542845],[12.42954635,54.96143418],[12.46109245,54.95582631],[12.46403697,54.95194258],[12.46257424,54.95518969],[12.46532437,54.95204963],[12.46741172,54.95344552],[12.46324923,54.95128758],[12.4733819,54.95163171],[12.50891886,54.94344551],[12.5373594,54.94504929],[12.55250471,54.95829322],[12.55283892,54.96533103],[12.5471406,54.9805272],[12.52161858,55.00784822],[12.46164889,55.02296261],[12.41936064,55.02238039],[12.3875056,55.02719792],[12.31180451,55.02829691],[12.28699338,55.03632232],[12.2792763,55.04360881],[12.27304539,55.05568091],[12.26476718,55.05963912],[12.26444122,55.05982968]]],[[[12.16858227,55.06758829],[12.16840057,55.06764616],[12.16823124,55.067718],[12.16824514,55.06774713],[12.16858227,55.06758829]]],[[[11.73288316,55.08202035],[11.73208947,55.08211287],[11.73122858,55.08218739],[11.73060039,55.08222954],[11.73288316,55.08202035]]],[[[11.72194905,55.08350335],[11.71881159,55.08355559],[11.72486402,55.0826019],[11.72223834,55.08335808],[11.72194905,55.08350335]]],[[[12.22252827,55.07424159],[12.22263308,55.07433287],[12.22279898,55.07441991],[12.2233371,55.07467117],[12.22252827,55.07424159]]],[[[11.75106092,55.09210299],[11.75005874,55.08873322],[11.75727757,55.09057358],[11.75134473,55.0920839],[11.75106092,55.09210299]]],[[[12.25130658,55.08040641],[12.25137093,55.0804635],[12.25160456,55.08049178],[12.25205855,55.08059348],[12.25130658,55.08040641]]],[[[12.10249036,55.08570975],[12.10251313,55.08572446],[12.10254309,55.08575516],[12.1025863,55.08579092],[12.10249036,55.08570975]]],[[[12.2521761,55.08232646],[12.25212113,55.08233854],[12.25197784,55.08233239],[12.25182916,55.08232351],[12.2521761,55.08232646]]],[[[12.24800975,55.08252901],[12.24807309,55.08253694],[12.24813805,55.08254753],[12.24818029,55.08256007],[12.24800975,55.08252901]]],[[[12.24739516,55.08347943],[12.24731354,55.08351479],[12.24719007,55.0835153],[12.24712162,55.08350418],[12.24739516,55.08347943]]],[[[12.23912318,55.08497991],[12.239039,55.08500697],[12.23898133,55.08505166],[12.23887199,55.08507768],[12.23912318,55.08497991]]],[[[12.24721594,55.08731495],[12.24483958,55.08697679],[12.2605937,55.08228397],[12.26072913,55.07979353],[12.25616757,55.0791142],[12.25691281,55.07588283],[12.26738054,55.06829821],[12.27241194,55.06810525],[12.27043881,55.07561637],[12.26046947,55.08351848],[12.24722655,55.08728724],[12.24721594,55.08731495]]],[[[11.75848648,55.1188354],[11.75847809,55.11885708],[11.75846251,55.11886768],[11.75841971,55.11888843],[11.75848648,55.1188354]]],[[[12.11964428,55.13174616],[12.09500398,55.12943282],[12.10857111,55.12641504],[12.10957476,55.12894613],[12.1218416,55.12994921],[12.1197224,55.13173175],[12.11964428,55.13174616]]],[[[12.05244181,55.13364623],[12.04968375,55.13276683],[12.05420732,55.13178891],[12.05262501,55.13363067],[12.05244181,55.13364623]]],[[[12.06560367,55.13575359],[12.05888597,55.13369742],[12.06978098,55.13232531],[12.06572873,55.13571655],[12.06560367,55.13575359]]]]}},{"type":"Feature","properties":{"kode":"0400","navn":"Bornholm"},"geometry":{"type":"MultiPolygon","coordinates":[[[[14.77321708,55.29917817],[14.7520795,55.2879802],[14.7520126,55.28186352],[14.75743095,55.27776156],[14.75237327,55.27317537],[14.75250671,55.2682274],[14.73675761,55.24877475],[14.73197194,55.24533114],[14.72805487,55.24643221],[14.73118615,55.24466629],[14.71083742,55.2228647],[14.70619307,55.2120269],[14.70624552,55.20597624],[14.70109317,55.19658921],[14.7036534,55.19007456],[14.69986727,55.18880159],[14.70346993,55.18908325],[14.70286691,55.1842299],[14.69825254,55.18866224],[14.70181777,55.18606938],[14.70040145,55.18165554],[14.70624593,55.16856975],[14.70422824,55.14842177],[14.70701893,55.13029817],[14.69886351,55.12164501],[14.70255409,55.11429471],[14.69942367,55.10700388],[14.69354437,55.10324852],[14.69424019,55.10502722],[14.69081543,55.10442262],[14.69436434,55.10663937],[14.68557899,55.1027211],[14.68070111,55.09482182],[14.68253664,55.09732237],[14.68859426,55.09662142],[14.68800076,55.09961113],[14.69120931,55.09751166],[14.6911124,55.09977346],[14.69400185,55.09983613],[14.69254318,55.0981077],[14.6960669,55.09876368],[14.69848318,55.09540789],[14.6942827,55.09595817],[14.69559894,55.09410744],[14.69314633,55.09309842],[14.69260083,55.09587383],[14.68911147,55.09307798],[14.68639449,55.09502773],[14.68906973,55.09246323],[14.68139853,55.09346829],[14.68975751,55.09224836],[14.69469701,55.08800356],[14.68411556,55.08899135],[14.69244519,55.08621025],[14.70071817,55.08842826],[14.70750927,55.0826318],[14.72227292,55.08016272],[14.74460801,55.06362874],[14.77687702,55.05223436],[14.79833582,55.0533523],[14.83201193,55.04098619],[14.84133566,55.04271803],[14.86286974,55.03817391],[14.88632713,55.03148016],[14.9244648,55.01437751],[14.93551416,55.01496993],[14.96355264,55.00358421],[15.02153539,54.99458973],[15.04334073,54.99433272],[15.07669434,54.98701851],[15.08573387,54.99001199],[15.10763282,55.00902153],[15.12052031,55.01448146],[15.11681736,55.02093663],[15.12288262,55.02650622],[15.11284842,55.03226114],[15.10953182,55.03875543],[15.12374662,55.04620143],[15.12409737,55.05250796],[15.12779636,55.05640038],[15.13841298,55.05695624],[15.14129268,55.06489862],[15.13652665,55.06302823],[15.13621076,55.0573594],[15.13562065,55.06570112],[15.13935708,55.06457573],[15.13728245,55.06422087],[15.13772721,55.06840216],[15.15096398,55.07518937],[15.15696197,55.08299831],[15.15315778,55.08920634],[15.15593063,55.09240361],[15.14577009,55.10278513],[15.14889862,55.10745486],[15.14378492,55.10871959],[15.14643349,55.11144012],[15.14349419,55.11395335],[15.14844984,55.11715018],[15.14707878,55.1202745],[15.15589256,55.12384021],[15.15238935,55.12797645],[15.15404601,55.13340098],[15.14414605,55.13562676],[15.14645747,55.13598791],[15.14530071,55.14082827],[15.14015772,55.13880973],[15.13753138,55.14425302],[15.11752611,55.14347415],[15.11513981,55.14640929],[15.0885784,55.1506305],[15.06713179,55.16014084],[15.0606468,55.16028414],[15.04098463,55.17230032],[15.02056575,55.17669056],[15.00515932,55.18736064],[14.98920712,55.19399762],[14.98713866,55.19946491],[14.98325757,55.20135819],[14.98437901,55.20424591],[14.96904817,55.2152455],[14.94574062,55.2093296],[14.9392684,55.21052846],[14.9210524,55.21988108],[14.8840672,55.2282946],[14.8722664,55.23900529],[14.85455049,55.24176141],[14.84820385,55.2471809],[14.83558998,55.2506312],[14.83939422,55.24792614],[14.83692332,55.24764034],[14.82506573,55.25253016],[14.81609235,55.26048854],[14.81704529,55.26440178],[14.80665643,55.27291386],[14.80614731,55.27702782],[14.79485447,55.28222816],[14.79420754,55.285532],[14.77851963,55.28972979],[14.77917351,55.29543412],[14.77323094,55.29917689],[14.77321708,55.29917817]]],[[[15.12264305,55.02542909],[15.12265358,55.02543134],[15.12263878,55.02545649],[15.12259248,55.02544794],[15.12264305,55.02542909]]],[[[15.1230468,55.0245615],[15.12307424,55.02457596],[15.12314945,55.02464339],[15.12328357,55.02473125],[15.1230468,55.0245615]]],[[[14.78106442,55.0508462],[14.78107789,55.05086995],[14.78108476,55.05089906],[14.78108734,55.05092666],[14.78106442,55.0508462]]],[[[15.12476546,55.04854275],[15.12479548,55.04855447],[15.12480655,55.04858065],[15.12479532,55.04860769],[15.12476546,55.04854275]]],[[[15.12432499,55.04973481],[15.12433672,55.04973565],[15.12438114,55.04974611],[15.12439188,55.04976402],[15.12432499,55.04973481]]],[[[15.12879154,55.05513238],[15.12924675,55.05520617],[15.12974744,55.05528505],[15.12979345,55.05529668],[15.12879154,55.05513238]]],[[[15.12814793,55.05555874],[15.12812851,55.05556404],[15.12811739,55.05557027],[15.12809944,55.05557289],[15.12814793,55.05555874]]],[[[15.12800118,55.05564098],[15.12800805,55.05564999],[15.12801087,55.05566021],[15.12800032,55.05567424],[15.12800118,55.05564098]]],[[[14.69704178,55.09581966],[14.69705696,55.09582372],[14.69706707,55.09582973],[14.69707723,55.09584257],[14.69704178,55.09581966]]],[[[15.15143693,55.0755243],[15.15146409,55.0755458],[15.15146909,55.07555581],[15.1514779,55.07557841],[15.15143693,55.0755243]]],[[[15.15197885,55.0758923],[15.15199381,55.07590585],[15.15200089,55.07592639],[15.15199336,55.07594775],[15.15197885,55.0758923]]],[[[15.15337917,55.07706559],[15.15339501,55.07708387],[15.15341132,55.07710313],[15.15343279,55.07711717],[15.15337917,55.07706559]]],[[[15.15303492,55.07717003],[15.15303493,55.07718741],[15.1530312,55.07721209],[15.15302813,55.07723493],[15.15303492,55.07717003]]],[[[15.153231,55.07744237],[15.15325987,55.07746171],[15.15326653,55.07748046],[15.15327349,55.07750424],[15.153231,55.07744237]]],[[[15.15350665,55.07838492],[15.15352648,55.07838832],[15.1535326,55.07840566],[15.15353414,55.07841666],[15.15350665,55.07838492]]],[[[15.15326529,55.07838914],[15.15329635,55.07841044],[15.1533102,55.0784372],[15.15331707,55.07846549],[15.15326529,55.07838914]]],[[[15.15652292,55.08120441],[15.15653582,55.08123311],[15.15654604,55.0812597],[15.15655951,55.08128702],[15.15652292,55.08120441]]],[[[15.15732769,55.08326798],[15.15731268,55.08327549],[15.15731387,55.08328732],[15.15730312,55.08330209],[15.15732769,55.08326798]]],[[[15.15701135,55.08364222],[15.15699095,55.08364938],[15.15694182,55.08365449],[15.15689448,55.08365797],[15.15701135,55.08364222]]],[[[15.15712065,55.08387259],[15.15716253,55.08388568],[15.1571891,55.08390117],[15.15719157,55.08391419],[15.15712065,55.08387259]]],[[[15.15689589,55.08415575],[15.15693582,55.08416119],[15.1569597,55.08417763],[15.15695963,55.08420366],[15.15689589,55.08415575]]],[[[15.15066288,55.09592145],[15.15067661,55.09592499],[15.15068255,55.09593297],[15.15068425,55.09594198],[15.15066288,55.09592145]]],[[[15.14957796,55.0976154],[15.14960338,55.09761735],[15.14962444,55.09762358],[15.1496456,55.09763556],[15.14957796,55.0976154]]],[[[15.14988733,55.09800995],[15.14990331,55.09801887],[15.14990774,55.09803539],[15.14990612,55.0980524],[15.14988733,55.09800995]]],[[[15.14627018,55.10289055],[15.14627691,55.10289858],[15.14628235,55.1029074],[15.14629208,55.10291546],[15.14627018,55.10289055]]],[[[15.1489263,55.10511243],[15.14893063,55.10512014],[15.14893067,55.10512752],[15.14891842,55.1051357],[15.1489263,55.10511243]]],[[[15.14905807,55.10572588],[15.1490683,55.10573113],[15.14907502,55.10574213],[15.14907501,55.10575122],[15.14905807,55.10572588]]],[[[15.14940226,55.10725277],[15.14938322,55.10725761],[15.14934428,55.10725364],[15.14930433,55.10725323],[15.14940226,55.10725277]]],[[[15.14864756,55.10831542],[15.14862928,55.10831707],[15.14861212,55.10831884],[15.14859606,55.10832064],[15.14864756,55.10831542]]],[[[15.14897254,55.10845104],[15.14895673,55.10845544],[15.14894104,55.1084566],[15.14892594,55.10846051],[15.14897254,55.10845104]]],[[[15.1451783,55.10956929],[15.14517232,55.10958346],[15.14516195,55.10959262],[15.14514881,55.10961337],[15.1451783,55.10956929]]],[[[15.14587823,55.11005168],[15.14585555,55.11005941],[15.14574371,55.11009712],[15.14572972,55.11010008],[15.14587823,55.11005168]]],[[[15.14584969,55.11528668],[15.14586753,55.11529037],[15.14588113,55.115295],[15.14589488,55.11530168],[15.14584969,55.11528668]]],[[[15.14668802,55.11574803],[15.14669084,55.11575716],[15.14669212,55.11576646],[15.14669349,55.11577638],[15.14668802,55.11574803]]],[[[15.14836904,55.11823605],[15.1483993,55.11823875],[15.14842251,55.11824658],[15.14844895,55.1182591],[15.14836904,55.11823605]]],[[[15.14796858,55.12018028],[15.14799522,55.12019207],[15.14801542,55.12020789],[15.14802646,55.12022246],[15.14796858,55.12018028]]],[[[15.15119062,55.12004587],[15.15117586,55.1200531],[15.15115867,55.12005875],[15.15114365,55.12006428],[15.15119062,55.12004587]]],[[[15.15620287,55.12360198],[15.15618767,55.12360635],[15.1561707,55.12360937],[15.15615389,55.1236104],[15.15620287,55.12360198]]],[[[15.15033419,55.13299198],[15.15036111,55.13299836],[15.15037479,55.13301063],[15.15038506,55.1330202],[15.15033419,55.13299198]]],[[[15.14972898,55.13362664],[15.14974675,55.13362773],[15.14976124,55.13363302],[15.14977575,55.13363742],[15.14972898,55.13362664]]],[[[15.15005268,55.13373424],[15.15006843,55.13373749],[15.15008459,55.13374037],[15.15009594,55.13374771],[15.15005268,55.13373424]]],[[[15.14971778,55.13443103],[15.14970103,55.13443349],[15.14968517,55.13443457],[15.14966894,55.13443737],[15.14971778,55.13443103]]],[[[15.1457198,55.13585299],[15.14572266,55.13585627],[15.14572434,55.13585997],[15.14572462,55.13586382],[15.1457198,55.13585299]]],[[[15.117348,55.14397573],[15.11736408,55.14397501],[15.11738092,55.14397417],[15.11739865,55.1439739],[15.117348,55.14397573]]],[[[15.1266568,55.14373804],[15.12664222,55.14374237],[15.12662508,55.14374441],[15.12660887,55.14374532],[15.1266568,55.14373804]]],[[[15.12411911,55.14387414],[15.12410322,55.14387513],[15.12408564,55.14387628],[15.12406978,55.14387537],[15.12411911,55.14387414]]],[[[15.12679135,55.14381769],[15.12677533,55.14382084],[15.12675678,55.14382393],[15.12673912,55.14382663],[15.12679135,55.14381769]]],[[[15.11733796,55.14431786],[15.1173581,55.14431999],[15.11737493,55.14432518],[15.11739059,55.14432889],[15.11733796,55.14431786]]],[[[15.13109985,55.14461177],[15.13113334,55.14461791],[15.13116563,55.14462033],[15.13121906,55.14463042],[15.13109985,55.14461177]]],[[[15.13182088,55.14498307],[15.13178585,55.1449924],[15.13174372,55.14499138],[15.131701,55.14498858],[15.13182088,55.14498307]]],[[[15.11225959,55.14635935],[15.11224564,55.14636374],[15.11222987,55.14636651],[15.11221234,55.14636803],[15.11225959,55.14635935]]],[[[15.11211596,55.14638638],[15.11213736,55.14638756],[15.11215759,55.14638825],[15.11217745,55.14639373],[15.11211596,55.14638638]]],[[[15.11264066,55.14639725],[15.11259911,55.14640511],[15.1125824,55.14640793],[15.11256546,55.14641022],[15.11264066,55.14639725]]],[[[15.11497655,55.14664747],[15.11496138,55.14665004],[15.11494554,55.14665336],[15.1149296,55.14665803],[15.11497655,55.14664747]]],[[[15.1129471,55.14659315],[15.11293021,55.14659679],[15.11291543,55.14659988],[15.11289694,55.14660333],[15.1129471,55.14659315]]],[[[15.11188252,55.14688967],[15.1118641,55.1468905],[15.11184754,55.14689116],[15.11183073,55.14689128],[15.11188252,55.14688967]]],[[[15.10043919,55.14940467],[15.10045005,55.14942529],[15.10043318,55.14943424],[15.10040439,55.14943721],[15.10043919,55.14940467]]],[[[15.09972038,55.14916039],[15.09975349,55.14916818],[15.09977927,55.14917841],[15.09982953,55.14918633],[15.09972038,55.14916039]]],[[[15.0963761,55.1501339],[15.09633973,55.15013563],[15.09627559,55.1501203],[15.09621573,55.1501062],[15.0963761,55.1501339]]],[[[15.09606488,55.15013754],[15.0961116,55.15015006],[15.09615769,55.15015432],[15.09623031,55.15015724],[15.09606488,55.15013754]]],[[[15.07799698,55.15512139],[15.07804596,55.15512605],[15.07807053,55.15512941],[15.0780837,55.15513118],[15.07799698,55.15512139]]],[[[15.07724026,55.1557382],[15.07723558,55.15575077],[15.07722504,55.15576003],[15.07719836,55.15576245],[15.07724026,55.1557382]]],[[[15.0726515,55.15691437],[15.07267436,55.15691575],[15.07269116,55.15692175],[15.07271254,55.15693518],[15.0726515,55.15691437]]],[[[15.05621092,55.16440418],[15.05624725,55.16440417],[15.05626111,55.16440636],[15.05628494,55.16441616],[15.05621092,55.16440418]]],[[[15.01949229,55.17949531],[15.0194608,55.17950137],[15.01943659,55.17949942],[15.01940158,55.17948954],[15.01949229,55.17949531]]],[[[15.00752665,55.18629755],[15.00747788,55.18629762],[15.00744533,55.18630093],[15.00740228,55.18629613],[15.00752665,55.18629755]]],[[[15.00652502,55.18623893],[15.00657024,55.18625596],[15.00662796,55.18627868],[15.00667954,55.18629305],[15.00652502,55.18623893]]],[[[15.00535756,55.18758034],[15.0053143,55.18758464],[15.00526326,55.18759049],[15.00522344,55.18759777],[15.00535756,55.18758034]]],[[[15.00159669,55.18897457],[15.00160575,55.18898871],[15.00157614,55.18900521],[15.00151699,55.18902209],[15.00159669,55.18897457]]],[[[14.98864507,55.19784491],[14.98865183,55.19786996],[14.98865909,55.19789518],[14.98866293,55.19791443],[14.98864507,55.19784491]]],[[[14.97160109,55.21365484],[14.9715888,55.21366211],[14.97157672,55.21367288],[14.97157053,55.21368407],[14.97160109,55.21365484]]],[[[14.9620649,55.21432501],[14.96208142,55.21432492],[14.96209826,55.21432481],[14.96211415,55.21432683],[14.9620649,55.21432501]]],[[[14.96113661,55.21449586],[14.96114657,55.21450347],[14.96115993,55.21450858],[14.96117411,55.21451391],[14.96113661,55.21449586]]],[[[14.88057546,55.23375631],[14.88057187,55.23376611],[14.8805648,55.23377798],[14.88056045,55.23378584],[14.88057546,55.23375631]]],[[[14.87580733,55.23689411],[14.87578947,55.23689902],[14.87576638,55.23690058],[14.87575366,55.23689976],[14.87580733,55.23689411]]],[[[14.87507372,55.23823116],[14.87506047,55.23824278],[14.87504682,55.23825064],[14.87503877,55.23826012],[14.87507372,55.23823116]]],[[[14.87209445,55.23874703],[14.87210236,55.23875259],[14.87210545,55.23875964],[14.87210744,55.2387699],[14.87209445,55.23874703]]],[[[14.87028011,55.23918427],[14.87026526,55.23918616],[14.87024591,55.23918845],[14.87023448,55.23919323],[14.87028011,55.23918427]]],[[[14.8691428,55.23982758],[14.86913325,55.23983335],[14.86913127,55.23984128],[14.86913075,55.23984841],[14.8691428,55.23982758]]],[[[14.86680002,55.24035824],[14.86680069,55.24036703],[14.86678508,55.24039686],[14.86678042,55.24040474],[14.86680002,55.24035824]]],[[[14.85773297,55.24170812],[14.85774866,55.24171834],[14.857759,55.24172649],[14.85776027,55.24173507],[14.85773297,55.24170812]]],[[[14.85802735,55.24187183],[14.85801973,55.24188003],[14.85803077,55.24188652],[14.8580573,55.24189433],[14.85802735,55.24187183]]],[[[14.85658662,55.2422364],[14.85658118,55.2422454],[14.85657864,55.24225813],[14.8565565,55.24226504],[14.85658662,55.2422364]]],[[[14.85669461,55.24214703],[14.85671919,55.24214918],[14.85673517,55.24215282],[14.85676062,55.24215339],[14.85669461,55.24214703]]],[[[14.85351984,55.24306625],[14.85353483,55.24307066],[14.85355136,55.24307697],[14.85356522,55.24308549],[14.85351984,55.24306625]]],[[[14.85319258,55.24316041],[14.85320676,55.24316468],[14.85321853,55.24316969],[14.85322604,55.2431768],[14.85319258,55.24316041]]],[[[14.85397208,55.24321175],[14.85396514,55.24322235],[14.85395315,55.24323085],[14.85394183,55.24323634],[14.85397208,55.24321175]]],[[[14.84889866,55.24684303],[14.84889979,55.2468518],[14.84890166,55.24686557],[14.84890213,55.24687941],[14.84889866,55.24684303]]],[[[14.81611571,55.26554019],[14.81613103,55.26554468],[14.81613977,55.26555371],[14.81614362,55.26556388],[14.81611571,55.26554019]]],[[[14.75275662,55.27182855],[14.75277113,55.27183398],[14.752788,55.2718394],[14.75280406,55.27184359],[14.75275662,55.27182855]]],[[[14.80833982,55.27248837],[14.8083404,55.27249663],[14.80834251,55.2725067],[14.80835574,55.27250877],[14.80833982,55.27248837]]],[[[14.80741664,55.27383264],[14.80741019,55.27384357],[14.80740029,55.27385349],[14.80738733,55.27386294],[14.80741664,55.27383264]]],[[[14.80628704,55.27456991],[14.80628935,55.2745824],[14.80629183,55.27459399],[14.80629757,55.27460515],[14.80628704,55.27456991]]],[[[14.80581258,55.27477799],[14.80580059,55.27479621],[14.80582713,55.27480196],[14.80583332,55.27481085],[14.80581258,55.27477799]]],[[[14.80579821,55.27767337],[14.80577894,55.27767853],[14.80576336,55.27767873],[14.80574853,55.27767331],[14.80579821,55.27767337]]],[[[14.80481055,55.2777511],[14.80483308,55.27776389],[14.80484854,55.27777791],[14.80487932,55.27779643],[14.80481055,55.2777511]]],[[[14.79786564,55.28138897],[14.79785141,55.2813909],[14.79783243,55.28139919],[14.79781942,55.28140296],[14.79786564,55.28138897]]],[[[14.79684734,55.28249092],[14.79683452,55.28249279],[14.79682165,55.28249754],[14.79680842,55.28250628],[14.79684734,55.28249092]]],[[[14.79643559,55.28413337],[14.79643506,55.28414699],[14.79641911,55.28415765],[14.79639832,55.28416539],[14.79643559,55.28413337]]],[[[14.79307396,55.2855441],[14.79306089,55.28554752],[14.79304664,55.28555036],[14.7930319,55.28555205],[14.79307396,55.2855441]]],[[[14.78423863,55.28897762],[14.7842362,55.28898584],[14.7842255,55.28899031],[14.78421064,55.28898687],[14.78423863,55.28897762]]],[[[14.78422603,55.28926206],[14.78422778,55.28926972],[14.78423068,55.2892766],[14.78425015,55.28927819],[14.78422603,55.28926206]]],[[[14.77816709,55.29216271],[14.77817583,55.29216752],[14.77819415,55.29217628],[14.77818674,55.29218933],[14.77816709,55.29216271]]],[[[14.76157374,55.29280989],[14.76163404,55.29282099],[14.76170333,55.29285048],[14.76176968,55.29288263],[14.76157374,55.29280989]]],[[[14.76575934,55.29609237],[14.76574408,55.29609264],[14.76572761,55.29609225],[14.7657048,55.29609162],[14.76575934,55.29609237]]],[[[14.76589514,55.29618316],[14.76590939,55.29620625],[14.76587264,55.29620421],[14.76585622,55.29619652],[14.76589514,55.29618316]]],[[[14.76924702,55.29777103],[14.76923571,55.29777355],[14.76921431,55.29777933],[14.76920009,55.29777703],[14.76924702,55.29777103]]],[[[14.77715279,55.297498],[14.7771473,55.29750799],[14.77711769,55.29750291],[14.77709895,55.29749993],[14.77715279,55.297498]]],[[[14.77090551,55.2984585],[14.77090639,55.29846998],[14.77090778,55.29848171],[14.77088583,55.29848698],[14.77090551,55.2984585]]]]}},{"type":"Feature","properties":{"kode":"0410","navn":"Middelfart"},"geometry":{"type":"MultiPolygon","coordinates":[[[[9.83500068,55.55473863],[9.8066198,55.55214279],[9.78220998,55.54266722],[9.75683876,55.54319514],[9.76755856,55.535567],[9.76958058,55.53053883],[9.76639495,55.52349388],[9.75703321,55.51691355],[9.75568635,55.51120025],[9.74663258,55.50662235],[9.73604466,55.50553336],[9.72179473,55.5084375],[9.69452428,55.51849582],[9.68371757,55.51854259],[9.67716324,55.51399881],[9.68144946,55.50683116],[9.6967456,55.50114212],[9.70171884,55.49445201],[9.72935115,55.4931896],[9.72905836,55.4902258],[9.72331956,55.49187353],[9.73098308,55.48897157],[9.73452786,55.48035645],[9.74205514,55.47316127],[9.75856308,55.46711757],[9.77679015,55.46999534],[9.7838018,55.46421649],[9.79039912,55.46493635],[9.79075259,55.46140219],[9.79774933,55.45906383],[9.78701222,55.45900025],[9.78066738,55.46262658],[9.77596022,55.45905365],[9.79654936,55.44984458],[9.80328952,55.45132762],[9.8072403,55.44410459],[9.81959609,55.44126723],[9.82517456,55.43560543],[9.8130533,55.43295381],[9.78404943,55.44020148],[9.76747176,55.44654369],[9.7643709,55.45231533],[9.75337441,55.45457844],[9.72813368,55.46681943],[9.72275256,55.47431148],[9.71696897,55.46984028],[9.72474698,55.46008153],[9.74695242,55.44585409],[9.74738197,55.44332972],[9.74046481,55.43811574],[9.74393791,55.43522939],[9.7715756,55.43168784],[9.79140078,55.43254447],[9.82688911,55.42255617],[9.82753721,55.41707762],[9.82421171,55.41342276],[9.81607307,55.41208825],[9.7984693,55.41590401],[9.78842174,55.41127141],[9.81969881,55.40526887],[9.83023209,55.39622514],[9.83970275,55.39232752],[9.84001875,55.38492963],[9.83260825,55.37980345],[9.81863378,55.37657068],[9.7895739,55.37513395],[9.78600885,55.37090673],[9.78670176,55.36359193],[9.84001653,55.35057578],[9.87504315,55.34937093],[9.86203038,55.35110914],[9.86894949,55.35286944],[9.87408449,55.35788545],[9.87328403,55.35242078],[9.88076807,55.34351604],[9.89978017,55.33917007],[9.90889097,55.34413013],[9.91331291,55.35024021],[9.93208579,55.35832132],[9.93555316,55.3694915],[9.94489607,55.37281521],[9.94322087,55.3830035],[9.97524177,55.37726966],[9.97949661,55.38339002],[9.98991388,55.38271591],[10.00359284,55.38813756],[10.0008955,55.39612685],[10.00484935,55.39917117],[10.00409919,55.40276745],[9.99534932,55.40632647],[9.99275295,55.41035491],[9.99748528,55.41797004],[9.99328904,55.42297755],[9.98900044,55.42331405],[9.99025417,55.42601579],[9.98703438,55.43174351],[10.00658523,55.42513263],[10.01546382,55.4283166],[10.0218451,55.42412449],[10.03557216,55.42150423],[10.03882899,55.42627177],[10.06012656,55.43087573],[10.09044128,55.4326348],[10.07725582,55.43845113],[10.07874281,55.441722],[10.069404,55.44693471],[10.06537464,55.45825593],[10.04335977,55.48059562],[10.02881882,55.48402273],[10.04183597,55.4915825],[10.03105102,55.49526215],[10.033906,55.49677994],[10.02901113,55.49645273],[10.02991188,55.50400552],[10.00410745,55.50764245],[9.9856512,55.5158523],[9.98304669,55.52023402],[9.98670839,55.52471534],[9.9810747,55.53037934],[9.93446513,55.51054973],[9.90296001,55.50941953],[9.87139417,55.51212768],[9.86158753,55.5153569],[9.85021347,55.52376927],[9.85190022,55.54596013],[9.8463542,55.55176278],[9.83509447,55.55473565],[9.83500068,55.55473863]]],[[[9.71331872,55.35287148],[9.71345475,55.35302489],[9.71348694,55.35308688],[9.71345191,55.35312995],[9.71331872,55.35287148]]],[[[9.70426631,55.36542556],[9.6872224,55.35644344],[9.70110538,55.35100832],[9.72147756,55.35729007],[9.7130687,55.36337413],[9.70445685,55.36538753],[9.70426631,55.36542556]]],[[[9.71021153,55.36646789],[9.71023108,55.36649302],[9.71022923,55.36653985],[9.71022601,55.36666846],[9.71021153,55.36646789]]],[[[9.81294619,55.41345025],[9.81288232,55.41347053],[9.81269384,55.41349982],[9.81258992,55.41350851],[9.81294619,55.41345025]]],[[[9.66142449,55.49100256],[9.66149536,55.49100955],[9.66153496,55.49102101],[9.66156516,55.49103828],[9.66142449,55.49100256]]],[[[9.68094049,55.50055168],[9.67745743,55.49879197],[9.67564393,55.49125535],[9.68659886,55.48230607],[9.68861247,55.47623078],[9.69763605,55.47428995],[9.71645327,55.4787094],[9.71458573,55.48580583],[9.70425581,55.48648534],[9.69226697,55.49786447],[9.68106187,55.50051263],[9.68094049,55.50055168]]],[[[9.73888935,55.50699594],[9.73889879,55.50700955],[9.73893458,55.50706927],[9.73887778,55.50707976],[9.73888935,55.50699594]]]]}},{"type":"Feature","properties":{"kode":"0420","navn":"Assens"},"geometry":{"type":"MultiPolygon","coordinates":[[[[10.00099476,55.19315251],[10.00102018,55.19318241],[10.00106295,55.19322178],[10.00118105,55.19328318],[10.00099476,55.19315251]]],[[[9.76824247,55.27836405],[9.76815608,55.27839011],[9.76807652,55.27841982],[9.76800124,55.27845058],[9.76824247,55.27836405]]],[[[9.765712,55.28575643],[9.76577205,55.28577564],[9.76587083,55.28582813],[9.76590103,55.28585885],[9.765712,55.28575643]]],[[[9.77028653,55.28353105],[9.76988052,55.28604698],[9.76719826,55.28466578],[9.77026025,55.28352358],[9.77028653,55.28353105]]],[[[9.76762962,55.28641764],[9.76763999,55.28643276],[9.76763427,55.28645436],[9.76760572,55.28649238],[9.76762962,55.28641764]]],[[[9.80429149,55.32302796],[9.80423692,55.32304134],[9.80422727,55.32307088],[9.80426359,55.32311324],[9.80429149,55.32302796]]],[[[9.82048861,55.32681176],[9.80471894,55.32340283],[9.80577321,55.32107527],[9.81194243,55.32266724],[9.81236825,55.31928332],[9.8068688,55.31873242],[9.80322638,55.32183323],[9.80442329,55.32369944],[9.7956624,55.32603491],[9.79020162,55.31595893],[9.7954281,55.31041491],[9.79502647,55.29898438],[9.79744223,55.29584041],[9.8278153,55.30093216],[9.83016976,55.31040329],[9.82682381,55.32210851],[9.82060687,55.32679839],[9.82048861,55.32681176]]],[[[9.79066268,55.33177111],[9.78734311,55.33152017],[9.78497165,55.32730902],[9.7954618,55.32606883],[9.78727465,55.32786833],[9.78757599,55.33126876],[9.79076031,55.33166291],[9.79066268,55.33177111]]],[[[10.08676738,55.43194475],[10.06012656,55.43087573],[10.03882899,55.42627177],[10.03557216,55.42150423],[10.0218451,55.42412449],[10.01546382,55.4283166],[10.00658523,55.42513263],[9.98703439,55.43174351],[9.99025417,55.42601579],[9.98900044,55.42331406],[9.99328904,55.42297755],[9.99748529,55.41797004],[9.99275295,55.41035491],[9.99534932,55.40632647],[10.00409919,55.40276745],[10.00484938,55.39917115],[10.00089548,55.39612686],[10.00359289,55.38813755],[9.98991387,55.38271591],[9.97949661,55.38339002],[9.97524177,55.37726966],[9.94322087,55.3830035],[9.94489607,55.37281521],[9.93555316,55.3694915],[9.93208579,55.35832132],[9.91331291,55.35024021],[9.90889097,55.34413013],[9.89780064,55.33949654],[9.89883157,55.33765576],[9.89537794,55.33545691],[9.88051976,55.34034073],[9.8778887,55.33774519],[9.8749185,55.34748677],[9.87736796,55.33236632],[9.88781989,55.31968769],[9.89295319,55.30690532],[9.89008731,55.2745691],[9.88602896,55.27204495],[9.88903305,55.27236684],[9.88954978,55.26926754],[9.8849424,55.26597731],[9.88489084,55.27217425],[9.88075543,55.26632669],[9.88502802,55.25944384],[9.89853575,55.25296498],[9.8979553,55.24876063],[9.89183931,55.24472042],[9.89301144,55.24295168],[9.9073906,55.23960771],[9.89496388,55.24056666],[9.89190578,55.24531511],[9.88278725,55.2467344],[9.89070718,55.24729818],[9.88232231,55.24747437],[9.89128875,55.24840304],[9.87735221,55.25059048],[9.87525092,55.25214269],[9.87689288,55.25330731],[9.86624834,55.25203266],[9.87880041,55.24331534],[9.8853351,55.24482591],[9.91538987,55.23325798],[9.92801971,55.21917089],[9.9648002,55.21890482],[9.98223549,55.21013824],[9.9881474,55.20098179],[9.98456848,55.19314171],[9.98550868,55.17782004],[9.98175619,55.16733246],[9.98969475,55.15573167],[9.99103516,55.14840564],[9.98713251,55.14067588],[9.97704988,55.13512122],[9.9798574,55.13184874],[10.00463311,55.12320544],[10.02558947,55.1205889],[10.03803393,55.12664673],[10.04403123,55.13307053],[10.01209968,55.16017496],[9.99734131,55.16588754],[9.99163027,55.1736176],[9.99559094,55.17940013],[9.99097413,55.18001674],[9.98567524,55.17571816],[9.98447495,55.18790355],[9.99549224,55.18378138],[10.00833286,55.19187456],[10.00371452,55.1901369],[9.99767689,55.19212952],[9.9894978,55.19969924],[9.99890403,55.20149403],[10.0176937,55.1955995],[10.02042651,55.19043326],[10.02059341,55.18651648],[10.01683363,55.18386645],[10.01886301,55.18174592],[10.05383273,55.17647497],[10.0851132,55.17626281],[10.09354926,55.1844121],[10.09981995,55.18299215],[10.10631979,55.19017612],[10.11085368,55.19011613],[10.11751919,55.18512026],[10.11967398,55.17631801],[10.13289576,55.16649044],[10.13441479,55.1609063],[10.1408746,55.16019241],[10.14489563,55.16469368],[10.14989491,55.16317882],[10.15276331,55.16452231],[10.14974572,55.17409262],[10.1709818,55.17113428],[10.17685041,55.18094458],[10.19545896,55.19300426],[10.20485475,55.19481036],[10.20853348,55.19960069],[10.20712765,55.20520199],[10.21011117,55.20510943],[10.21339977,55.21066144],[10.22520917,55.21289597],[10.22316923,55.22089062],[10.19683921,55.21944165],[10.19161103,55.22218949],[10.18937269,55.22762253],[10.19126102,55.23031613],[10.18210566,55.23367104],[10.17733117,55.23226189],[10.17238149,55.23570491],[10.16954467,55.2402334],[10.17466642,55.24444598],[10.17165465,55.24741871],[10.17440053,55.26358079],[10.21029136,55.27352668],[10.2173923,55.2702675],[10.22400393,55.27311579],[10.23867633,55.27327255],[10.24722313,55.28307025],[10.25302352,55.28412756],[10.25230796,55.28823556],[10.25609696,55.29091109],[10.2677184,55.29157572],[10.2878888,55.30126882],[10.28531329,55.30526361],[10.29386836,55.31316305],[10.29251186,55.31658843],[10.2838777,55.31077141],[10.27748854,55.31395482],[10.26165487,55.31468141],[10.2605395,55.32016296],[10.26275444,55.32135473],[10.25698658,55.32692495],[10.26335777,55.33166712],[10.26483518,55.33654572],[10.25674374,55.33881046],[10.25978841,55.3410025],[10.25660719,55.34328318],[10.25938595,55.34455378],[10.2588846,55.34825148],[10.25069776,55.34909167],[10.25304358,55.35071526],[10.24921128,55.35412988],[10.23229073,55.35944667],[10.23034211,55.35764966],[10.2344855,55.3547868],[10.23052962,55.3510825],[10.23085143,55.35339287],[10.2180803,55.35938323],[10.21727797,55.36416904],[10.21150176,55.36480804],[10.21194712,55.36734179],[10.19906964,55.36369595],[10.19393915,55.36587113],[10.18772409,55.36143417],[10.17580646,55.36054092],[10.18682907,55.36304589],[10.18315977,55.36630979],[10.18369276,55.37146372],[10.19113245,55.37880842],[10.19601766,55.37963728],[10.19610042,55.3925726],[10.20581143,55.4044667],[10.18448978,55.40540853],[10.18318068,55.4088926],[10.14323488,55.41987155],[10.13479607,55.42626901],[10.11436585,55.42554478],[10.08731786,55.43172149],[10.08676738,55.43194475]]]]}},{"type":"Feature","properties":{"kode":"0430","navn":"Faaborg-Midtfyn"},"geometry":{"type":"MultiPolygon","coordinates":[[[[10.57707867,55.34268539],[10.57430053,55.33804522],[10.55188198,55.32270499],[10.52609176,55.32364129],[10.51738775,55.32054583],[10.49125605,55.32303818],[10.46154799,55.31827868],[10.4630877,55.31579278],[10.45976463,55.3119694],[10.43619012,55.3085927],[10.42253774,55.31030361],[10.4215963,55.31902785],[10.40887015,55.32782347],[10.41332066,55.33108167],[10.40679715,55.3337281],[10.38385062,55.32626694],[10.35512917,55.32180574],[10.33863358,55.31295038],[10.33404856,55.30723774],[10.34913776,55.29723212],[10.34403103,55.29209808],[10.31538294,55.2926993],[10.30056811,55.28812193],[10.28654368,55.29019942],[10.28406101,55.29217451],[10.2860051,55.29474297],[10.27891226,55.29779495],[10.2677184,55.29157572],[10.25609696,55.29091109],[10.25230796,55.28823556],[10.25302352,55.28412756],[10.24722313,55.28307025],[10.23867633,55.27327255],[10.22400393,55.27311579],[10.2173923,55.2702675],[10.21029136,55.27352668],[10.20457647,55.27014991],[10.17635431,55.26537046],[10.17163192,55.25009562],[10.17466642,55.24444598],[10.16954467,55.2402334],[10.17238149,55.23570491],[10.17733117,55.23226189],[10.18210566,55.23367104],[10.19126102,55.23031613],[10.18937269,55.22762253],[10.19161103,55.22218949],[10.19683921,55.21944165],[10.22316923,55.22089062],[10.22520917,55.21289597],[10.21339977,55.21066144],[10.21011117,55.20510943],[10.20712765,55.20520199],[10.20853348,55.19960069],[10.20485475,55.19481036],[10.19545896,55.19300426],[10.17685041,55.18094458],[10.17210332,55.17176067],[10.14998297,55.17419068],[10.15275622,55.1643146],[10.14473671,55.16465878],[10.14109823,55.16027875],[10.13317396,55.15905165],[10.13377644,55.15458374],[10.13889992,55.15201581],[10.14533979,55.1531722],[10.14185949,55.15236719],[10.14677024,55.15144307],[10.16138218,55.13360747],[10.17435237,55.12756154],[10.15707765,55.12189854],[10.145633,55.12368704],[10.14570744,55.12045359],[10.13919058,55.12164569],[10.13525444,55.1177983],[10.11656789,55.11617559],[10.11859026,55.12106547],[10.12372367,55.11976196],[10.12032594,55.1216183],[10.12467767,55.12217799],[10.12062578,55.1225207],[10.11659496,55.12030479],[10.11357623,55.11298766],[10.1029009,55.10610109],[10.09214019,55.1071093],[10.09601955,55.10915922],[10.08012416,55.10571958],[10.08127258,55.09865707],[10.06984818,55.08644339],[10.07252584,55.07737943],[10.08070769,55.07604966],[10.13044369,55.09025451],[10.16025276,55.07976146],[10.18548514,55.07886573],[10.19677787,55.06984009],[10.19861924,55.06264452],[10.20732873,55.05953514],[10.21751903,55.06365802],[10.21363499,55.06640916],[10.21555303,55.06318616],[10.19924565,55.0632074],[10.1989665,55.06675481],[10.21311006,55.06587032],[10.21466684,55.07082004],[10.22452142,55.07285737],[10.22953934,55.07835881],[10.22319959,55.0884233],[10.20911714,55.09501647],[10.22955181,55.10105284],[10.23516526,55.09822851],[10.23065776,55.09683594],[10.23569416,55.09316741],[10.23895391,55.09550903],[10.24210928,55.093714],[10.23914724,55.09240663],[10.24275091,55.09364059],[10.25611405,55.0868577],[10.27514029,55.08449841],[10.28277115,55.08084538],[10.28456456,55.0759091],[10.29584698,55.07123948],[10.29776033,55.06652972],[10.31804028,55.06319694],[10.32056958,55.06047042],[10.3179757,55.05741],[10.3202273,55.05404786],[10.33207991,55.0522208],[10.34060498,55.05407924],[10.35564228,55.05073367],[10.37012474,55.05913266],[10.37083035,55.06243858],[10.3674175,55.06353888],[10.37115823,55.06517275],[10.38094955,55.05922381],[10.38779974,55.06106882],[10.3892676,55.06478196],[10.39885983,55.06573811],[10.38565561,55.07038442],[10.38889311,55.07491205],[10.3947379,55.07491121],[10.39477197,55.08039222],[10.39216316,55.08229501],[10.3960857,55.08743968],[10.40760829,55.09009497],[10.39318191,55.10478352],[10.39718161,55.1110779],[10.408939,55.11631027],[10.4124357,55.12836339],[10.42273218,55.13344709],[10.42643169,55.13657057],[10.42522237,55.13821383],[10.44510447,55.13767807],[10.45484849,55.14991012],[10.47162818,55.1536937],[10.47146957,55.15900679],[10.48976142,55.16140502],[10.50821071,55.15664399],[10.52184243,55.15972113],[10.52519974,55.16614561],[10.54989335,55.16327368],[10.55149614,55.15510637],[10.55463967,55.15621013],[10.55141973,55.16339941],[10.56585532,55.16109985],[10.56783854,55.15752651],[10.57596483,55.15743537],[10.57670991,55.16016383],[10.59195447,55.15811294],[10.5966907,55.17786557],[10.60942151,55.18189223],[10.61377597,55.17581161],[10.6201366,55.17691861],[10.62461466,55.18768876],[10.61878106,55.1943851],[10.6510971,55.19116583],[10.65124576,55.19926958],[10.64588581,55.20021112],[10.6455175,55.20369737],[10.64960523,55.20477007],[10.64616739,55.20743922],[10.65123454,55.20759388],[10.6615198,55.21679007],[10.65289986,55.22658903],[10.65859805,55.2273921],[10.65323786,55.22861947],[10.65891662,55.22823447],[10.64916987,55.23050651],[10.65158966,55.23573121],[10.61953834,55.23006699],[10.59912026,55.23160658],[10.59720359,55.23371242],[10.59362078,55.23239437],[10.59536085,55.23442522],[10.57710065,55.23699507],[10.57294952,55.24265634],[10.57065403,55.24075221],[10.53432455,55.25243527],[10.53174038,55.25727173],[10.53719523,55.2609189],[10.55056204,55.2576177],[10.55733212,55.26006661],[10.56332189,55.2669971],[10.56873693,55.26718592],[10.5702963,55.27065003],[10.57726815,55.26881654],[10.58653028,55.27405523],[10.58388156,55.28089807],[10.58801439,55.28394111],[10.58518677,55.28783076],[10.58808472,55.29044244],[10.58758908,55.29576283],[10.61428328,55.3010626],[10.60577362,55.31337897],[10.60832302,55.31847253],[10.60226238,55.32192228],[10.60858365,55.32890871],[10.58156143,55.33783731],[10.58393138,55.34113481],[10.57716445,55.34267736],[10.57707867,55.34268539]]],[[[10.25054149,55.04015419],[10.25055714,55.04016939],[10.2505558,55.04018675],[10.25053434,55.04020099],[10.25054149,55.04015419]]],[[[10.25049566,55.04021541],[10.25051618,55.04023093],[10.25052525,55.04024575],[10.25051302,55.04026035],[10.25049566,55.04021541]]],[[[10.2536118,55.04037532],[10.23896859,55.03748106],[10.23580006,55.03144618],[10.25714831,55.01811532],[10.29353041,55.01856433],[10.31023016,55.01008508],[10.32955961,55.00475078],[10.34663784,55.00453535],[10.34039095,55.00550046],[10.3374403,55.0167793],[10.31650361,55.01210761],[10.29925399,55.01964635],[10.2823692,55.01959089],[10.25398278,55.03714666],[10.25399101,55.04022573],[10.2536118,55.04037532]]],[[[10.34142322,55.04469865],[10.3444903,55.04872576],[10.34096828,55.04476118],[10.33711378,55.04509512],[10.34253963,55.04600818],[10.3346228,55.04504751],[10.33177057,55.04113184],[10.3224877,55.03843409],[10.32598116,55.0345528],[10.32574645,55.03698837],[10.33442351,55.03936898],[10.33266736,55.04114728],[10.33492467,55.04428855],[10.34113893,55.04457982],[10.34142322,55.04469865]]],[[[10.15774984,55.05182102],[10.15766041,55.05183571],[10.15730246,55.05107783],[10.15737053,55.05106631],[10.15774984,55.05182102]]],[[[10.15755369,55.05203228],[10.1575334,55.0520021],[10.15779202,55.0519592],[10.15791591,55.05195595],[10.15755369,55.05203228]]],[[[10.34191415,55.05165256],[10.34194866,55.05166413],[10.34198421,55.0517067],[10.34194984,55.05175085],[10.34191415,55.05165256]]],[[[10.3217776,55.05258815],[10.3217557,55.0525936],[10.32169266,55.05261379],[10.32160307,55.05265053],[10.3217776,55.05258815]]],[[[10.37880795,55.05966563],[10.37863856,55.05958891],[10.37866808,55.05956404],[10.37880378,55.05963089],[10.37880795,55.05966563]]],[[[10.37850367,55.05942255],[10.37851856,55.05942778],[10.3785233,55.05943788],[10.3783836,55.05953724],[10.37850367,55.05942255]]],[[[10.14607434,55.06399234],[10.12469747,55.0544725],[10.12609678,55.04350888],[10.13687988,55.03459387],[10.15099828,55.03249464],[10.17101482,55.0362845],[10.1800605,55.04238263],[10.17360904,55.05124822],[10.1672061,55.04888293],[10.15920461,55.04988271],[10.15876676,55.05226689],[10.15748319,55.05005528],[10.14001058,55.05261275],[10.14026596,55.06071731],[10.14609886,55.06394071],[10.14607434,55.06399234]]],[[[10.21298918,55.06498523],[10.21302704,55.06501001],[10.21308003,55.06511553],[10.2130961,55.06517594],[10.21298918,55.06498523]]],[[[10.23689678,55.07143897],[10.23410841,55.06871822],[10.23675096,55.06546749],[10.25481573,55.05633881],[10.27687819,55.05285456],[10.26392553,55.05633139],[10.25189936,55.06765641],[10.23710541,55.071338],[10.23689678,55.07143897]]],[[[10.23872692,55.09280041],[10.23880056,55.09284585],[10.23880162,55.09285977],[10.2388014,55.09286003],[10.23872692,55.09280041]]],[[[10.12875539,55.1225979],[10.12874705,55.12260813],[10.12872614,55.12261731],[10.128705,55.12261831],[10.12875539,55.1225979]]],[[[10.10150701,55.13648329],[10.08938014,55.1322878],[10.0597465,55.13108362],[10.10623566,55.13078714],[10.11480543,55.13348633],[10.10154159,55.13645162],[10.10150701,55.13648329]]],[[[10.10216876,55.13879159],[10.10622471,55.14125317],[10.0992543,55.13802231],[10.10210254,55.13876244],[10.10216876,55.13879159]]],[[[10.12259145,55.14779582],[10.11052929,55.14219197],[10.12522095,55.1476649],[10.1226626,55.14779256],[10.12259145,55.14779582]]]]}},{"type":"Feature","properties":{"kode":"0440","navn":"Kerteminde"},"geometry":{"type":"MultiPolygon","coordinates":[[[[10.5971097,55.61434338],[10.59141551,55.62054304],[10.58848477,55.61700718],[10.58889244,55.61268997],[10.60646389,55.6039572],[10.61293537,55.60330823],[10.6070742,55.60492265],[10.61006739,55.60873576],[10.6169678,55.60786734],[10.62050817,55.60242518],[10.61844711,55.59838092],[10.62862577,55.58958318],[10.63234172,55.57493098],[10.62316888,55.57551203],[10.62275755,55.57346577],[10.62487728,55.57152852],[10.63061909,55.57317927],[10.63028811,55.57030581],[10.63558917,55.56753381],[10.62982007,55.5663312],[10.63258365,55.56400231],[10.62680902,55.55767845],[10.61065585,55.56915758],[10.60255866,55.58188942],[10.59773399,55.58448596],[10.60148192,55.59144812],[10.60852762,55.59015111],[10.6061902,55.59343049],[10.60128733,55.59278377],[10.59628224,55.58374765],[10.59939517,55.58155913],[10.60075342,55.57323272],[10.60519792,55.56960969],[10.60573001,55.55918012],[10.62079723,55.54565861],[10.61781814,55.53152409],[10.62760879,55.52604501],[10.62917102,55.51993046],[10.62390365,55.51623201],[10.6170487,55.51631273],[10.60306571,55.5214807],[10.59688675,55.53014947],[10.58832891,55.53198279],[10.56866649,55.52589602],[10.56658076,55.51992768],[10.57065684,55.51639055],[10.59149308,55.51334219],[10.61932351,55.50477731],[10.61969806,55.49610191],[10.62576697,55.49396535],[10.62613068,55.48946145],[10.6121366,55.47844228],[10.59852732,55.48379473],[10.59786041,55.48651183],[10.59476161,55.4830751],[10.58019756,55.48257376],[10.57316685,55.47659643],[10.55866131,55.4753759],[10.55743387,55.47137735],[10.55255377,55.47348952],[10.55848796,55.4789895],[10.54451652,55.47856939],[10.5386931,55.47588502],[10.53501835,55.47122078],[10.53664988,55.47002374],[10.52858177,55.46764089],[10.53115147,55.47050254],[10.52295938,55.4655047],[10.48301485,55.47323021],[10.49146341,55.46088213],[10.48906985,55.45979754],[10.49619494,55.45796378],[10.499775,55.45096612],[10.50651106,55.44606938],[10.50505505,55.44358536],[10.52643681,55.43267172],[10.53053968,55.42631981],[10.52398807,55.41968622],[10.50717581,55.42276917],[10.50362587,55.41916679],[10.49341373,55.42188425],[10.48054841,55.41959532],[10.48477043,55.41423802],[10.50058126,55.40581953],[10.49923066,55.39815201],[10.50619226,55.38737137],[10.51548902,55.38052139],[10.51733512,55.37458363],[10.53397026,55.36816275],[10.5392938,55.36075307],[10.54552994,55.36152194],[10.55736229,55.35746003],[10.55446182,55.35526152],[10.55586496,55.35140475],[10.57685409,55.34526884],[10.57610009,55.3426396],[10.58393133,55.34113479],[10.58156139,55.33783731],[10.60858365,55.32890871],[10.60321322,55.32429144],[10.60830694,55.32278507],[10.61520411,55.32412303],[10.6182273,55.33328356],[10.63125402,55.33376649],[10.63772161,55.3435543],[10.64713764,55.34538468],[10.64733306,55.34870587],[10.65376349,55.35031287],[10.64840409,55.35494045],[10.6354482,55.35216348],[10.62332965,55.35767454],[10.60278628,55.36044245],[10.60732258,55.36757905],[10.61477517,55.37116941],[10.63364274,55.37162285],[10.63992663,55.37552901],[10.6466207,55.37203728],[10.63947503,55.37867195],[10.6504123,55.38139519],[10.63810159,55.39311123],[10.64772004,55.40062637],[10.64133935,55.40722273],[10.64523901,55.4115884],[10.66017176,55.41317918],[10.68452401,55.40927998],[10.69207171,55.41070819],[10.70161695,55.42011802],[10.70177579,55.42455342],[10.68803435,55.43718647],[10.66931403,55.44504078],[10.66718392,55.44949553],[10.66889555,55.45091733],[10.65971103,55.44856154],[10.65568348,55.44224704],[10.64838057,55.44300718],[10.63954934,55.43843306],[10.60595412,55.44810258],[10.6059423,55.45242737],[10.5989759,55.45541322],[10.58537126,55.45705106],[10.57495407,55.45077822],[10.58313077,55.42824082],[10.57565559,55.42219526],[10.54442999,55.44146814],[10.54288101,55.44506089],[10.55482292,55.445137],[10.55829072,55.44931594],[10.55436084,55.45427414],[10.57967283,55.45831058],[10.5835872,55.46245052],[10.60170477,55.45890349],[10.62054577,55.44734446],[10.63483115,55.44626642],[10.63594651,55.44796031],[10.63249403,55.4486223],[10.63471309,55.45262957],[10.64696964,55.4509066],[10.65328693,55.44702184],[10.66802679,55.45105589],[10.66810291,55.45335411],[10.66789195,55.45113574],[10.66504575,55.45175821],[10.66538225,55.45527082],[10.66820526,55.45372586],[10.66638304,55.45780702],[10.67553474,55.46498992],[10.68719915,55.46644484],[10.71057408,55.47558492],[10.73735166,55.47414576],[10.74756785,55.47685196],[10.74925582,55.4817576],[10.74284157,55.48724851],[10.73946783,55.49494997],[10.72226598,55.5030658],[10.71160486,55.5131082],[10.70282189,55.52823833],[10.70538636,55.53899395],[10.68218364,55.5540307],[10.67197309,55.56880123],[10.65973361,55.57752486],[10.65204937,55.58926374],[10.63210556,55.60452949],[10.62421307,55.61469216],[10.61739173,55.61932262],[10.60175962,55.61737131],[10.599223,55.61456288],[10.60314684,55.61695435],[10.60516596,55.61329099],[10.60583771,55.61712746],[10.60970949,55.61835256],[10.61509953,55.61924912],[10.61971874,55.61655876],[10.61530635,55.61053873],[10.60051942,55.60932312],[10.59484786,55.61101976],[10.60029994,55.61291153],[10.59715679,55.61433773],[10.5971097,55.61434338]]],[[[10.54374886,55.44417893],[10.54375074,55.44419463],[10.54373379,55.44420177],[10.54372186,55.44420803],[10.54374886,55.44417893]]],[[[10.5432807,55.44439684],[10.54326551,55.44440062],[10.54323486,55.4444011],[10.5432184,55.44439654],[10.5432807,55.44439684]]],[[[10.5431381,55.44458323],[10.54311783,55.4445904],[10.54309626,55.44459679],[10.54307913,55.44459538],[10.5431381,55.44458323]]],[[[10.55660614,55.45286988],[10.55663456,55.45288488],[10.55665374,55.45290603],[10.5566555,55.45292668],[10.55660614,55.45286988]]],[[[10.66917894,55.45268518],[10.66927062,55.45284911],[10.66932742,55.45314168],[10.669377,55.45338338],[10.66917894,55.45268518]]],[[[10.58323383,55.45986091],[10.58332793,55.45989636],[10.5833685,55.45991804],[10.58337447,55.45992892],[10.58323383,55.45986091]]],[[[10.48348216,55.46186802],[10.48104706,55.46158666],[10.48030925,55.45707028],[10.49485149,55.45626362],[10.48928319,55.4557391],[10.48707812,55.45883869],[10.48898125,55.45981776],[10.48344415,55.46185841],[10.48348216,55.46186802]]],[[[10.52881246,55.47184368],[10.52889695,55.47185628],[10.52894591,55.47186637],[10.52898863,55.47188264],[10.52881246,55.47184368]]],[[[10.53234823,55.47439964],[10.53239051,55.47441268],[10.53241367,55.4744265],[10.53244638,55.47447012],[10.53234823,55.47439964]]],[[[10.52329479,55.47583955],[10.52332007,55.47586718],[10.52332212,55.47589178],[10.52329366,55.47591271],[10.52329479,55.47583955]]],[[[10.53366232,55.47627168],[10.53369105,55.47627815],[10.53371898,55.47628823],[10.53374119,55.47630601],[10.53366232,55.47627168]]],[[[10.5259293,55.47713104],[10.52597818,55.4771431],[10.52601229,55.47716595],[10.52603012,55.47718505],[10.5259293,55.47713104]]],[[[10.5175701,55.47758175],[10.51760331,55.47760183],[10.51761116,55.47762088],[10.51757842,55.47765004],[10.5175701,55.47758175]]],[[[10.55897535,55.47924643],[10.55900283,55.47925722],[10.55901456,55.47927765],[10.55900879,55.47929983],[10.55897535,55.47924643]]],[[[10.54383446,55.48081402],[10.54374694,55.48089071],[10.54371293,55.48093948],[10.54371673,55.48099623],[10.54383446,55.48081402]]],[[[10.54829004,55.48177929],[10.54832376,55.48180367],[10.54832116,55.48183417],[10.54830553,55.4818474],[10.54829004,55.48177929]]],[[[10.51908784,55.4811432],[10.51570256,55.48224569],[10.52110983,55.48128515],[10.51928203,55.48113557],[10.51908784,55.4811432]]],[[[10.55035269,55.48384731],[10.55037232,55.48385542],[10.55038145,55.48387453],[10.55036218,55.48390354],[10.55035269,55.48384731]]],[[[10.55600551,55.48435363],[10.55615524,55.4843582],[10.55619836,55.48436394],[10.5562858,55.48439428],[10.55600551,55.48435363]]],[[[10.54933723,55.48596229],[10.54935938,55.4859904],[10.54935219,55.48601683],[10.54933565,55.48603079],[10.54933723,55.48596229]]],[[[10.56240843,55.48735396],[10.5625365,55.48737056],[10.56257976,55.48737999],[10.56263203,55.48742093],[10.56240843,55.48735396]]],[[[10.55440422,55.48660002],[10.55433956,55.48670644],[10.55420925,55.48690589],[10.5541599,55.48695882],[10.55440422,55.48660002]]],[[[10.5516535,55.49318635],[10.5515947,55.49325297],[10.55143086,55.49336971],[10.55119456,55.49357994],[10.5516535,55.49318635]]],[[[10.61594471,55.49788347],[10.61579468,55.4979427],[10.6156593,55.49802726],[10.61560514,55.49806563],[10.61594471,55.49788347]]],[[[10.60590401,55.50739273],[10.60576929,55.50742882],[10.60560662,55.50747823],[10.60553177,55.50751057],[10.60590401,55.50739273]]],[[[10.78904319,55.51828616],[10.77933536,55.51600877],[10.78085454,55.51048273],[10.77582492,55.5080789],[10.80025636,55.51150075],[10.79911076,55.5145817],[10.78919056,55.51828032],[10.78904319,55.51828616]]],[[[10.63148566,55.56863952],[10.63153326,55.56868598],[10.63153335,55.56869954],[10.63151906,55.56871816],[10.63148566,55.56863952]]],[[[10.63230342,55.56969897],[10.63217696,55.56971305],[10.63210078,55.56971569],[10.63203512,55.56970802],[10.63230342,55.56969897]]],[[[10.62150585,55.57050544],[10.6214525,55.57048458],[10.62139848,55.57044395],[10.62135239,55.57038399],[10.62150585,55.57050544]]],[[[10.61385902,55.57917407],[10.60973999,55.5862554],[10.60688577,55.58501573],[10.60837223,55.57611706],[10.61314827,55.57570723],[10.61397058,55.57900877],[10.61385902,55.57917407]]],[[[10.62000862,55.58518245],[10.62019156,55.58520546],[10.62022907,55.58521476],[10.62024248,55.58522447],[10.62000862,55.58518245]]],[[[10.60310478,55.58726593],[10.6031145,55.58729788],[10.60310548,55.58734922],[10.60310719,55.58741831],[10.60310478,55.58726593]]],[[[10.61399444,55.59917123],[10.61152396,55.59834756],[10.60975265,55.59092156],[10.62015089,55.58180726],[10.61768799,55.58679945],[10.62315904,55.58837523],[10.61578829,55.58876755],[10.61407387,55.59913424],[10.61399444,55.59917123]]]]}},{"type":"Feature","properties":{"kode":"0450","navn":"Nyborg"},"geometry":{"type":"MultiPolygon","coordinates":[[[[10.70192463,55.42448313],[10.70161695,55.42011802],[10.69207171,55.41070819],[10.68452401,55.40927998],[10.66017176,55.41317918],[10.64523901,55.4115884],[10.64133935,55.40722273],[10.64772004,55.40062637],[10.63810159,55.39311123],[10.6504123,55.38139519],[10.63947503,55.37867195],[10.6466207,55.37203728],[10.63992663,55.37552901],[10.63364274,55.37162285],[10.61477517,55.37116941],[10.60732258,55.36757905],[10.60278628,55.36044245],[10.62332963,55.35767459],[10.6354482,55.35216348],[10.64947925,55.354716],[10.65311624,55.34886471],[10.63772161,55.3435543],[10.63125402,55.33376649],[10.61822734,55.33328357],[10.61520411,55.32412303],[10.60228513,55.3219822],[10.60832302,55.31847253],[10.60577362,55.31337897],[10.61428328,55.3010626],[10.58695977,55.295213],[10.58808472,55.29044244],[10.58520336,55.28752794],[10.58801439,55.28394111],[10.58388156,55.28089807],[10.58653028,55.27405523],[10.57726815,55.26881654],[10.5702963,55.27065003],[10.56873693,55.26718592],[10.56332189,55.2669971],[10.55733212,55.26006661],[10.55056204,55.2576177],[10.53811052,55.26114373],[10.53174037,55.25701793],[10.5348682,55.25185712],[10.54212561,55.2486779],[10.54996343,55.24845755],[10.57065403,55.24075221],[10.57294952,55.24265634],[10.57710065,55.23699507],[10.59536085,55.23442522],[10.59362078,55.23239437],[10.61823937,55.2299797],[10.65166552,55.23570224],[10.64916987,55.23050651],[10.65891662,55.22823447],[10.65323786,55.22861947],[10.65859805,55.2273921],[10.65289986,55.22658903],[10.66152257,55.21663788],[10.65123454,55.20759388],[10.64616739,55.20743922],[10.64960523,55.20477007],[10.6455175,55.20369737],[10.64588581,55.20021112],[10.65124576,55.19926958],[10.65082204,55.19226],[10.667414,55.19125909],[10.67251636,55.18417656],[10.68829485,55.182538],[10.69265736,55.1858473],[10.69693264,55.1816742],[10.69477096,55.17908674],[10.69779308,55.17821478],[10.70994285,55.18126424],[10.73649932,55.17284492],[10.7396631,55.17451357],[10.74160338,55.17985263],[10.73900141,55.1812797],[10.73981167,55.18490848],[10.74688154,55.1936679],[10.74642712,55.19712007],[10.75082977,55.19702108],[10.76064189,55.20524807],[10.77814197,55.20909344],[10.77994712,55.22151432],[10.79756461,55.21819049],[10.81050862,55.21095074],[10.80918727,55.21985582],[10.81533252,55.23121444],[10.80016721,55.25185578],[10.79630019,55.26368092],[10.78770533,55.27313584],[10.78717505,55.27812818],[10.79203801,55.28706367],[10.78854296,55.29150102],[10.77947022,55.29726632],[10.77964975,55.29483761],[10.74777813,55.29617874],[10.77060736,55.29883297],[10.77653652,55.2972863],[10.77543689,55.29530814],[10.78421228,55.30071411],[10.78972726,55.29703085],[10.78978759,55.3045349],[10.78620557,55.30630899],[10.78898332,55.30838489],[10.7901575,55.30478994],[10.79193998,55.3097711],[10.79524811,55.30745784],[10.79467728,55.30342526],[10.79719887,55.30568099],[10.80514328,55.30301872],[10.80753073,55.29944456],[10.81385306,55.29823707],[10.81130385,55.29659882],[10.81726525,55.29649452],[10.81803464,55.30023987],[10.82584405,55.29671131],[10.82446112,55.29270104],[10.83120935,55.28935667],[10.82930601,55.28678428],[10.82545028,55.28863007],[10.82256905,55.2864344],[10.82517416,55.28516031],[10.85047614,55.28913026],[10.85615428,55.29323581],[10.85529775,55.29603706],[10.85109532,55.2921497],[10.84303733,55.29642972],[10.85360456,55.29726236],[10.85304016,55.30020898],[10.83740183,55.30084722],[10.81686317,55.31274749],[10.80327134,55.3426014],[10.79105292,55.35953723],[10.77228728,55.37515086],[10.76747268,55.38474863],[10.73455874,55.40393924],[10.7255361,55.41539794],[10.71411989,55.41712387],[10.70191248,55.42445427],[10.70192463,55.42448313]]],[[[10.79453181,55.30795271],[10.79202735,55.3088716],[10.79321252,55.30560594],[10.79480217,55.30769412],[10.79453181,55.30795271]]]]}},{"type":"Feature","properties":{"kode":"0461","navn":"Odense"},"geometry":{"type":"MultiPolygon","coordinates":[[[[10.36947929,55.48194429],[10.36009708,55.47922897],[10.357256,55.48078526],[10.35384977,55.47390562],[10.34497645,55.47546268],[10.33356165,55.46342591],[10.31662585,55.47015904],[10.31089514,55.46826084],[10.30818539,55.47089845],[10.31410967,55.47286758],[10.30866619,55.47892091],[10.30338081,55.47682205],[10.29816281,55.46843814],[10.28330228,55.45544331],[10.27838318,55.45322084],[10.25875636,55.45451731],[10.25962654,55.45141529],[10.25603937,55.44986118],[10.25777604,55.44338886],[10.24620907,55.4440721],[10.24167082,55.43949782],[10.24861254,55.4340943],[10.24543592,55.42769537],[10.23293375,55.42926749],[10.23471134,55.42610436],[10.22262883,55.42213801],[10.21665736,55.41079778],[10.20276998,55.41058124],[10.20270858,55.40558597],[10.20581143,55.4044667],[10.19610042,55.3925726],[10.19661654,55.38059613],[10.18381346,55.37169054],[10.18315977,55.36630979],[10.18682907,55.36304589],[10.17580646,55.36054092],[10.18772409,55.36143417],[10.19393915,55.36587113],[10.19906964,55.36369595],[10.21194712,55.36734179],[10.21150176,55.36480804],[10.21727797,55.36416904],[10.2180803,55.35938323],[10.23085143,55.35339287],[10.23052962,55.3510825],[10.2344855,55.3547868],[10.23034211,55.35764966],[10.23229073,55.35944667],[10.25035676,55.35358022],[10.25304358,55.35071526],[10.25069776,55.34909167],[10.2588846,55.34825148],[10.25938595,55.34455378],[10.25660719,55.34328318],[10.25978841,55.3410025],[10.25674374,55.33881046],[10.26483518,55.33654572],[10.26335777,55.33166712],[10.25698658,55.32692495],[10.26275444,55.32135473],[10.2605395,55.32016296],[10.26157663,55.3147631],[10.27748854,55.31395482],[10.2838777,55.31077141],[10.29251186,55.31658843],[10.29386836,55.31316305],[10.28525113,55.30512425],[10.28794096,55.30132291],[10.27891226,55.29779495],[10.2860051,55.29474297],[10.28406101,55.29217451],[10.28654368,55.29019942],[10.30056811,55.28812193],[10.31538294,55.2926993],[10.34403103,55.29209808],[10.34913776,55.29723212],[10.33404856,55.30723774],[10.33863358,55.31295038],[10.35512917,55.32180574],[10.38385062,55.32626694],[10.40679715,55.3337281],[10.41332066,55.33108167],[10.40887015,55.32782347],[10.4215963,55.31902785],[10.42253774,55.31030361],[10.43619012,55.3085927],[10.45976463,55.3119694],[10.4630877,55.31579278],[10.46154799,55.31827868],[10.49125605,55.32303818],[10.51738775,55.32054583],[10.52609176,55.32364129],[10.55188198,55.32270499],[10.57430053,55.33804522],[10.57685409,55.34526884],[10.55616145,55.35122662],[10.55446182,55.35526152],[10.55736226,55.35746007],[10.54552986,55.36152192],[10.5392938,55.36075307],[10.53397026,55.36816275],[10.51733512,55.37458363],[10.51548902,55.38052139],[10.50619224,55.38737137],[10.49923066,55.39815201],[10.50058126,55.40581953],[10.48084323,55.41828623],[10.48472413,55.42201169],[10.50362587,55.41916679],[10.50717581,55.42276917],[10.52398807,55.41968622],[10.53049949,55.42591824],[10.52643681,55.43267172],[10.5087136,55.44016079],[10.50505505,55.44358536],[10.50657031,55.44595218],[10.50393985,55.45007284],[10.4983178,55.45306218],[10.49151195,55.44686064],[10.48241959,55.44467491],[10.47335478,55.43827101],[10.45718521,55.44391201],[10.448802,55.44127427],[10.44478019,55.43694355],[10.43295113,55.43936521],[10.42631328,55.43651453],[10.42472983,55.43878847],[10.43181477,55.444444],[10.43594904,55.45222365],[10.42961011,55.45443411],[10.4343948,55.45534339],[10.4371034,55.46493156],[10.44366992,55.46675076],[10.43735701,55.46543723],[10.4227157,55.44392169],[10.42265647,55.43734102],[10.40005938,55.42731052],[10.38590895,55.42652894],[10.37993821,55.42141424],[10.3788056,55.41665147],[10.38406842,55.40842102],[10.38040352,55.41133083],[10.38304835,55.40671582],[10.37875343,55.40964798],[10.37755327,55.40737339],[10.38055993,55.40737265],[10.3762962,55.40712441],[10.37544062,55.41050738],[10.3795072,55.41276659],[10.37783715,55.416084],[10.37437922,55.41581492],[10.37776704,55.41623927],[10.37888928,55.42152475],[10.38522964,55.4269813],[10.40866761,55.43101211],[10.42029065,55.43650883],[10.43050914,55.46279232],[10.43940171,55.46995825],[10.39553115,55.46631497],[10.39424958,55.47409622],[10.38592222,55.47686701],[10.36346996,55.47409999],[10.37373606,55.48082934],[10.36950905,55.48192194],[10.36947929,55.48194429]]],[[[10.38272252,55.40667098],[10.38277415,55.40667938],[10.3828261,55.40669712],[10.38285818,55.4067204],[10.38272252,55.40667098]]],[[[10.43784267,55.45553739],[10.43786713,55.45557934],[10.43790215,55.45563366],[10.43794317,55.45568314],[10.43784267,55.45553739]]]]}},{"type":"Feature","properties":{"kode":"0479","navn":"Svendborg"},"geometry":{"type":"MultiPolygon","coordinates":[[[[10.78207638,55.22138123],[10.77948529,55.22096662],[10.77814197,55.20909344],[10.76064189,55.20524807],[10.75082977,55.19702108],[10.74630332,55.19699125],[10.74688154,55.1936679],[10.73981167,55.18490848],[10.73900141,55.1812797],[10.74160338,55.17985263],[10.7396631,55.17451357],[10.73649932,55.17284492],[10.70994285,55.18126424],[10.69590093,55.1787313],[10.69693264,55.1816742],[10.69265736,55.1858473],[10.68829485,55.182538],[10.67251636,55.18417656],[10.6728033,55.18684865],[10.66686802,55.19141943],[10.63681435,55.19079146],[10.62249994,55.19523406],[10.6187776,55.19436951],[10.62461466,55.18768876],[10.6201366,55.17691861],[10.61377597,55.17581161],[10.60942143,55.18189223],[10.5966907,55.17786557],[10.5912817,55.15778155],[10.57670991,55.16016383],[10.5756791,55.15735423],[10.56720087,55.15761236],[10.56585532,55.16109985],[10.55141973,55.16339941],[10.55463967,55.15621013],[10.55149614,55.15510637],[10.54989335,55.16327368],[10.52519974,55.16614561],[10.52184243,55.15972113],[10.50821071,55.15664399],[10.48976142,55.16140502],[10.47082711,55.15877234],[10.47162818,55.1536937],[10.45484849,55.14991012],[10.44510447,55.13767807],[10.42522237,55.13821383],[10.42643169,55.13657057],[10.42273218,55.13344709],[10.4124357,55.12836339],[10.408939,55.11631027],[10.3952276,55.10941493],[10.39360441,55.10272233],[10.39988855,55.09952453],[10.40260558,55.09262579],[10.40760829,55.09009497],[10.3960857,55.08743968],[10.39216316,55.08229501],[10.39477197,55.08039222],[10.3947379,55.07491121],[10.38889311,55.07491205],[10.38565124,55.07066127],[10.3991537,55.06648121],[10.3892676,55.06478196],[10.38779974,55.06106882],[10.38231917,55.05975298],[10.38898641,55.05356568],[10.38606884,55.04942166],[10.41522852,55.03944709],[10.42274604,55.04165588],[10.45846362,55.04018116],[10.47136217,55.0424712],[10.480877,55.03908098],[10.48918926,55.03116896],[10.51641428,55.02659473],[10.53188259,55.03289031],[10.59798215,55.04738891],[10.60478269,55.05336892],[10.6119438,55.05177356],[10.61481943,55.05923637],[10.62158608,55.05900622],[10.61516617,55.05938591],[10.61503403,55.06234547],[10.63642815,55.05976973],[10.64227538,55.05503559],[10.65337524,55.05497054],[10.65771771,55.05814981],[10.68132063,55.05697308],[10.68951922,55.06363807],[10.70658596,55.06106628],[10.70435703,55.05673191],[10.72449703,55.0648126],[10.74360672,55.06873301],[10.7512151,55.07831216],[10.75496093,55.09475298],[10.76514597,55.10054597],[10.77554354,55.10136381],[10.77099248,55.10988646],[10.77891874,55.12099207],[10.77967457,55.13400425],[10.78759988,55.13890205],[10.78435713,55.14336299],[10.78505749,55.14954581],[10.7908326,55.15539828],[10.7915425,55.16381751],[10.80082942,55.17091748],[10.80697765,55.18072548],[10.81241441,55.20356952],[10.81057602,55.21088763],[10.79756461,55.21819049],[10.78209082,55.22134543],[10.78207638,55.22138123]]],[[[10.63119926,54.95423037],[10.63101428,54.95422854],[10.63097465,54.95422565],[10.63092479,54.95422839],[10.63119926,54.95423037]]],[[[10.63383573,54.95413025],[10.63393857,54.95414757],[10.63408098,54.95418187],[10.634112,54.95419197],[10.63383573,54.95413025]]],[[[10.51911869,54.96139303],[10.5190541,54.96140759],[10.51889752,54.96140559],[10.51868717,54.96131169],[10.51911869,54.96139303]]],[[[10.52627536,54.96253263],[10.52648341,54.96285789],[10.52650322,54.96303424],[10.52653296,54.96320463],[10.52627536,54.96253263]]],[[[10.51657969,54.96373039],[10.51639222,54.96375448],[10.51615528,54.96381729],[10.51610106,54.96386263],[10.51657969,54.96373039]]],[[[10.47162708,54.96754018],[10.47119872,54.9675743],[10.47056984,54.96764419],[10.47018362,54.96766423],[10.47162708,54.96754018]]],[[[10.49716426,54.96666591],[10.47624546,54.9669339],[10.47725168,54.96457666],[10.46668551,54.96816421],[10.48428313,54.95854715],[10.49005299,54.95919171],[10.49722565,54.96645583],[10.49716426,54.96666591]]],[[[10.67890811,54.97122354],[10.6789415,54.97122982],[10.67897405,54.97124617],[10.67898765,54.97126486],[10.67890811,54.97122354]]],[[[10.49863311,54.97646038],[10.49302637,54.97204188],[10.49990853,54.97106788],[10.49873067,54.97641163],[10.49863311,54.97646038]]],[[[10.4585637,54.97767113],[10.45857891,54.97768551],[10.45862861,54.97770747],[10.45872945,54.9777477],[10.4585637,54.97767113]]],[[[10.42312152,54.98315381],[10.42081839,54.98367415],[10.42602918,54.97693679],[10.42198847,54.9745185],[10.4133509,54.97455178],[10.40990241,54.97898331],[10.38599948,54.97842593],[10.38571033,54.98194408],[10.38896988,54.98272322],[10.36060273,54.97685233],[10.36536099,54.97165133],[10.3712423,54.9706689],[10.38089138,54.97663192],[10.39000307,54.97709424],[10.42055903,54.96251643],[10.43448959,54.96681793],[10.43718171,54.96516624],[10.43543084,54.96719634],[10.44039784,54.97035079],[10.43868723,54.97372272],[10.42316135,54.98294987],[10.42312152,54.98315381]]],[[[10.42630397,54.99298172],[10.42627035,54.99308277],[10.42624302,54.99320694],[10.4262495,54.99331022],[10.42630397,54.99298172]]],[[[10.37615981,55.00605234],[10.37613292,55.00606639],[10.37609323,55.00606253],[10.37597353,55.00603719],[10.37615981,55.00605234]]],[[[10.4666817,55.01100209],[10.46439755,55.01561174],[10.47225839,55.02025306],[10.45351648,55.00632135],[10.45342409,55.00219697],[10.45608608,54.99962251],[10.47100454,54.99854779],[10.46773486,54.99968671],[10.47450732,55.00391869],[10.49125203,55.00216434],[10.47312191,55.01150612],[10.46670701,55.01100142],[10.4666817,55.01100209]]],[[[10.54361512,55.03356442],[10.54369482,55.03357806],[10.54372904,55.03358904],[10.54373458,55.03361512],[10.54361512,55.03356442]]],[[[10.56812064,55.03460015],[10.56791769,55.03464033],[10.56769086,55.03466222],[10.56765696,55.03467164],[10.56812064,55.03460015]]],[[[10.66599119,55.03813065],[10.66591793,55.038149],[10.66578573,55.03818029],[10.665647,55.03821607],[10.66599119,55.03813065]]],[[[10.6314222,55.05510316],[10.6206413,55.05526299],[10.62516819,55.05242277],[10.6052326,55.04553096],[10.59705887,55.03759408],[10.58707443,55.03685047],[10.57697197,55.03063893],[10.5748933,55.03329111],[10.572899,55.02624928],[10.5443671,55.01796561],[10.53322642,55.00865947],[10.51857159,55.00977159],[10.51355931,55.0070056],[10.51823727,54.99900174],[10.52983538,54.99635736],[10.52397581,54.99288597],[10.52505577,54.97734162],[10.52974651,54.97203272],[10.55007872,54.96219492],[10.54942912,54.95218391],[10.56931452,54.95229285],[10.55612466,54.94783925],[10.55410209,54.94319686],[10.57091139,54.94871285],[10.58849427,54.94745779],[10.5793827,54.95153144],[10.58237328,54.9532597],[10.57607691,54.95479372],[10.58348929,54.95556426],[10.61998216,54.9481747],[10.63346029,54.96196765],[10.64342025,54.9639487],[10.64949009,54.9684472],[10.65572736,54.96574177],[10.64963688,54.96907839],[10.65268646,54.9718514],[10.67014943,54.97406951],[10.67836952,54.97131986],[10.67866481,54.97404627],[10.68776345,54.97255886],[10.68943124,54.97858088],[10.68686644,54.98515447],[10.69184342,54.99691665],[10.68331643,54.99803664],[10.67096775,54.99474564],[10.66734985,54.98513329],[10.65474319,54.97826808],[10.63092699,54.98210814],[10.62358027,54.98885121],[10.62859179,54.9968146],[10.63099954,54.99530854],[10.62640511,54.99381196],[10.63370782,54.99448155],[10.63845839,54.99821252],[10.63851459,55.00387193],[10.6479975,55.0193734],[10.65646114,55.02063215],[10.6593018,55.0252833],[10.65659996,55.0339188],[10.63846246,55.03678055],[10.64315025,55.04117872],[10.642871,55.04547138],[10.63418531,55.04878682],[10.63664844,55.05361045],[10.63161072,55.05497265],[10.6314222,55.05510316]]],[[[10.70197231,55.05490949],[10.6703681,55.05018594],[10.65383232,55.05469892],[10.65576805,55.05216874],[10.64701423,55.04883473],[10.65187259,55.03786446],[10.66866383,55.0424251],[10.70092799,55.04105767],[10.69576573,55.03849236],[10.67004591,55.03740486],[10.66792764,55.03051358],[10.67033157,55.0293239],[10.70098682,55.03384097],[10.7174821,55.0297405],[10.70795504,55.05347017],[10.7020513,55.0549003],[10.70197231,55.05490949]]],[[[10.78532258,55.1381473],[10.7853953,55.13815612],[10.78543815,55.13817059],[10.78548098,55.13819162],[10.78532258,55.1381473]]],[[[10.88159818,55.210803],[10.8830504,55.21594965],[10.88979553,55.22110167],[10.88062027,55.2145908],[10.88159401,55.21077466],[10.88159818,55.210803]]]]}},{"type":"Feature","properties":{"kode":"0480","navn":"Nordfyns"},"geometry":{"type":"MultiPolygon","coordinates":[[[[10.30108748,55.62270464],[10.28772557,55.61933046],[10.29207066,55.62076248],[10.29024593,55.61767053],[10.2940493,55.61903583],[10.30457326,55.60896882],[10.30374454,55.59489931],[10.31617201,55.58873065],[10.31413616,55.58435517],[10.29810349,55.58462788],[10.29306915,55.58142307],[10.28020373,55.58334117],[10.28309175,55.58735143],[10.27908353,55.58741083],[10.28236897,55.58988505],[10.27968803,55.59157455],[10.28569295,55.59462694],[10.27963801,55.60467941],[10.28264759,55.6079066],[10.29364709,55.60653747],[10.29030595,55.60842188],[10.23311271,55.60451956],[10.20766774,55.59921235],[10.20795424,55.59562869],[10.20203694,55.5913702],[10.19825991,55.59510106],[10.18838036,55.59625398],[10.19537675,55.59060795],[10.20087372,55.59055711],[10.19368381,55.5884805],[10.17869323,55.58907493],[10.15358255,55.5836351],[10.13704721,55.57680909],[10.12499855,55.57662262],[10.12047204,55.57953714],[10.11407013,55.573678],[10.10494625,55.57412676],[10.08855895,55.56853526],[10.07629336,55.57036837],[10.0838292,55.56640261],[10.0770441,55.56909743],[10.0808946,55.566676],[10.07869982,55.56529763],[10.07501842,55.56719244],[10.07588769,55.5702295],[10.07237317,55.5656053],[10.07841406,55.56469538],[10.07470879,55.56192739],[10.03651474,55.55705741],[10.0233968,55.54613718],[9.99896245,55.53906743],[9.97993539,55.52958797],[9.98670839,55.52471534],[9.98304669,55.52023402],[9.9856512,55.5158523],[10.00410745,55.50764245],[10.02991188,55.50400552],[10.02901113,55.49645273],[10.033906,55.49677994],[10.03105102,55.49526215],[10.04183597,55.4915825],[10.02881882,55.48402273],[10.04660666,55.47778289],[10.06537464,55.45825593],[10.069404,55.44693471],[10.07874281,55.441722],[10.07725582,55.43845113],[10.10307728,55.42721502],[10.1213888,55.42478686],[10.12364387,55.42675989],[10.12724113,55.42433426],[10.13596262,55.42599623],[10.14323488,55.41987155],[10.18049348,55.40986152],[10.18448978,55.40540853],[10.20275352,55.40555758],[10.2050896,55.41173492],[10.21665736,55.41079778],[10.22262883,55.42213801],[10.23471139,55.42610432],[10.23293375,55.42926749],[10.24495161,55.42737031],[10.24861254,55.4340943],[10.24167082,55.43949782],[10.24620907,55.4440721],[10.25777604,55.44338886],[10.25603937,55.44986118],[10.25962654,55.45141529],[10.25875636,55.45451731],[10.27838318,55.45322084],[10.28330228,55.45544331],[10.29816281,55.46843814],[10.30338081,55.47682205],[10.30866619,55.47892091],[10.31410967,55.47286758],[10.30818539,55.47089845],[10.31089514,55.46826084],[10.31662585,55.47015904],[10.33356165,55.46342591],[10.34497645,55.47546268],[10.35384977,55.47390562],[10.357256,55.48078526],[10.37373606,55.48082934],[10.36346996,55.47409999],[10.38570094,55.47689189],[10.39424958,55.47409622],[10.39553337,55.46631503],[10.43940171,55.46995825],[10.44407188,55.47965861],[10.45510824,55.47870241],[10.45442495,55.48674737],[10.45825701,55.48897822],[10.48989171,55.48457315],[10.48775394,55.48942289],[10.47923628,55.4919545],[10.48468548,55.4973605],[10.4933784,55.49506291],[10.5043788,55.50071583],[10.49094809,55.50591619],[10.48471171,55.51188574],[10.48427617,55.52061166],[10.47023736,55.52882533],[10.48321714,55.53452721],[10.49748017,55.53194067],[10.48866392,55.53775424],[10.49723062,55.53895086],[10.49210476,55.54701597],[10.49565085,55.54795282],[10.51904687,55.53972117],[10.52823125,55.53369285],[10.53769472,55.52104566],[10.54322504,55.52096577],[10.55397056,55.51365607],[10.56183865,55.51610098],[10.54070064,55.53053794],[10.4588595,55.56464055],[10.41955631,55.58733564],[10.3610042,55.60515485],[10.32438192,55.6200416],[10.30137131,55.62268644],[10.30108748,55.62270464]]],[[[10.45671004,55.46313545],[10.45662493,55.46314366],[10.45659786,55.46315584],[10.45658875,55.46317895],[10.45671004,55.46313545]]],[[[10.44443859,55.46887191],[10.44447505,55.46890419],[10.4444881,55.46893657],[10.44452009,55.46896791],[10.44443859,55.46887191]]],[[[10.44530829,55.47049597],[10.44531663,55.47050783],[10.4453256,55.47052821],[10.44533405,55.47055597],[10.44530829,55.47049597]]],[[[10.44265104,55.46903363],[10.44268959,55.46906256],[10.44270723,55.46909498],[10.44277719,55.4691567],[10.44265104,55.46903363]]],[[[10.44714377,55.47390803],[10.44718485,55.47391518],[10.44728152,55.47392815],[10.44738144,55.47393479],[10.44714377,55.47390803]]],[[[10.44653585,55.47393238],[10.44664277,55.47394442],[10.44667346,55.47395735],[10.44669264,55.47398427],[10.44653585,55.47393238]]],[[[10.46176114,55.47788435],[10.46180646,55.47791166],[10.46181439,55.4779335],[10.46180188,55.47795476],[10.46176114,55.47788435]]],[[[10.46240831,55.47808942],[10.46243963,55.47810639],[10.46250373,55.478128],[10.46253024,55.47813892],[10.46240831,55.47808942]]],[[[10.46002485,55.47755845],[10.46013952,55.47756166],[10.46029759,55.47757443],[10.46046333,55.47759779],[10.46002485,55.47755845]]],[[[10.48038944,55.48102092],[10.48032904,55.48101787],[10.48021019,55.48101787],[10.48013462,55.48101546],[10.48038944,55.48102092]]],[[[10.47867389,55.48161599],[10.46392531,55.47879877],[10.45964405,55.47491899],[10.45609876,55.47673646],[10.45907352,55.47476502],[10.45549689,55.47332856],[10.45618393,55.46481685],[10.45935622,55.46316423],[10.47469924,55.46631667],[10.46587173,55.47280485],[10.47399177,55.48070252],[10.48240642,55.48140433],[10.47869501,55.48160963],[10.47867389,55.48161599]]],[[[10.46339607,55.48178466],[10.46344685,55.48179277],[10.46350591,55.48181075],[10.4635308,55.48182915],[10.46339607,55.48178466]]],[[[10.49320658,55.48290732],[10.49308472,55.48293217],[10.49302302,55.48294946],[10.49293723,55.48296156],[10.49320658,55.48290732]]],[[[10.49197136,55.48296004],[10.49191148,55.48297523],[10.49182687,55.48295155],[10.49177941,55.48295204],[10.49197136,55.48296004]]],[[[10.48574107,55.48375331],[10.48580244,55.48378609],[10.48580295,55.48380819],[10.48576567,55.48384351],[10.48574107,55.48375331]]],[[[10.46419452,55.48375867],[10.46426763,55.48380111],[10.46434621,55.48388464],[10.46438505,55.48397584],[10.46419452,55.48375867]]],[[[10.4585795,55.48866766],[10.45860484,55.48868111],[10.45861109,55.48869595],[10.45860781,55.48873571],[10.4585795,55.48866766]]],[[[10.53674157,55.49667582],[10.53680808,55.49670878],[10.536858,55.49675902],[10.53687581,55.49681397],[10.53674157,55.49667582]]],[[[10.53538409,55.497795],[10.53545194,55.49782992],[10.53549245,55.49787425],[10.53550396,55.49791787],[10.53538409,55.497795]]],[[[10.53723232,55.49876027],[10.53733976,55.49881572],[10.53739163,55.49886306],[10.53740952,55.49892394],[10.53723232,55.49876027]]],[[[10.48515719,55.52618246],[10.48509688,55.5262257],[10.48508585,55.52623985],[10.48510041,55.52628164],[10.48515719,55.52618246]]],[[[10.48607997,55.53111414],[10.48329788,55.53129237],[10.49153849,55.52786731],[10.4861197,55.53108769],[10.48607997,55.53111414]]],[[[10.50049769,55.53680952],[10.50055936,55.53684354],[10.50051365,55.53689982],[10.50046297,55.53696317],[10.50049769,55.53680952]]],[[[10.49940535,55.53766279],[10.49929083,55.53766428],[10.49915858,55.5376579],[10.49904727,55.53766457],[10.49940535,55.53766279]]],[[[10.50755927,55.53974704],[10.50758931,55.53977417],[10.50753068,55.53984059],[10.5074394,55.53991109],[10.50755927,55.53974704]]],[[[10.50681668,55.54006317],[10.50493641,55.54004161],[10.51016892,55.53948116],[10.50689634,55.54005356],[10.50681668,55.54006317]]],[[[10.50582831,55.54302566],[10.5057726,55.54307344],[10.50573922,55.5431124],[10.5056587,55.54313712],[10.50582831,55.54302566]]],[[[10.50867903,55.5435732],[10.50856759,55.54360594],[10.50850323,55.54363882],[10.50822342,55.54372386],[10.50867903,55.5435732]]],[[[10.50334477,55.54397829],[10.50319944,55.54406176],[10.50304831,55.5440762],[10.50289445,55.54404834],[10.50334477,55.54397829]]],[[[10.50685802,55.54411487],[10.50665309,55.54417706],[10.50650572,55.54422354],[10.50633967,55.54427069],[10.50685802,55.54411487]]],[[[10.09649036,55.57667963],[10.09649061,55.57673409],[10.09648244,55.57677702],[10.09640979,55.57687374],[10.09649036,55.57667963]]],[[[10.09524066,55.57682461],[10.0913252,55.57526682],[10.09277126,55.57327276],[10.09533694,55.57674494],[10.09524066,55.57682461]]],[[[10.09566869,55.57667925],[10.09565987,55.57673262],[10.09558896,55.57681781],[10.09547696,55.57691425],[10.09566869,55.57667925]]],[[[10.1039578,55.5778581],[10.1039894,55.57788181],[10.10399187,55.57790784],[10.10398372,55.57792256],[10.1039578,55.5778581]]],[[[10.10014435,55.58016336],[10.10005511,55.58018833],[10.10002671,55.58022247],[10.10003159,55.5803627],[10.10014435,55.58016336]]],[[[10.10565655,55.58244829],[10.10554676,55.58251542],[10.10548134,55.58258673],[10.10545093,55.5826845],[10.10565655,55.58244829]]],[[[10.11531135,55.58253418],[10.11229573,55.58206455],[10.11692647,55.58058269],[10.11548321,55.5824237],[10.11531135,55.58253418]]],[[[10.10347461,55.58492674],[10.09804236,55.58152411],[10.10101146,55.58105356],[10.09960859,55.58285161],[10.10221701,55.58199571],[10.10363166,55.58484697],[10.10347461,55.58492674]]],[[[10.16080622,55.60021414],[10.15785398,55.60089481],[10.16525123,55.5996143],[10.16151711,55.60012276],[10.16080622,55.60021414]]],[[[10.1941289,55.60228065],[10.19185044,55.60168025],[10.20741557,55.59902199],[10.19447309,55.60226229],[10.1941289,55.60228065]]],[[[10.17820495,55.60476471],[10.17056138,55.60392788],[10.1671561,55.59950138],[10.18179988,55.60140334],[10.17850857,55.60470509],[10.17820495,55.60476471]]],[[[10.1568764,55.60481455],[10.15668376,55.60491351],[10.15660834,55.60499923],[10.15655304,55.60506185],[10.1568764,55.60481455]]],[[[10.29916355,55.601507],[10.29916617,55.60152872],[10.29912318,55.60157267],[10.29900232,55.60165222],[10.29916355,55.601507]]],[[[10.15809836,55.60512212],[10.15794043,55.60519793],[10.15782638,55.6052868],[10.15777145,55.60532973],[10.15809836,55.60512212]]],[[[10.15976593,55.6056937],[10.15966972,55.60587622],[10.15965672,55.60597375],[10.15969377,55.60607252],[10.15976593,55.6056937]]],[[[10.30365677,55.60806438],[10.30374613,55.60809731],[10.30379259,55.60812935],[10.3038367,55.60818585],[10.30365677,55.60806438]]],[[[10.28308506,55.61271869],[10.28304107,55.6127329],[10.28300765,55.6127355],[10.28297799,55.6127217],[10.28308506,55.61271869]]],[[[10.29245627,55.61311401],[10.29231871,55.61318941],[10.29230982,55.61322312],[10.29236206,55.61327136],[10.29245627,55.61311401]]],[[[10.29153933,55.61511738],[10.29152354,55.61533259],[10.29150821,55.61544094],[10.29150319,55.61547164],[10.29153933,55.61511738]]],[[[10.29192636,55.61842737],[10.2920422,55.618478],[10.29211578,55.61851829],[10.29212344,55.61854355],[10.29192636,55.61842737]]],[[[10.29478977,55.61723893],[10.29258658,55.61841628],[10.29221143,55.61485616],[10.30049008,55.60866639],[10.30203412,55.60335758],[10.30276022,55.60877556],[10.29398786,55.6152907],[10.29493122,55.61707424],[10.29478977,55.61723893]]],[[[10.17071005,55.64623867],[10.16233008,55.64674581],[10.16247894,55.64273244],[10.18083103,55.62744704],[10.18134026,55.61573708],[10.17800398,55.60806881],[10.18262406,55.60458262],[10.18049157,55.60708067],[10.18314082,55.60504393],[10.18775671,55.60905641],[10.19110672,55.60670494],[10.18227753,55.61488731],[10.18115374,55.62167444],[10.18229392,55.63199227],[10.19184423,55.63728906],[10.18992824,55.64303113],[10.17083886,55.6461837],[10.17071005,55.64623867]]]]}},{"type":"Feature","properties":{"kode":"0482","navn":"Langeland"},"geometry":{"type":"MultiPolygon","coordinates":[[[[10.93959478,55.16466664],[10.93093918,55.16037687],[10.92063949,55.14878761],[10.90133487,55.13842822],[10.90247428,55.1317209],[10.89794475,55.12369979],[10.87640524,55.10214392],[10.87113246,55.08256438],[10.86259645,55.06761268],[10.86278984,55.06270733],[10.86000709,55.06293728],[10.86190326,55.06037171],[10.84878968,55.0450866],[10.84781306,55.03598935],[10.82952454,55.02310355],[10.82428306,55.01123887],[10.81339254,55.00325259],[10.8092132,54.99483272],[10.78910479,54.98187467],[10.77012057,54.98285813],[10.76716491,54.97880334],[10.7567399,54.97571992],[10.72461345,54.95475769],[10.71969098,54.94545523],[10.71273831,54.946499],[10.71738434,54.94406748],[10.70224796,54.93798171],[10.69945615,54.93108413],[10.68442283,54.92232507],[10.68243819,54.91371317],[10.67538098,54.91068947],[10.67505401,54.90420276],[10.68109025,54.89784819],[10.68642075,54.900934],[10.69775638,54.89718014],[10.70388126,54.90650554],[10.70743512,54.90714646],[10.70703164,54.8972914],[10.71855571,54.89529897],[10.7114775,54.89335657],[10.71570419,54.88874267],[10.7137359,54.88370502],[10.71747176,54.88443861],[10.72771469,54.87762507],[10.70944659,54.87531662],[10.70544601,54.87800876],[10.70848351,54.87996283],[10.7019344,54.87939569],[10.7058936,54.87690342],[10.70222481,54.87050623],[10.68536872,54.87550349],[10.69131035,54.87601994],[10.69249255,54.88247405],[10.68851385,54.88050319],[10.69019308,54.87662699],[10.6857261,54.87629441],[10.68241151,54.88277401],[10.67216575,54.88228068],[10.66885997,54.87777594],[10.66338854,54.8512487],[10.67015652,54.84794099],[10.65914934,54.84575379],[10.64702863,54.83024338],[10.64171632,54.82939678],[10.64208466,54.83251447],[10.63710767,54.83335241],[10.63398944,54.83000032],[10.62168009,54.83543365],[10.59862971,54.83623283],[10.60195464,54.84041076],[10.5957253,54.83912054],[10.60252034,54.83051774],[10.62264355,54.82477723],[10.63634105,54.81749207],[10.65691687,54.79961473],[10.66070702,54.79318126],[10.6601484,54.77955006],[10.67614746,54.75665867],[10.67551072,54.75314037],[10.67103435,54.75227601],[10.67487059,54.75209653],[10.67101548,54.75050131],[10.66962376,54.75322166],[10.67060939,54.75153361],[10.66660411,54.74928419],[10.67037395,54.74279173],[10.66765112,54.74000031],[10.68598001,54.72376594],[10.69394772,54.72190235],[10.71684881,54.72751018],[10.73584679,54.74362366],[10.7546304,54.78726943],[10.77452155,54.81893677],[10.77660294,54.82985602],[10.81484668,54.88619599],[10.81797848,54.89470422],[10.81664182,54.9048103],[10.82669398,54.91643551],[10.82981258,54.93172047],[10.83458864,54.93248939],[10.83095828,54.93221518],[10.83487268,54.93286548],[10.83293965,54.93500406],[10.83595997,54.93480657],[10.8364249,54.94072602],[10.85893357,54.96869114],[10.88825142,54.98773287],[10.89518132,54.99548284],[10.89766151,55.01114054],[10.90849843,55.0336406],[10.91843103,55.04696025],[10.93071154,55.07845272],[10.9356687,55.08252686],[10.94165518,55.11028158],[10.95569175,55.14629967],[10.95463893,55.15735231],[10.93970312,55.16463121],[10.93959478,55.16466664]]],[[[10.57619831,54.85375217],[10.59339003,54.8418748],[10.59888342,54.84099601],[10.57646062,54.85367587],[10.57619831,54.85375217]]],[[[10.5738251,54.85752762],[10.57361698,54.85757211],[10.57355366,54.8575785],[10.57351463,54.8575684],[10.5738251,54.85752762]]],[[[10.56246896,54.86233632],[10.55997608,54.86212992],[10.56110381,54.85842263],[10.56320201,54.85865808],[10.56110923,54.85873246],[10.5624799,54.86229708],[10.56246896,54.86233632]]],[[[10.71434811,54.87877782],[10.71429412,54.87881696],[10.71421449,54.8788543],[10.71413584,54.8788742],[10.71434811,54.87877782]]],[[[10.69416655,54.88495574],[10.69421352,54.88497899],[10.69423385,54.88499902],[10.69425099,54.88503222],[10.69416655,54.88495574]]],[[[10.70873594,54.88555176],[10.70883301,54.88557241],[10.70890335,54.8855876],[10.70896272,54.88560905],[10.70873594,54.88555176]]],[[[10.55205737,54.89688864],[10.55203579,54.89690339],[10.55199584,54.896935],[10.55197432,54.89695127],[10.55205737,54.89688864]]],[[[10.55139021,54.897521],[10.55140737,54.89752914],[10.55140366,54.89754635],[10.551384,54.89759873],[10.55139021,54.897521]]],[[[10.68639571,54.89752147],[10.68644279,54.89754337],[10.68646605,54.89756633],[10.68646652,54.89759257],[10.68639571,54.89752147]]],[[[10.68779823,54.89857002],[10.6878178,54.89860156],[10.68782583,54.89862958],[10.68783278,54.89865771],[10.68779823,54.89857002]]],[[[10.57862452,54.90125419],[10.57501912,54.90204193],[10.57070626,54.89816636],[10.58089004,54.89521158],[10.58468479,54.89766369],[10.57876818,54.90123884],[10.57862452,54.90125419]]],[[[10.62980148,54.90400889],[10.62999808,54.90403007],[10.63003485,54.90403676],[10.63004571,54.90404686],[10.62980148,54.90400889]]],[[[10.54683454,54.90781857],[10.53769347,54.90786404],[10.54840126,54.90118584],[10.54423056,54.90432906],[10.54814625,54.90466462],[10.54709048,54.90758576],[10.54683454,54.90781857]]],[[[10.53342614,54.91054893],[10.53342872,54.91057172],[10.53337173,54.91058664],[10.53331629,54.91058914],[10.53342614,54.91054893]]],[[[10.53508315,54.91285194],[10.53509504,54.9129227],[10.53511071,54.91297778],[10.5351176,54.91303171],[10.53508315,54.91285194]]],[[[10.58493867,54.91841411],[10.58506301,54.91844538],[10.58509806,54.91846362],[10.5850987,54.91851188],[10.58493867,54.91841411]]],[[[10.61131207,54.91895139],[10.58999812,54.91266463],[10.59331015,54.90537003],[10.60002775,54.90145288],[10.59654229,54.89958992],[10.60603631,54.89065002],[10.61120583,54.88947085],[10.62437603,54.89715672],[10.62582952,54.90308702],[10.62997497,54.90360085],[10.62456611,54.90375625],[10.62028422,54.90750211],[10.62276858,54.91605668],[10.61139951,54.91894501],[10.61131207,54.91895139]]],[[[10.58814536,54.92031008],[10.58822861,54.92034791],[10.58831366,54.9204036],[10.58830506,54.92044668],[10.58814536,54.92031008]]],[[[10.66604309,54.9609905],[10.66162272,54.96235709],[10.66560374,54.96076481],[10.66526193,54.95819207],[10.68622306,54.95418391],[10.68964738,54.94921373],[10.70303129,54.94929957],[10.70184859,54.95528576],[10.69848974,54.95729685],[10.66622307,54.96093851],[10.66604309,54.9609905]]],[[[10.88548955,55.14361608],[10.88549679,55.14363637],[10.88549916,55.1436668],[10.88549437,55.14371811],[10.88548955,55.14361608]]],[[[10.88463882,55.14503557],[10.88464366,55.1450417],[10.8846422,55.1450473],[10.88463183,55.14506363],[10.88463882,55.14503557]]]]}},{"type":"Feature","properties":{"kode":"0492","navn":"Ærø"},"geometry":{"type":"MultiPolygon","coordinates":[[[[10.20760037,54.9716716],[10.20478007,54.97096487],[10.20455752,54.96702127],[10.21166383,54.95802157],[10.24065203,54.93979985],[10.24397761,54.93188334],[10.2430055,54.92451736],[10.2465377,54.91900893],[10.25932079,54.912172],[10.2881317,54.8885326],[10.31999105,54.87678963],[10.35747712,54.84626788],[10.37307113,54.83696696],[10.39804417,54.82866988],[10.41537569,54.81794418],[10.42616746,54.81687272],[10.43525499,54.82285867],[10.43889564,54.8315901],[10.45839504,54.83938156],[10.53720635,54.84674741],[10.52301505,54.8563949],[10.52858656,54.84749374],[10.52732971,54.8510251],[10.53455794,54.8483685],[10.52047662,54.84441464],[10.52345124,54.84825663],[10.52248849,54.85620908],[10.51729411,54.86116142],[10.47171459,54.88703885],[10.45773578,54.88828843],[10.46102936,54.89231053],[10.47166187,54.89368356],[10.4503067,54.89232622],[10.4492839,54.88975783],[10.4606976,54.8862799],[10.48608733,54.86539045],[10.48216826,54.86404958],[10.46170112,54.87529426],[10.45931479,54.87454112],[10.460933,54.86952816],[10.45791862,54.86698072],[10.45857072,54.87061781],[10.4506583,54.87195511],[10.45660908,54.86679628],[10.44835642,54.86231023],[10.4370356,54.86615812],[10.41918737,54.87781822],[10.4143674,54.89166183],[10.41434001,54.88978098],[10.40546884,54.89609367],[10.40738475,54.89893391],[10.41226022,54.89805543],[10.4109971,54.90064368],[10.41354589,54.90244561],[10.39512372,54.91429514],[10.38888147,54.91400625],[10.39099003,54.91063925],[10.40625027,54.90567481],[10.40580745,54.90089886],[10.39059538,54.89338092],[10.3818512,54.88521069],[10.37126714,54.88470025],[10.36366796,54.8951885],[10.33738292,54.89960348],[10.32437247,54.91503486],[10.28704437,54.93764256],[10.25910189,54.94340717],[10.26207598,54.94204191],[10.25708705,54.94162231],[10.25871726,54.94257426],[10.25500224,54.94368988],[10.25828968,54.9437047],[10.25163216,54.9440701],[10.22492824,54.96004182],[10.2215169,54.9641919],[10.22216701,54.9691515],[10.20774604,54.97164238],[10.20760037,54.9716716]]],[[[10.53093663,54.84815672],[10.53091823,54.84816019],[10.53088294,54.84816207],[10.53086049,54.84816164],[10.53093663,54.84815672]]],[[[10.52599331,54.85763349],[10.52601235,54.85764664],[10.52601328,54.85767962],[10.52598899,54.8577005],[10.52599331,54.85763349]]],[[[10.52413369,54.85726849],[10.52415814,54.8572805],[10.52417814,54.85729436],[10.52416162,54.85731092],[10.52413369,54.85726849]]],[[[10.54023688,54.85873845],[10.54011411,54.85877128],[10.5400212,54.85879826],[10.53997799,54.85880932],[10.54023688,54.85873845]]],[[[10.5461197,54.8588607],[10.54600394,54.85887691],[10.54590311,54.85888835],[10.54576936,54.85888655],[10.5461197,54.8588607]]],[[[10.52316248,54.85954603],[10.52318059,54.85956755],[10.52317052,54.85958565],[10.52314107,54.85960211],[10.52316248,54.85954603]]],[[[10.43039271,54.88233774],[10.42284729,54.8819351],[10.43725022,54.87871651],[10.43053148,54.8823122],[10.43039271,54.88233774]]],[[[10.4796875,54.89124085],[10.48040198,54.88800686],[10.48075607,54.89064678],[10.50935914,54.88537538],[10.47988413,54.89123684],[10.4796875,54.89124085]]],[[[10.41051299,54.89441935],[10.41053109,54.89442875],[10.41054172,54.89444283],[10.41053861,54.89445212],[10.41051299,54.89441935]]],[[[10.47169753,54.89713733],[10.4716782,54.89715895],[10.4716568,54.89717089],[10.47161863,54.8971719],[10.47169753,54.89713733]]],[[[10.47159227,54.89730433],[10.47160054,54.8973214],[10.47160405,54.89734068],[10.47160262,54.89735283],[10.47159227,54.89730433]]],[[[10.42814243,54.89716075],[10.42472805,54.90013409],[10.42085117,54.89749978],[10.42403295,54.89663864],[10.42314103,54.89367782],[10.42821316,54.89708838],[10.42814243,54.89716075]]],[[[10.49534587,54.91298246],[10.49604528,54.91068256],[10.49878835,54.91145907],[10.49549438,54.91296517],[10.49534587,54.91298246]]],[[[10.46783851,54.91543325],[10.46861827,54.91761347],[10.46617663,54.91532614],[10.47093547,54.91274394],[10.46799831,54.91542584],[10.46783851,54.91543325]]],[[[10.48251781,54.92455753],[10.4779589,54.92283766],[10.47477182,54.91686523],[10.49142317,54.91422961],[10.48309419,54.9240294],[10.48656128,54.92337274],[10.48265479,54.92453133],[10.48251781,54.92455753]]],[[[10.51487905,54.92879417],[10.50262525,54.93525242],[10.50147091,54.94046266],[10.49547888,54.9342279],[10.49855522,54.92674273],[10.51145561,54.9275691],[10.52445482,54.92369773],[10.51508529,54.92878801],[10.51487905,54.92879417]]]]}},{"type":"Feature","properties":{"kode":"0510","navn":"Haderslev"},"geometry":{"type":"MultiPolygon","coordinates":[[[[9.62816436,55.18921016],[9.62812324,55.18921271],[9.62801287,55.18922541],[9.62797255,55.1892284],[9.62816436,55.18921016]]],[[[9.68606228,55.21614348],[9.68603759,55.21616087],[9.68601711,55.2161768],[9.68599323,55.21618619],[9.68606228,55.21614348]]],[[[9.69212335,55.22473926],[9.69214224,55.22474976],[9.69211736,55.22475682],[9.69206878,55.22476527],[9.69212335,55.22473926]]],[[[9.56252618,55.24864127],[9.56254363,55.24865188],[9.56255738,55.24866763],[9.56256307,55.24868037],[9.56252618,55.24864127]]],[[[9.76346423,55.25881197],[9.76345335,55.25881887],[9.76344996,55.25883102],[9.76345606,55.25885363],[9.76346423,55.25881197]]],[[[9.5856867,55.26074369],[9.58565221,55.26075249],[9.5856218,55.26077096],[9.58560902,55.26078999],[9.5856867,55.26074369]]],[[[9.73202225,55.26266296],[9.7320388,55.26267275],[9.73204106,55.26268441],[9.73203029,55.26269805],[9.73202225,55.26266296]]],[[[9.76410087,55.26329773],[9.76406354,55.26331252],[9.7640317,55.2633262],[9.76396417,55.26336634],[9.76410087,55.26329773]]],[[[9.76894953,55.26379298],[9.76894825,55.26380009],[9.76896065,55.26381493],[9.76896824,55.26382486],[9.76894953,55.26379298]]],[[[9.7281378,55.27118973],[9.72818368,55.27120257],[9.72822919,55.27122063],[9.72828167,55.27125051],[9.7281378,55.27118973]]],[[[9.77437686,55.27624821],[9.77279923,55.2777874],[9.77195014,55.27563076],[9.7757978,55.26714541],[9.76854207,55.26481792],[9.77324325,55.26199394],[9.76243002,55.26486927],[9.76861841,55.26174583],[9.7646477,55.26135551],[9.77006313,55.26021732],[9.76389841,55.2580686],[9.76642019,55.2563214],[9.76473691,55.25495633],[9.75879563,55.26126513],[9.75743667,55.27193285],[9.75296459,55.27378356],[9.72826563,55.27114808],[9.72627507,55.26628335],[9.73419631,55.26109914],[9.73194465,55.26261903],[9.72465219,55.25871711],[9.72754152,55.25476393],[9.74091856,55.24846746],[9.75845991,55.24949721],[9.77637393,55.26263259],[9.77887428,55.26989774],[9.77441171,55.27614581],[9.77437686,55.27624821]]],[[[9.71360806,55.28986689],[9.71056501,55.28932237],[9.71917889,55.28724096],[9.71392201,55.28985607],[9.71360806,55.28986689]]],[[[9.62221819,55.30878212],[9.62226501,55.30880408],[9.62231618,55.30885234],[9.62239104,55.3090555],[9.62221819,55.30878212]]],[[[9.25962656,55.38234253],[9.23841571,55.37483802],[9.24161771,55.37085773],[9.23553569,55.36814741],[9.24059673,55.36106106],[9.23412436,55.355875],[9.23341753,55.35076965],[9.22629598,55.35134817],[9.21511262,55.33395928],[9.20966802,55.33490364],[9.21023788,55.33880058],[9.19758433,55.34183288],[9.19244951,55.33513936],[9.19347152,55.32688946],[9.18631263,55.32197637],[9.18799939,55.31286327],[9.18282871,55.30891999],[9.18410251,55.30632032],[9.17959957,55.30068193],[9.18740803,55.30316229],[9.19878207,55.29743946],[9.17708715,55.2897846],[9.14075717,55.29061554],[9.1281115,55.2969369],[9.11548644,55.29676977],[9.11663323,55.32284066],[9.10956717,55.3355305],[9.0921609,55.33449818],[9.09611675,55.32903142],[9.07615095,55.31924857],[9.06852229,55.31082596],[9.06378518,55.31123065],[9.06420658,55.31520034],[9.04396882,55.31831664],[9.04171691,55.3204417],[9.0446168,55.32226627],[9.04230133,55.32747902],[9.03434471,55.32657897],[9.02957872,55.32273469],[9.02454619,55.32720469],[9.02672307,55.3299356],[9.02454595,55.3319205],[8.98304221,55.33789015],[8.97546048,55.33808539],[8.97877008,55.33437455],[8.97147047,55.33511701],[8.96830798,55.33256046],[8.96992897,55.32604454],[8.96695968,55.32372782],[8.95520429,55.31867254],[8.95010676,55.31919687],[8.93978881,55.3125862],[8.93172675,55.3161696],[8.92556679,55.31498121],[8.92622109,55.31773095],[8.91277825,55.31916883],[8.90659273,55.32313191],[8.88643199,55.32305975],[8.88464705,55.32062145],[8.8996672,55.31738008],[8.89913253,55.31490599],[8.90840326,55.31264236],[8.9081932,55.30986338],[8.9139905,55.3068715],[8.91977698,55.30654314],[8.92710126,55.29989029],[8.92691171,55.29633038],[8.91365584,55.29058049],[8.9077761,55.27906943],[8.9389171,55.27339356],[8.93281318,55.24410395],[8.9370039,55.19639909],[8.96347066,55.19176971],[8.96737731,55.19601452],[8.9672062,55.2126937],[8.98032813,55.20840521],[8.99763682,55.2123337],[9.01816182,55.2313712],[9.02458073,55.22989897],[9.08202943,55.24171051],[9.12182625,55.23731823],[9.1351231,55.2340333],[9.15270536,55.22321335],[9.15256594,55.21606849],[9.16633369,55.20744638],[9.16429437,55.20043205],[9.16861194,55.19619108],[9.13689721,55.19133119],[9.13071742,55.18342306],[9.10356266,55.16546404],[9.11974709,55.16645073],[9.12514694,55.15602115],[9.17422272,55.16465594],[9.18194367,55.17562659],[9.21546335,55.1749983],[9.22131916,55.16809729],[9.24859947,55.16545553],[9.24472168,55.16065216],[9.23234235,55.15463585],[9.23390253,55.14628853],[9.24465858,55.14287996],[9.24672116,55.13944872],[9.26425453,55.13732761],[9.27223933,55.13098417],[9.28819831,55.13592658],[9.28878721,55.14049704],[9.29346474,55.14269244],[9.29631584,55.15277592],[9.29501683,55.16679004],[9.31492167,55.16796517],[9.32291394,55.16235681],[9.32992417,55.16237444],[9.33874162,55.15718146],[9.35551332,55.15652175],[9.36362376,55.14975481],[9.37065524,55.15228232],[9.39181539,55.14893931],[9.3978705,55.15379124],[9.4097004,55.1538794],[9.41720891,55.1476454],[9.43266332,55.15054973],[9.43850647,55.14591861],[9.45602043,55.14563087],[9.47130967,55.13690289],[9.47435561,55.1313972],[9.51532932,55.12560259],[9.5199342,55.12931112],[9.50444043,55.13621565],[9.50213142,55.14934648],[9.49680896,55.15263023],[9.49894615,55.15684435],[9.52516581,55.16359465],[9.54961063,55.17554016],[9.56152238,55.177656],[9.57996622,55.18994616],[9.59096961,55.19364818],[9.61263434,55.19240201],[9.62445927,55.1860296],[9.6245887,55.1894441],[9.61571328,55.19255222],[9.62918078,55.18946103],[9.63767862,55.17627104],[9.62917405,55.17578682],[9.62783735,55.18396706],[9.63130222,55.18467518],[9.62613455,55.18926103],[9.62563844,55.18606804],[9.62081111,55.18385565],[9.62216021,55.17901062],[9.62987004,55.17428916],[9.68939999,55.19322063],[9.69626359,55.19822812],[9.69102494,55.21848148],[9.69614045,55.22682182],[9.67959212,55.21740839],[9.68941769,55.21560731],[9.68322151,55.21711853],[9.68084945,55.21171151],[9.65711608,55.21054869],[9.65412007,55.21407449],[9.65836354,55.215241],[9.6590713,55.22394401],[9.67116938,55.22702776],[9.67708389,55.22258856],[9.67460501,55.22234007],[9.67783366,55.2177654],[9.68479244,55.2192003],[9.68676987,55.22257703],[9.71572035,55.23762684],[9.71168995,55.24226218],[9.71869047,55.25261094],[9.71333013,55.26170514],[9.70709328,55.2626972],[9.71260747,55.26249188],[9.68326077,55.27088036],[9.65804408,55.28344483],[9.64487464,55.28075291],[9.63821383,55.28543143],[9.62818476,55.28462489],[9.61136207,55.27123358],[9.58675952,55.2692748],[9.58477694,55.26643641],[9.58959333,55.26125786],[9.58926082,55.25735415],[9.57095585,55.25234506],[9.56806133,55.24731353],[9.56368379,55.24828645],[9.56548007,55.25032835],[9.5583591,55.24669233],[9.56143397,55.24833654],[9.52610234,55.24803052],[9.51319046,55.25065706],[9.49425336,55.24752651],[9.51648712,55.25241954],[9.55071814,55.24921847],[9.56546644,55.25153993],[9.57163639,55.25805422],[9.58354123,55.25934934],[9.58128764,55.26598363],[9.58398275,55.27018511],[9.61097047,55.27409423],[9.62833514,55.28958017],[9.64037138,55.29063572],[9.64101689,55.29356893],[9.63732149,55.29433016],[9.64493132,55.2934554],[9.64303758,55.29009395],[9.65110033,55.28625888],[9.66642646,55.28770179],[9.67175473,55.28525926],[9.6523054,55.30096257],[9.6439794,55.31214843],[9.63949475,55.31351074],[9.62028317,55.30964502],[9.63207231,55.31249754],[9.65042703,55.3284235],[9.64590698,55.33522877],[9.64740791,55.34139555],[9.62249139,55.3570624],[9.6006884,55.35736999],[9.59115901,55.35146354],[9.58622992,55.35346098],[9.5799201,55.34889956],[9.57311584,55.34926503],[9.57141437,55.34597754],[9.56618468,55.34482264],[9.56484982,55.33992026],[9.54903561,55.33624379],[9.5476317,55.33273259],[9.5414527,55.33061946],[9.53487099,55.32038149],[9.53055788,55.32051568],[9.53239325,55.31886486],[9.53037838,55.31711523],[9.50917693,55.31800276],[9.50711376,55.31389032],[9.49909324,55.31702559],[9.47754641,55.30852564],[9.44493667,55.31870505],[9.45431748,55.32871539],[9.45160395,55.33653736],[9.4445535,55.34104418],[9.44581926,55.34371084],[9.43851773,55.34406479],[9.43152763,55.34972479],[9.41546275,55.34933448],[9.41449506,55.34462003],[9.39955363,55.33790963],[9.3795669,55.31354218],[9.36552458,55.31153448],[9.35661339,55.31519287],[9.35496147,55.31868542],[9.35742749,55.3217749],[9.35307998,55.32242744],[9.35052456,55.33031758],[9.34359028,55.33159082],[9.34479551,55.33592837],[9.3400587,55.34044155],[9.30297922,55.35337014],[9.30161158,55.35927306],[9.30819322,55.36308123],[9.30608217,55.36578447],[9.28015495,55.37412329],[9.28095409,55.37887275],[9.27641749,55.38191026],[9.27232747,55.38170197],[9.27156923,55.37886493],[9.26009069,55.38226193],[9.25962656,55.38234253]]]]}},{"type":"Feature","properties":{"kode":"0530","navn":"Billund"},"geometry":{"type":"MultiPolygon","coordinates":[[[[8.90201044,55.89388223],[8.88119763,55.89577452],[8.88036414,55.89329499],[8.8757858,55.89293106],[8.86519743,55.89541014],[8.85554881,55.88024409],[8.83956237,55.88179032],[8.82314302,55.84753985],[8.7945667,55.83790584],[8.82675229,55.81942884],[8.75900363,55.80748606],[8.75744864,55.77977447],[8.74994973,55.77652438],[8.74738673,55.76954807],[8.7527281,55.75847212],[8.76918032,55.75689242],[8.77941994,55.76007145],[8.80010793,55.74420181],[8.83361452,55.73236872],[8.83743016,55.72671719],[8.83069577,55.72663549],[8.81716867,55.71382013],[8.80894853,55.69846694],[8.81130492,55.69752586],[8.80051344,55.6966728],[8.8029955,55.68831831],[8.79789965,55.68581819],[8.79871903,55.6831974],[8.81861694,55.67924921],[8.8163041,55.68046636],[8.81774425,55.68231815],[8.82123931,55.67829602],[8.84302012,55.66911672],[8.86586,55.6721922],[8.87089187,55.67036996],[8.87261178,55.67267786],[8.87918294,55.66470274],[8.89015897,55.65928063],[8.88769182,55.64485386],[8.88121018,55.6378416],[8.89321389,55.63106535],[8.90301476,55.62567249],[8.92899553,55.62769404],[8.97722278,55.62335792],[8.99318621,55.61828942],[8.99480479,55.60509175],[9.03536002,55.60512109],[9.06922349,55.60119004],[9.08238816,55.59350879],[9.1113847,55.60048688],[9.12425124,55.59926075],[9.12643444,55.60570681],[9.1234524,55.60746508],[9.1320318,55.60760153],[9.15377782,55.61461914],[9.16429671,55.61250137],[9.18337578,55.61408804],[9.18842486,55.62944832],[9.15896999,55.62917247],[9.15980383,55.63741342],[9.14987763,55.63900128],[9.15778982,55.6628521],[9.15374592,55.67181375],[9.15921045,55.68403955],[9.15138945,55.690421],[9.16774617,55.69544173],[9.16854584,55.70026642],[9.16309763,55.70119478],[9.16149425,55.69822516],[9.14903648,55.70212853],[9.15784668,55.71583192],[9.15768849,55.72306858],[9.15356139,55.72564299],[9.15640263,55.72793498],[9.1539882,55.72878993],[9.15369212,55.73383612],[9.1975888,55.73749492],[9.19924081,55.74018202],[9.173849,55.74736049],[9.13421193,55.74867863],[9.11429917,55.75297578],[9.1171482,55.76668745],[9.11207819,55.76819928],[9.09971248,55.77044062],[9.08544884,55.76688834],[9.05519441,55.7686496],[9.06498016,55.811244],[9.05807022,55.81396756],[9.07762329,55.84197397],[9.05881588,55.85066479],[9.04629518,55.83645389],[9.03007112,55.84063964],[9.02071797,55.83392092],[9.01474947,55.83573517],[9.00953652,55.83065851],[9.00145296,55.83222113],[9.00139224,55.83526675],[8.99986733,55.8339206],[8.99236175,55.83895988],[8.97408237,55.83922667],[8.96186184,55.84344042],[8.95940899,55.84170558],[8.95779038,55.84541178],[8.96754414,55.86521614],[8.96555134,55.88487129],[8.9432892,55.89217064],[8.90227752,55.89385775],[8.90201044,55.89388223]]]]}},{"type":"Feature","properties":{"kode":"0540","navn":"Sønderborg"},"geometry":{"type":"MultiPolygon","coordinates":[[[[9.74466168,55.08379408],[9.69953194,55.07753301],[9.66740055,55.06588238],[9.6534907,55.05540278],[9.64025009,55.05196272],[9.63875544,55.04447355],[9.64407258,55.03899815],[9.66179492,55.03905218],[9.68455398,55.03481685],[9.69058683,55.03538892],[9.68659364,55.0383742],[9.69690876,55.04185064],[9.6968169,55.04436633],[9.70648389,55.04475294],[9.70707481,55.04190714],[9.69809072,55.0393651],[9.70930722,55.03922495],[9.70741628,55.03749336],[9.71860764,55.03128465],[9.70436631,55.03174498],[9.70257551,55.03335287],[9.70536162,55.03681862],[9.69711996,55.03821499],[9.68606211,55.03236877],[9.66272886,55.02942374],[9.65952374,55.02406753],[9.69277468,55.00787502],[9.70087471,55.00659495],[9.72493644,55.00963004],[9.79211998,55.01094253],[9.79483563,55.0048171],[9.77703033,54.99997522],[9.77597738,54.99541193],[9.78009837,54.99316011],[9.80397324,54.99624843],[9.79393661,54.99574441],[9.78435026,54.99152091],[9.78089492,54.98771111],[9.78431972,54.98302191],[9.82253586,54.97949086],[9.83746216,54.97279163],[9.84242877,54.97372448],[9.83915284,54.97069351],[9.8493866,54.96788886],[9.85056807,54.97056092],[9.85973255,54.97038909],[9.85250324,54.96946626],[9.85576199,54.96656202],[9.8523022,54.96478904],[9.84089447,54.96538933],[9.83256211,54.95688601],[9.84031514,54.95349849],[9.85474486,54.95501446],[9.85672264,54.95301966],[9.83572929,54.94835198],[9.8536264,54.94193398],[9.87316666,54.94446826],[9.87379701,54.94255097],[9.83989836,54.93500817],[9.83760215,54.93095504],[9.83519167,54.93367092],[9.82380613,54.93387613],[9.82966248,54.93778449],[9.8205102,54.94149238],[9.79139656,54.96870709],[9.77407484,54.97024055],[9.75982312,54.9825379],[9.75123537,54.97759372],[9.7594197,54.97101674],[9.76146566,54.94798178],[9.76531796,54.94352486],[9.76336317,54.93415855],[9.76987102,54.92672002],[9.76944622,54.91878664],[9.78164917,54.91560409],[9.78540059,54.91071623],[9.78263167,54.90665488],[9.79617696,54.89752144],[9.79128412,54.89770087],[9.83182026,54.8892286],[9.87123682,54.90018456],[9.88027226,54.89920871],[9.88500512,54.90575042],[9.8894979,54.9058553],[9.88640685,54.90674674],[9.90042242,54.90794627],[9.91380241,54.90455834],[9.91891913,54.90003975],[9.94895469,54.89302803],[9.95458272,54.88847031],[9.9811341,54.87839722],[9.98835838,54.87349302],[9.99762727,54.86043712],[9.99105557,54.85576884],[9.98053968,54.85950394],[9.97108267,54.86764464],[9.95453098,54.86831786],[9.95167821,54.87446607],[9.92780448,54.88306026],[9.91701157,54.88404001],[9.89965425,54.89691608],[9.88498861,54.89042018],[9.86766534,54.87766055],[9.88888967,54.86531833],[9.90848229,54.86446195],[9.92949745,54.85610165],[9.94904832,54.85294705],[9.9885644,54.85245026],[10.01976437,54.87196003],[10.03557678,54.87504848],[10.06456384,54.87337613],[10.07142574,54.87718395],[10.06552419,54.89462566],[10.05841769,54.89729754],[10.05130243,54.90530147],[10.04513496,54.91784776],[10.04430987,54.92942953],[10.0472159,54.93329196],[10.04385372,54.93169629],[10.02674355,54.94831016],[10.003087,54.97831939],[9.98716985,54.98986262],[9.98916085,54.99378819],[9.98495687,54.9917457],[9.98870358,54.99569299],[9.97937134,54.99411804],[9.96490437,55.00653961],[9.94117535,55.01588637],[9.90138627,55.01938563],[9.87908299,55.0265394],[9.86169652,55.03687203],[9.85288641,55.04664528],[9.83686617,55.05107843],[9.81553691,55.06518842],[9.77095766,55.08015132],[9.74470175,55.08379231],[9.74466168,55.08379408]]],[[[9.79182739,54.89792281],[9.7918475,54.89793814],[9.79184985,54.89797838],[9.79185113,54.8982425],[9.79182739,54.89792281]]],[[[9.79127368,54.8990771],[9.79128763,54.89908078],[9.79131328,54.89948215],[9.79148908,54.89973937],[9.79127368,54.8990771]]],[[[9.83381305,54.97279342],[9.82963753,54.97243474],[9.83779321,54.97131354],[9.83181042,54.97236471],[9.83381763,54.97278845],[9.83381305,54.97279342]]],[[[9.67143375,54.99956501],[9.67145751,54.99958402],[9.67147039,54.99960597],[9.671469,54.99963545],[9.67143375,54.99956501]]],[[[9.63173743,55.0098656],[9.62837182,54.99955724],[9.61607374,54.98828991],[9.60935237,54.97728873],[9.59616123,54.97250258],[9.58311569,54.95578796],[9.5745231,54.95184697],[9.56771025,54.95265308],[9.55078786,54.9421388],[9.54871271,54.94453099],[9.54081428,54.9433796],[9.53921905,54.94654477],[9.53283089,54.94510713],[9.53250353,54.95025799],[9.52611425,54.95069703],[9.5263393,54.95399936],[9.51772777,54.96225979],[9.51005218,54.96275261],[9.50387167,54.95917196],[9.49851443,54.9627442],[9.48597463,54.96183177],[9.49336794,54.95586914],[9.49510755,54.94885819],[9.48480702,54.94088048],[9.48155921,54.94168897],[9.48161889,54.93854558],[9.46246948,54.93350331],[9.47161096,54.92534967],[9.46831065,54.90849368],[9.50264132,54.90361248],[9.52049675,54.90428536],[9.52344489,54.90197058],[9.52013704,54.90065026],[9.53374849,54.89851863],[9.53577015,54.89472103],[9.51010066,54.89270588],[9.51580798,54.88252608],[9.52395769,54.88041123],[9.52393593,54.87676325],[9.53599671,54.8765194],[9.53510017,54.87932424],[9.53914999,54.88161773],[9.55684576,54.87618585],[9.56596591,54.87937588],[9.57705555,54.88902194],[9.57927826,54.8978907],[9.57471125,54.8995761],[9.57518403,54.90210111],[9.60214403,54.90979014],[9.59756742,54.914149],[9.58896129,54.91505049],[9.6006725,54.91997038],[9.60928313,54.91430588],[9.6183739,54.93325114],[9.62412398,54.93527414],[9.63699564,54.93321933],[9.670307,54.91920585],[9.67442526,54.91298527],[9.66886009,54.90945007],[9.65786026,54.91140102],[9.65592557,54.90849518],[9.65681719,54.91176595],[9.65263148,54.90972667],[9.65432878,54.91282804],[9.65045839,54.91166319],[9.64568696,54.91593622],[9.63689002,54.91633006],[9.60731186,54.91090214],[9.59848114,54.90590943],[9.61437289,54.90151523],[9.62063914,54.89618777],[9.6157224,54.89741197],[9.61806232,54.89519259],[9.63848146,54.89306166],[9.64361625,54.88378214],[9.65700133,54.88074306],[9.65624041,54.87748361],[9.65059903,54.87628258],[9.65392293,54.87618979],[9.65029134,54.87537971],[9.65215343,54.87475377],[9.65031524,54.87245923],[9.63627396,54.86682203],[9.63788561,54.86159466],[9.65791453,54.85513404],[9.68007905,54.85727546],[9.70640014,54.85242734],[9.70806961,54.84973458],[9.70470634,54.8466685],[9.72160507,54.84108078],[9.72720841,54.83482195],[9.75240118,54.84006401],[9.76127208,54.8503354],[9.75832872,54.86199608],[9.75105612,54.86344691],[9.74255609,54.86960764],[9.73912027,54.88217829],[9.72493238,54.88913233],[9.70502112,54.88941747],[9.70108018,54.89527756],[9.70979381,54.90347408],[9.75646768,54.89717616],[9.78060016,54.90486518],[9.78243505,54.91084797],[9.78062802,54.91293923],[9.76716794,54.9160979],[9.7636364,54.91930974],[9.76396118,54.92567296],[9.75477291,54.92899185],[9.75554698,54.93965031],[9.74952159,54.95919148],[9.75192437,54.96640351],[9.73934213,54.97414524],[9.73836543,54.98742292],[9.71544102,54.9902524],[9.69249575,54.98787134],[9.67088016,54.99975112],[9.63942627,55.00978985],[9.631833,55.00985764],[9.63173743,55.0098656]]]]}},{"type":"Feature","properties":{"kode":"0550","navn":"Tønder"},"geometry":{"type":"MultiPolygon","coordinates":[[[[8.72573318,55.24444288],[8.68236739,55.24326561],[8.65815728,55.23839281],[8.66186873,55.23464003],[8.65773593,55.23400325],[8.66173441,55.22511984],[8.65572255,55.22381153],[8.65887978,55.21988591],[8.66544673,55.22227472],[8.68449459,55.15862949],[8.65809815,55.15650775],[8.65916475,55.15208591],[8.6377783,55.1486242],[8.61025753,55.14877953],[8.56750704,55.15362975],[8.57364613,55.16207143],[8.56900955,55.16458296],[8.57259471,55.17301355],[8.58504966,55.17888432],[8.59359892,55.18764557],[8.56193295,55.20077463],[8.54520396,55.19969572],[8.55207851,55.20356798],[8.53172559,55.20815001],[8.52165018,55.19571163],[8.5297948,55.20888107],[8.51904864,55.21175152],[8.50474815,55.20778378],[8.48891606,55.19587362],[8.47668512,55.17276693],[8.48008684,55.16181999],[8.48758682,55.16251358],[8.48101954,55.16106749],[8.47582335,55.16509494],[8.47379681,55.13134074],[8.46401838,55.10038775],[8.47569004,55.10122233],[8.48550891,55.09459952],[8.47161722,55.10141538],[8.47509981,55.10023021],[8.46502901,55.09969952],[8.46248278,55.09698053],[8.49999951,55.06267817],[8.5095995,55.057988],[8.51669476,55.05891978],[8.52210243,55.06359987],[8.53673629,55.06602057],[8.53680234,55.06964325],[8.54503694,55.07108309],[8.54524991,55.07379077],[8.55702771,55.07796253],[8.5634637,55.08466796],[8.57175702,55.08557968],[8.56538566,55.08703035],[8.57231767,55.08731621],[8.56284332,55.09014159],[8.55744097,55.09787508],[8.55078489,55.10114296],[8.55953088,55.12232777],[8.55503296,55.12486121],[8.55061926,55.1419351],[8.55638793,55.14983353],[8.61297784,55.14451926],[8.66392538,55.14849124],[8.68596477,55.14409902],[8.67785986,55.13563914],[8.68565502,55.13077025],[8.6756236,55.13011905],[8.65776067,55.10047803],[8.65909428,55.09908763],[8.6496842,55.08921388],[8.64620757,55.08953265],[8.63166729,55.03998524],[8.6339998,55.03974874],[8.63385874,55.03222308],[8.64674564,55.00434879],[8.65896489,54.98641716],[8.65652141,54.9863401],[8.65783316,54.96311635],[8.63600007,54.9159085],[8.63351872,54.91607871],[8.6369937,54.91564233],[8.63482538,54.91161765],[8.6600304,54.90867513],[8.66854065,54.91129361],[8.68026355,54.91057293],[8.72789683,54.89273979],[8.75499071,54.89687538],[8.77703593,54.89263877],[8.77648416,54.89548301],[8.79913923,54.90255583],[8.79905416,54.90466933],[8.81885955,54.90393571],[8.82422376,54.9068733],[8.83699402,54.90554365],[8.84874657,54.897316],[8.85957637,54.89671692],[8.89224147,54.90488636],[8.9132962,54.90202805],[8.94806707,54.9025443],[9.026907,54.88150611],[9.02462197,54.88507014],[9.03230344,54.88674515],[9.03078631,54.905726],[9.0408415,54.90930876],[9.03537679,54.91255894],[9.01526764,54.91549355],[9.00898322,54.92883271],[9.00495256,54.92861835],[9.00715606,54.93870767],[9.02760281,54.94422202],[9.02489541,54.96168443],[9.04155537,54.9675645],[9.0629974,54.97036966],[9.07343354,54.97864501],[9.09383711,54.98131569],[9.07623673,54.99860873],[9.0697118,55.01290365],[9.07133041,55.01807556],[9.09249072,55.02428907],[9.08756409,55.03290778],[9.11588106,55.04435629],[9.11260336,55.05033539],[9.13159228,55.05683118],[9.14118458,55.05730848],[9.13376907,55.07419903],[9.13527148,55.07981301],[9.11241819,55.08324017],[9.13887603,55.09120646],[9.14173391,55.09642825],[9.1486952,55.09906578],[9.16121475,55.09034843],[9.16858359,55.09386261],[9.19687828,55.09315725],[9.20808009,55.10513794],[9.22229718,55.10938689],[9.2487611,55.12428441],[9.24490761,55.13100126],[9.24961814,55.13925178],[9.23396608,55.14623637],[9.23169614,55.15347714],[9.24859947,55.16545553],[9.22131916,55.16809729],[9.21564213,55.17496015],[9.18194367,55.17562659],[9.17422272,55.16465594],[9.12514694,55.15602115],[9.11974709,55.16645073],[9.10356266,55.16546404],[9.13071742,55.18342306],[9.13689721,55.19133119],[9.16861194,55.19619108],[9.16429437,55.20043205],[9.16633369,55.20744638],[9.15256594,55.21606849],[9.15270536,55.22321335],[9.1351231,55.2340333],[9.12182625,55.23731823],[9.08202943,55.24171051],[9.02458073,55.22989897],[9.01816182,55.2313712],[8.99763682,55.2123337],[8.98032813,55.20840521],[8.9672062,55.2126937],[8.96737731,55.19601452],[8.96342716,55.1917626],[8.9370039,55.19639909],[8.93642354,55.2206878],[8.91010056,55.226943],[8.88006784,55.22782927],[8.85998063,55.2249503],[8.80834825,55.23063735],[8.79065644,55.23867735],[8.72623828,55.24438974],[8.72573318,55.24444288]]],[[[8.46659871,55.08838783],[8.46664555,55.08915332],[8.46703338,55.08923185],[8.46668106,55.08959291],[8.46659871,55.08838783]]],[[[8.68004678,55.14565847],[8.68013465,55.14575593],[8.68009797,55.14577058],[8.68001355,55.14579219],[8.68004678,55.14565847]]]]}},{"type":"Feature","properties":{"kode":"0561","navn":"Esbjerg"},"geometry":{"type":"MultiPolygon","coordinates":[[[[8.6382999,55.38923258],[8.63821598,55.38924384],[8.63815303,55.3892397],[8.63809852,55.38922767],[8.6382999,55.38923258]]],[[[8.63044654,55.40414421],[8.6304087,55.40417123],[8.63037467,55.40419647],[8.63032936,55.40422904],[8.63044654,55.40414421]]],[[[8.60282314,55.43196292],[8.60266996,55.43201481],[8.60219582,55.43211391],[8.60179395,55.43223912],[8.60282314,55.43196292]]],[[[8.40897966,55.47853615],[8.40900991,55.47854474],[8.40903504,55.47855744],[8.40905347,55.47857344],[8.40897966,55.47853615]]],[[[8.36075403,55.59135636],[8.36205514,55.59451614],[8.35776026,55.59690029],[8.35106532,55.59236642],[8.3338143,55.59058594],[8.32800534,55.58134059],[8.3114495,55.57562919],[8.29635722,55.57430328],[8.29312882,55.56723093],[8.31604303,55.54694152],[8.33890017,55.53426133],[8.35444862,55.52129958],[8.37646379,55.5113322],[8.3850077,55.50276245],[8.41363454,55.48571192],[8.40856176,55.48423379],[8.40717072,55.48065715],[8.41388719,55.47575956],[8.41123638,55.47797022],[8.41580392,55.47636601],[8.41580886,55.47928411],[8.42065263,55.47932806],[8.41727664,55.47550086],[8.42238201,55.47164576],[8.41982122,55.47482346],[8.42391844,55.47601142],[8.42602274,55.47385768],[8.4231658,55.47292707],[8.42727184,55.47257352],[8.42341584,55.47186962],[8.42434727,55.46887361],[8.42954981,55.47166616],[8.4363548,55.46631477],[8.42886164,55.46481957],[8.42524551,55.46800818],[8.43541797,55.45817831],[8.4378297,55.46264794],[8.44159794,55.46069728],[8.44252355,55.46455555],[8.44639553,55.46332354],[8.44290333,55.46060411],[8.45080264,55.46202184],[8.44975958,55.45774311],[8.43841792,55.45719162],[8.47105149,55.44974167],[8.47934116,55.45372481],[8.48265353,55.45038146],[8.47589338,55.44865589],[8.48143789,55.44726935],[8.49454444,55.45504449],[8.51963944,55.45139988],[8.54400995,55.45603733],[8.55617136,55.45292414],[8.56432174,55.44650625],[8.58826662,55.44042127],[8.60256285,55.43232555],[8.62144291,55.42765293],[8.62354689,55.41668624],[8.63107722,55.40704828],[8.62895841,55.40565032],[8.63149123,55.40607249],[8.63460014,55.40133574],[8.63223948,55.39910098],[8.63614629,55.39175294],[8.6404604,55.39051738],[8.63924792,55.38544495],[8.6465337,55.37726918],[8.65131683,55.36135229],[8.65556924,55.35781184],[8.65688404,55.34884648],[8.65972993,55.34878524],[8.66169642,55.34364354],[8.67578469,55.34008824],[8.66389811,55.33965499],[8.66543955,55.3364595],[8.67667626,55.33267591],[8.6702519,55.33229041],[8.66990961,55.32537612],[8.66629432,55.3279619],[8.66367069,55.32594697],[8.6703148,55.32340362],[8.66082167,55.30849546],[8.64314998,55.3107494],[8.59712938,55.29437022],[8.58827497,55.29600393],[8.57942538,55.29343485],[8.56067017,55.29620044],[8.54805047,55.29367531],[8.53119833,55.28025683],[8.53108677,55.27437427],[8.53850218,55.26767488],[8.54687257,55.26513809],[8.56342423,55.2666288],[8.56977167,55.27023257],[8.58624023,55.28906888],[8.64348099,55.30967834],[8.65786617,55.30551958],[8.65423289,55.2946438],[8.65108586,55.2939113],[8.65421501,55.29284178],[8.6562616,55.28006651],[8.65958535,55.27715796],[8.65437508,55.27621515],[8.65182151,55.27987314],[8.64928515,55.27323739],[8.6434201,55.27034262],[8.65127869,55.26780293],[8.65333344,55.26411415],[8.66314736,55.2651602],[8.66049706,55.26337891],[8.66283102,55.26074042],[8.65437082,55.25961345],[8.65720726,55.25469967],[8.66519873,55.25395794],[8.65798393,55.24964905],[8.66151445,55.24537935],[8.65624342,55.24761555],[8.65872882,55.2392684],[8.68236739,55.24326561],[8.72323865,55.24471331],[8.79065644,55.23867735],[8.8086231,55.23060121],[8.85998063,55.2249503],[8.90604331,55.22774231],[8.93642354,55.2206878],[8.93281634,55.24418896],[8.9389171,55.27339356],[8.9077761,55.27906943],[8.91365584,55.29058049],[8.92691171,55.29633038],[8.92710126,55.29989029],[8.91977698,55.30654314],[8.9139905,55.3068715],[8.9081932,55.30986338],[8.90840326,55.31264236],[8.89913253,55.31490599],[8.8996672,55.31738008],[8.88468474,55.32055957],[8.88643199,55.32305975],[8.89197402,55.32241473],[8.89954176,55.34137459],[8.88666693,55.34505502],[8.87344062,55.36627375],[8.89774513,55.36493683],[8.91074884,55.38126815],[8.93261086,55.38109309],[8.93710819,55.39328317],[8.91242594,55.39282292],[8.90744452,55.39548472],[8.92360407,55.40113072],[8.92023372,55.40865734],[8.91045139,55.41071991],[8.90288039,55.40714973],[8.87598236,55.40805393],[8.87843776,55.40954642],[8.87686369,55.4109806],[8.86686075,55.4088944],[8.86573162,55.43600908],[8.86844846,55.43656897],[8.8456268,55.43771424],[8.84649406,55.45021059],[8.83584885,55.45261565],[8.86187255,55.47132843],[8.86506741,55.48458297],[8.87061878,55.48506691],[8.86486674,55.4878735],[8.86962824,55.48835778],[8.87002914,55.49233617],[8.85796157,55.49903419],[8.85439789,55.50742236],[8.85945117,55.50765111],[8.85706759,55.5124707],[8.81380638,55.52092111],[8.81607439,55.52613299],[8.81154053,55.52708127],[8.80121868,55.53678403],[8.78864405,55.53954593],[8.75992308,55.55379151],[8.74412273,55.54809015],[8.74180519,55.54178132],[8.73519343,55.54037821],[8.73745363,55.53951901],[8.73230694,55.53744917],[8.73141461,55.53218395],[8.72550325,55.52767523],[8.69238977,55.54809918],[8.68054329,55.54923818],[8.67472169,55.54721016],[8.68354066,55.54288878],[8.66104469,55.54675904],[8.60143345,55.52856487],[8.59656062,55.53504173],[8.59748111,55.54505384],[8.57933099,55.55268859],[8.57262273,55.56031984],[8.55736844,55.56378863],[8.56741941,55.56645471],[8.56420186,55.5721839],[8.54629481,55.58406412],[8.52943255,55.58616863],[8.51547794,55.58720469],[8.48713495,55.58174186],[8.46856886,55.58441107],[8.4614845,55.58073619],[8.47068321,55.5763507],[8.4687197,55.57138596],[8.46145312,55.56659506],[8.44109961,55.56315721],[8.45476291,55.55188728],[8.45310484,55.54618166],[8.44129888,55.55307027],[8.42956267,55.54953836],[8.40315439,55.55707091],[8.41076384,55.57205131],[8.36202408,55.59093391],[8.36075403,55.59135636]]]]}},{"type":"Feature","properties":{"kode":"0563","navn":"Fanø"},"geometry":{"type":"MultiPolygon","coordinates":[[[[8.49388043,55.36185341],[8.48854914,55.36336325],[8.48860947,55.35999312],[8.49394653,55.36193986],[8.49388043,55.36185341]]],[[[8.53243052,55.35114735],[8.51723986,55.35407408],[8.51516082,55.34991468],[8.5137839,55.35407297],[8.49474791,55.35984656],[8.48169088,55.35163097],[8.48414847,55.35429018],[8.48211852,55.35377604],[8.47376815,55.34484761],[8.47967055,55.33926973],[8.49475421,55.34237012],[8.51989978,55.33896855],[8.5330606,55.34535442],[8.53491386,55.34861289],[8.53251335,55.35115827],[8.53243052,55.35114735]]],[[[8.44901067,55.39560091],[8.46623738,55.40591079],[8.46022116,55.42047164],[8.45331362,55.42737434],[8.45453766,55.43233267],[8.44076916,55.43780037],[8.42949119,55.43426815],[8.42146189,55.42496441],[8.41073663,55.42934241],[8.40509697,55.43666922],[8.4058986,55.44226803],[8.40972307,55.44337698],[8.40684877,55.44273191],[8.40653012,55.44643787],[8.40997486,55.46561465],[8.39155211,55.46893948],[8.39086439,55.47269181],[8.38546899,55.47414491],[8.3575832,55.46440624],[8.34983698,55.45842069],[8.35373916,55.4659766],[8.36139188,55.47120883],[8.3586544,55.47146275],[8.3298119,55.45726313],[8.3280448,55.44855385],[8.33170369,55.44321249],[8.3570393,55.42933657],[8.37488254,55.41553131],[8.39462473,55.39351722],[8.42233609,55.35506722],[8.45071043,55.34132508],[8.47733897,55.34020897],[8.47170046,55.34297373],[8.48428186,55.35687818],[8.47286227,55.35601821],[8.46715405,55.37739167],[8.44910749,55.38944406],[8.44901593,55.39556328],[8.44901067,55.39560091]]],[[[8.4822368,55.36012184],[8.47822069,55.35901242],[8.48379616,55.35734232],[8.48678025,55.36079923],[8.48382794,55.36325229],[8.48226965,55.35999824],[8.4822368,55.36012184]]]]}},{"type":"Feature","properties":{"kode":"0573","navn":"Varde"},"geometry":{"type":"MultiPolygon","coordinates":[[[[8.56855086,55.84736717],[8.56659507,55.84988929],[8.53234874,55.84117021],[8.54340905,55.83144726],[8.54641,55.82235957],[8.53329046,55.81782134],[8.53714687,55.81315132],[8.53251417,55.81525533],[8.51275594,55.81026637],[8.50857258,55.79843722],[8.51074827,55.79802179],[8.51307111,55.78638408],[8.50448501,55.78229926],[8.50488944,55.77965289],[8.49984717,55.77997339],[8.49997828,55.77710524],[8.46220722,55.78084801],[8.46888911,55.77310683],[8.44937939,55.77639484],[8.44317516,55.78017312],[8.44068245,55.78805748],[8.41454637,55.7951166],[8.41462117,55.79737149],[8.42397638,55.79905505],[8.37423206,55.80340139],[8.37331559,55.8077977],[8.35081284,55.82229452],[8.32758983,55.80407246],[8.32773652,55.80035526],[8.30369455,55.79742861],[8.29274099,55.79780648],[8.28410317,55.80146356],[8.27925112,55.79723387],[8.27109876,55.79717297],[8.26354116,55.80341204],[8.24265532,55.81240891],[8.2257937,55.81283965],[8.22358162,55.81743546],[8.22909033,55.82526315],[8.20409917,55.832444],[8.18039366,55.83070322],[8.17968001,55.82467384],[8.19048728,55.81789495],[8.18166885,55.819035],[8.17114953,55.81548698],[8.17677356,55.77336662],[8.17348448,55.75130189],[8.16426069,55.71975457],[8.10345912,55.60423026],[8.07266395,55.56124148],[8.08362554,55.55457695],[8.17507813,55.53349553],[8.20920634,55.51939686],[8.29347052,55.47680543],[8.30669803,55.48034899],[8.30388433,55.48471754],[8.30630544,55.49575162],[8.29130396,55.5038431],[8.2851968,55.51075966],[8.27172523,55.51462009],[8.25935246,55.52137692],[8.26015388,55.52405489],[8.25479185,55.5244202],[8.25850905,55.5265468],[8.25296726,55.52757689],[8.26978899,55.5342345],[8.24811805,55.54044461],[8.23728628,55.55403821],[8.23768603,55.56992638],[8.24503511,55.5734333],[8.24788932,55.58072623],[8.27003285,55.5958104],[8.2898668,55.59486707],[8.30848093,55.58876185],[8.31505501,55.58363848],[8.31442745,55.57853005],[8.32800534,55.58134059],[8.33345321,55.59043391],[8.35106532,55.59236642],[8.35776026,55.59690029],[8.36205514,55.59451614],[8.36075403,55.59135636],[8.41076384,55.57205131],[8.40315439,55.55707091],[8.42956267,55.54953836],[8.44133066,55.5530643],[8.45308588,55.54616603],[8.45476291,55.55188728],[8.44109961,55.56315721],[8.46145312,55.56659506],[8.4687197,55.57138596],[8.47068321,55.5763507],[8.4614845,55.58073619],[8.46856886,55.58441107],[8.48713495,55.58174186],[8.51547794,55.58720469],[8.54618216,55.58410684],[8.56420186,55.5721839],[8.56741878,55.56678619],[8.55736844,55.56378863],[8.57262273,55.56031984],[8.57933099,55.55268859],[8.59748111,55.54505384],[8.59656062,55.53504173],[8.60143345,55.52856487],[8.66104469,55.54675904],[8.68354066,55.54288878],[8.67472169,55.54721016],[8.68054329,55.54923818],[8.69238977,55.54809918],[8.72550325,55.52767523],[8.73141461,55.53218395],[8.73230694,55.53744917],[8.73745363,55.53951901],[8.73519343,55.54037821],[8.74180519,55.54178132],[8.74421124,55.54815153],[8.76540164,55.55511942],[8.7692876,55.55989492],[8.76817464,55.56727199],[8.77475404,55.57964529],[8.81250149,55.58633775],[8.81067184,55.58807518],[8.8766688,55.59635998],[8.89245432,55.60654709],[8.90396481,55.6070672],[8.91448152,55.61784305],[8.90536643,55.6204444],[8.90104849,55.62778134],[8.88121018,55.6378416],[8.88769182,55.64485386],[8.89015897,55.65928063],[8.87918294,55.66470274],[8.87261178,55.67267786],[8.87089187,55.67036996],[8.86586,55.6721922],[8.84302012,55.66911672],[8.82123931,55.67829602],[8.81774425,55.68231815],[8.8163041,55.68046636],[8.81861694,55.67924921],[8.80108864,55.68108502],[8.79802534,55.68389848],[8.8029955,55.68831831],[8.80051344,55.6966728],[8.81130492,55.69752586],[8.80894853,55.69846694],[8.81716867,55.71382013],[8.83069577,55.72663549],[8.83743016,55.72671719],[8.83361452,55.73236872],[8.80010793,55.74420181],[8.77941994,55.76007145],[8.76918032,55.75689242],[8.7527281,55.75847212],[8.74738673,55.76954807],[8.74994973,55.77652438],[8.75744864,55.77977447],[8.7588802,55.80608106],[8.74457588,55.806393],[8.72860746,55.81381063],[8.72235975,55.81384575],[8.72223845,55.8213549],[8.70691218,55.82465844],[8.70937481,55.82949169],[8.70797239,55.83775901],[8.69230113,55.84016013],[8.67619028,55.84831789],[8.65727061,55.84430318],[8.62575912,55.84493883],[8.62611978,55.84247069],[8.60712932,55.84072374],[8.59293922,55.83492157],[8.58662923,55.84090017],[8.57976419,55.84130093],[8.56856503,55.8472983],[8.56855086,55.84736717]]],[[[8.30424374,55.49734041],[8.30419144,55.49735341],[8.30407863,55.4973773],[8.30397997,55.49736174],[8.30424374,55.49734041]]],[[[8.30484994,55.51642138],[8.30483204,55.51643072],[8.30478631,55.51644627],[8.30477748,55.51644443],[8.30484994,55.51642138]]],[[[8.30452781,55.51675392],[8.3045144,55.51676013],[8.30451093,55.51676829],[8.30451632,55.5167765],[8.30452781,55.51675392]]],[[[8.30472475,55.51905785],[8.30474345,55.51906614],[8.30475125,55.5190731],[8.30475328,55.51908326],[8.30472475,55.51905785]]],[[[8.31343683,55.51665887],[8.30828937,55.51972205],[8.3046711,55.51618089],[8.31253035,55.51008735],[8.32937807,55.50438503],[8.31343443,55.5166239],[8.31343683,55.51665887]]],[[[8.30677812,55.52016011],[8.30676429,55.52016281],[8.30674862,55.52016219],[8.30673204,55.52015958],[8.30677812,55.52016011]]],[[[8.30735794,55.52018019],[8.30734945,55.52018553],[8.30734053,55.520188],[8.30732328,55.52018763],[8.30735794,55.52018019]]],[[[8.30766627,55.52019191],[8.30767285,55.52019572],[8.30766894,55.52020199],[8.30765389,55.52020199],[8.30766627,55.52019191]]],[[[8.30984877,55.52019542],[8.30983925,55.52019635],[8.30982592,55.52019816],[8.30981079,55.52020284],[8.30984877,55.52019542]]],[[[8.30781057,55.52020899],[8.30779165,55.52021328],[8.30778601,55.52021891],[8.30777087,55.52022422],[8.30781057,55.52020899]]],[[[8.27242608,55.53341334],[8.2724116,55.5334164],[8.27239255,55.53342707],[8.27238912,55.53343271],[8.27242608,55.53341334]]],[[[8.24237873,55.54631471],[8.24237046,55.54631618],[8.24236172,55.54631748],[8.24235383,55.54631563],[8.24237873,55.54631471]]],[[[8.23827959,55.56960047],[8.23828905,55.56961158],[8.2383031,55.56963134],[8.23831996,55.56965293],[8.23827959,55.56960047]]],[[[8.24161543,55.57181568],[8.2416056,55.57183179],[8.24157658,55.57185641],[8.24154785,55.57187394],[8.24161543,55.57181568]]],[[[8.25711363,55.58542653],[8.25712224,55.58543287],[8.25712211,55.5854397],[8.25711644,55.58545413],[8.25711363,55.58542653]]],[[[8.18459361,55.82244988],[8.18472254,55.82246691],[8.18476124,55.82248613],[8.18477094,55.8225109],[8.18459361,55.82244988]]],[[[8.1831024,55.82329236],[8.18314127,55.82330322],[8.18316614,55.8233351],[8.18318301,55.82336055],[8.1831024,55.82329236]]],[[[8.1795258,55.82443973],[8.1794983,55.82446453],[8.17945485,55.82457961],[8.17936471,55.82475971],[8.1795258,55.82443973]]]]}},{"type":"Feature","properties":{"kode":"0575","navn":"Vejen"},"geometry":{"type":"MultiPolygon","coordinates":[[[[8.91341767,55.62788037],[8.90285328,55.62540396],[8.90536643,55.6204444],[8.91448152,55.61784305],[8.90396481,55.6070672],[8.89245432,55.60654709],[8.8766688,55.59635998],[8.81067184,55.58807518],[8.81250149,55.58633775],[8.77473316,55.57963528],[8.76817464,55.56727199],[8.76927994,55.55987631],[8.76220832,55.55338946],[8.78864405,55.53954593],[8.80121868,55.53678403],[8.81154053,55.52708127],[8.81607439,55.52613299],[8.81380638,55.52092111],[8.85706759,55.5124707],[8.85945117,55.50765111],[8.85439789,55.50742236],[8.85796157,55.49903419],[8.87002914,55.49233617],[8.86962824,55.48835778],[8.86486674,55.4878735],[8.87061878,55.48506691],[8.86506741,55.48458297],[8.86187255,55.47132843],[8.83584885,55.45261565],[8.84649406,55.45021059],[8.8456268,55.43771424],[8.86844846,55.43656897],[8.86573162,55.43600908],[8.86686075,55.4088944],[8.87686369,55.4109806],[8.87843776,55.40954642],[8.87598236,55.40805393],[8.90288039,55.40714973],[8.91045139,55.41071991],[8.92023372,55.40865734],[8.92360407,55.40113072],[8.90744452,55.39548472],[8.91242594,55.39282292],[8.93710819,55.39328317],[8.93261086,55.38109309],[8.91074884,55.38126815],[8.89774513,55.36493683],[8.87344062,55.36627375],[8.88666693,55.34505502],[8.89954176,55.34137459],[8.89198387,55.32313901],[8.90679249,55.3230928],[8.91277825,55.31916883],[8.92622109,55.31773095],[8.92556679,55.31498121],[8.93172675,55.3161696],[8.93978881,55.3125862],[8.95010676,55.31919687],[8.95520429,55.31867254],[8.96695968,55.32372782],[8.96992897,55.32604454],[8.96830798,55.33256046],[8.97147047,55.33511701],[8.97877008,55.33437455],[8.97546048,55.33808539],[8.98337897,55.33786962],[9.02454595,55.3319205],[9.02672307,55.3299356],[9.02454619,55.32720469],[9.02957872,55.32273469],[9.03434471,55.32657897],[9.04230133,55.32747902],[9.0446168,55.32226627],[9.04171691,55.3204417],[9.04396882,55.31831664],[9.06420658,55.31520034],[9.06378518,55.31123065],[9.06852229,55.31082596],[9.07615095,55.31924857],[9.09611675,55.32903142],[9.0921609,55.33449818],[9.10956717,55.3355305],[9.11663323,55.32284066],[9.11548644,55.29676977],[9.1281115,55.2969369],[9.14075717,55.29061554],[9.17708715,55.2897846],[9.19878207,55.29743946],[9.18740803,55.30316229],[9.17959957,55.30068193],[9.18410251,55.30632032],[9.18282871,55.30891999],[9.18799939,55.31286327],[9.18631263,55.32197637],[9.19347152,55.32688946],[9.19244951,55.33513936],[9.19758433,55.34183288],[9.21023788,55.33880058],[9.20966802,55.33490364],[9.21511262,55.33395928],[9.22629598,55.35134817],[9.23341753,55.35076965],[9.23412436,55.355875],[9.24059673,55.36106106],[9.23553569,55.36814741],[9.24161771,55.37085773],[9.23838726,55.37480366],[9.24841741,55.37723972],[9.25323476,55.38176089],[9.27118691,55.37887629],[9.27393315,55.38214894],[9.28019561,55.378916],[9.2873922,55.37997105],[9.28431477,55.38980018],[9.22957648,55.40040474],[9.23093954,55.40444608],[9.22406589,55.41021699],[9.22611797,55.41814276],[9.21573122,55.42403932],[9.21764998,55.43022104],[9.22369996,55.43515447],[9.2171968,55.43742315],[9.22411148,55.44686706],[9.21516452,55.45080694],[9.2204621,55.45907898],[9.24153935,55.454962],[9.24784439,55.46150928],[9.25254141,55.46074685],[9.26129512,55.46465768],[9.25872086,55.47158407],[9.2660785,55.47113591],[9.26249845,55.4737584],[9.26243891,55.47994054],[9.26987268,55.48939284],[9.28265065,55.49044536],[9.28717551,55.48732451],[9.30305928,55.49708643],[9.29301127,55.50334886],[9.29173704,55.50898639],[9.28401205,55.51417923],[9.28298497,55.51976937],[9.2758937,55.52510318],[9.27004789,55.52474069],[9.26915878,55.52717552],[9.27432651,55.52873044],[9.27370616,55.53071685],[9.26206101,55.53504016],[9.26681109,55.55012985],[9.27929676,55.55102719],[9.27903514,55.55522273],[9.27515652,55.55807959],[9.277221,55.56715806],[9.27273901,55.57084916],[9.27760931,55.58527459],[9.26739798,55.58894067],[9.23496696,55.59223391],[9.22000946,55.60342999],[9.22239855,55.60647151],[9.22087242,55.61343042],[9.22487144,55.61521559],[9.2247983,55.61855484],[9.21955884,55.61561735],[9.21106976,55.61884781],[9.19897854,55.61491043],[9.18502037,55.61843456],[9.18336989,55.61408373],[9.17118912,55.61244602],[9.15377782,55.61461914],[9.1320318,55.60760153],[9.1234524,55.60746508],[9.12643444,55.60570681],[9.12425124,55.59926075],[9.1113847,55.60048688],[9.08235642,55.59350962],[9.06922349,55.60119004],[9.03536002,55.60512109],[8.9947186,55.60511026],[8.99318621,55.61828942],[8.97722278,55.62335792],[8.91451625,55.62785984],[8.91341767,55.62788037]]]]}},{"type":"Feature","properties":{"kode":"0580","navn":"Aabenraa"},"geometry":{"type":"MultiPolygon","coordinates":[[[[9.31912222,55.1668803],[9.29501683,55.16679004],[9.29631584,55.15277592],[9.29346474,55.14269244],[9.28401441,55.13395844],[9.27219811,55.13098929],[9.26401168,55.13741944],[9.24948327,55.13938406],[9.24490761,55.13100126],[9.24875901,55.12430121],[9.24720764,55.12196165],[9.20808009,55.10513794],[9.19687828,55.09315725],[9.16858359,55.09386261],[9.16121475,55.09034843],[9.1486952,55.09906578],[9.14173391,55.09642825],[9.13887603,55.09120646],[9.11241819,55.08324017],[9.13527148,55.07981301],[9.13376907,55.07419903],[9.14118458,55.05730848],[9.13159228,55.05683118],[9.11260336,55.05033539],[9.11588106,55.04435629],[9.08756409,55.03290778],[9.09249072,55.02428907],[9.07133041,55.01807556],[9.0697118,55.01290365],[9.07623673,54.99860873],[9.09383711,54.98131569],[9.07343354,54.97864501],[9.0629974,54.97036966],[9.04155537,54.9675645],[9.02489541,54.96168443],[9.02760281,54.94422202],[9.00715606,54.93870767],[9.00495256,54.92861835],[9.00898322,54.92883271],[9.01526764,54.91549355],[9.03537679,54.91255894],[9.0408415,54.90930876],[9.03078631,54.905726],[9.03230344,54.88674515],[9.0243961,54.88429806],[9.02902702,54.87833928],[9.04769826,54.87203953],[9.0636579,54.87116276],[9.09082127,54.87021474],[9.11045136,54.87402049],[9.13724387,54.87366157],[9.19479511,54.85918785],[9.20545408,54.8589511],[9.24027332,54.84997954],[9.24489447,54.84385712],[9.23527486,54.83519033],[9.23583189,54.83126035],[9.25007872,54.80963739],[9.27047948,54.81213725],[9.28421595,54.80965294],[9.28637364,54.80429967],[9.29492927,54.80169073],[9.29202469,54.8061648],[9.29345507,54.80893394],[9.32946139,54.80560937],[9.34371438,54.80023845],[9.34558791,54.80215513],[9.34205047,54.80361894],[9.34322331,54.8071255],[9.34644775,54.80668784],[9.35658307,54.81532937],[9.36343935,54.81530445],[9.37416264,54.821207],[9.37475303,54.83331508],[9.37889414,54.83305897],[9.38285621,54.83914187],[9.403655,54.83885245],[9.4083,54.84261746],[9.41808171,54.838043],[9.41616877,54.83474415],[9.41801428,54.83216518],[9.43021433,54.83191047],[9.44755571,54.83820745],[9.46232464,54.83920806],[9.47093065,54.84531546],[9.48787861,54.84860726],[9.48421247,54.84943056],[9.49138975,54.85748082],[9.50030749,54.86010808],[9.50733344,54.8700065],[9.52102017,54.87313203],[9.52395769,54.88041123],[9.51580798,54.88252608],[9.5143118,54.88874754],[9.50971898,54.89221123],[9.53461334,54.89311759],[9.53374849,54.89851863],[9.52145425,54.89991013],[9.51993709,54.90171343],[9.52296626,54.9029308],[9.51724753,54.90512529],[9.50264132,54.90361248],[9.46831065,54.90849368],[9.47161096,54.92534967],[9.46246948,54.93350331],[9.48161889,54.93854558],[9.48155921,54.94168897],[9.48480702,54.94088048],[9.49510755,54.94885818],[9.49336794,54.95586914],[9.48597463,54.96183177],[9.49851443,54.9627442],[9.50387167,54.95917196],[9.51005218,54.96275261],[9.51772777,54.96225979],[9.5263393,54.95399936],[9.52611425,54.95069703],[9.53250353,54.95025799],[9.53283089,54.94510713],[9.53921905,54.94654477],[9.54081428,54.9433796],[9.54871271,54.94453099],[9.55078786,54.9421388],[9.56771025,54.95265308],[9.5745231,54.95184697],[9.58311569,54.95578796],[9.59591714,54.97226572],[9.60935237,54.97728873],[9.61607374,54.98828991],[9.62863824,54.99996979],[9.63168198,55.00617851],[9.62875358,55.01286271],[9.61754764,55.01940157],[9.60657578,55.03547699],[9.58097047,55.04431343],[9.57405875,55.042784],[9.57571985,55.0372773],[9.57243055,55.03408013],[9.520876,55.02533225],[9.5063958,55.01667043],[9.49553485,55.01484145],[9.48051754,55.01783828],[9.45368418,55.01631507],[9.4409664,55.02545057],[9.43439265,55.02453557],[9.43595626,55.02166689],[9.42588079,55.02426487],[9.42168234,55.03236434],[9.42519568,55.03311848],[9.42585925,55.03711927],[9.42243338,55.03521071],[9.42249239,55.03815725],[9.42543153,55.03855896],[9.42210667,55.0394521],[9.42823381,55.03753798],[9.42689972,55.04098294],[9.42318285,55.04037694],[9.4276168,55.04150272],[9.42309189,55.04182847],[9.4276133,55.04258416],[9.42650151,55.04682094],[9.42993701,55.04197865],[9.44187467,55.04062694],[9.46034003,55.04395072],[9.46585108,55.04828504],[9.49513363,55.04772563],[9.50304082,55.04488369],[9.50158314,55.04677462],[9.5169494,55.05322715],[9.55052828,55.07521659],[9.55100539,55.08944087],[9.53916614,55.09186051],[9.52493144,55.10656144],[9.5067268,55.11093436],[9.49716366,55.11884672],[9.49110226,55.11936177],[9.48212386,55.11473784],[9.47796211,55.11848348],[9.46634537,55.11381946],[9.45705777,55.11408713],[9.46424844,55.12211207],[9.46317619,55.12015929],[9.46567377,55.11929265],[9.46261756,55.11660848],[9.46848127,55.11647455],[9.46941684,55.12258841],[9.46539355,55.12174448],[9.46369567,55.12411202],[9.47435561,55.1313972],[9.47130967,55.13690289],[9.45384382,55.14643572],[9.43850647,55.14591861],[9.43157841,55.15068181],[9.41696836,55.14767382],[9.40961682,55.15390116],[9.3978705,55.15379124],[9.39165881,55.14892498],[9.37065524,55.15228232],[9.36364429,55.14975161],[9.35551332,55.15652175],[9.33874162,55.15718146],[9.32992417,55.16237444],[9.32291394,55.16235681],[9.31930117,55.16676122],[9.31912222,55.1668803]]],[[[9.50325639,54.85904481],[9.50119193,54.85625389],[9.50481607,54.8567353],[9.50322086,54.85904406],[9.50325639,54.85904481]]],[[[9.50802606,54.85912372],[9.5060253,54.85895926],[9.50782655,54.85652388],[9.51333703,54.85670696],[9.50809684,54.85911533],[9.50802606,54.85912372]]],[[[9.46017573,55.1154557],[9.46021344,55.11546238],[9.46026251,55.11547586],[9.46033752,55.11550918],[9.46017573,55.1154557]]],[[[9.55618345,55.13037476],[9.54972716,55.13062323],[9.54460208,55.1235674],[9.54588996,55.11973793],[9.55216711,55.11837068],[9.55279988,55.1111467],[9.57100469,55.11281133],[9.57238191,55.1203228],[9.56267132,55.12886429],[9.55626805,55.13036835],[9.55618345,55.13037476]]]]}},{"type":"Feature","properties":{"kode":"0607","navn":"Fredericia"},"geometry":{"type":"MultiPolygon","coordinates":[[[[9.80755753,55.62809022],[9.76838213,55.62268312],[9.74337568,55.62787857],[9.73660099,55.61776687],[9.66972383,55.60172635],[9.66162511,55.61066655],[9.66195808,55.61727726],[9.66459545,55.61945911],[9.6269166,55.62121962],[9.61784253,55.61590829],[9.62163666,55.60725566],[9.59893922,55.60630514],[9.58993929,55.60274369],[9.58580529,55.6006117],[9.58165044,55.5918794],[9.5715768,55.59058691],[9.5674685,55.58452365],[9.56003745,55.58186094],[9.55772552,55.57691441],[9.56223001,55.57387446],[9.55990314,55.57143119],[9.57469458,55.56572401],[9.58147604,55.55166859],[9.59861608,55.54368738],[9.58618825,55.53840514],[9.57775923,55.54180091],[9.56915985,55.53651016],[9.57677141,55.5327239],[9.57510565,55.52649352],[9.57712862,55.52523219],[9.60531232,55.5197835],[9.60502244,55.51365965],[9.61197402,55.51234769],[9.60829783,55.51037617],[9.62656284,55.51367995],[9.64036797,55.50906378],[9.67377004,55.52767227],[9.72389067,55.51810943],[9.74082595,55.51871583],[9.74230051,55.52407707],[9.72993492,55.54284427],[9.73016687,55.55366619],[9.72720841,55.55266325],[9.72784711,55.5543976],[9.73355957,55.55347124],[9.73656941,55.5562425],[9.73350578,55.55761333],[9.73550272,55.55894592],[9.74755285,55.55803877],[9.74505573,55.55950681],[9.75474159,55.56012688],[9.7528377,55.55885577],[9.7567692,55.56154233],[9.76199343,55.56106938],[9.75567174,55.55914124],[9.76786842,55.55594788],[9.77002199,55.56906822],[9.7898862,55.58241822],[9.79355655,55.59373854],[9.8474952,55.61647331],[9.85975594,55.62499106],[9.80766765,55.62806191],[9.80755753,55.62809022]]],[[[9.59357119,55.51341985],[9.59347331,55.51343992],[9.59343612,55.51346202],[9.59339964,55.51360606],[9.59357119,55.51341985]]],[[[9.58001944,55.52105937],[9.58001006,55.52111108],[9.58000264,55.52119873],[9.57999521,55.52134002],[9.58001944,55.52105937]]]]}},{"type":"Feature","properties":{"kode":"0615","navn":"Horsens"},"geometry":{"type":"MultiPolygon","coordinates":[[[[9.63117638,56.06685512],[9.60634939,56.07007105],[9.58052459,56.06263402],[9.58312835,56.05358353],[9.57971166,56.05163271],[9.58251029,56.04782757],[9.58917071,56.04840101],[9.60846641,56.03422471],[9.60370399,56.03174369],[9.60193294,56.02508865],[9.6051502,56.02075889],[9.6042107,56.00999835],[9.59201588,56.01080334],[9.58231235,56.0024153],[9.56808234,56.0099977],[9.5379718,56.01388577],[9.54273884,56.00907871],[9.53969289,56.00272687],[9.52592615,56.00807837],[9.51237392,56.00591664],[9.50310958,56.00817499],[9.49811236,56.00030306],[9.48980813,55.99526254],[9.47878035,55.99815034],[9.46234114,55.99398209],[9.50332028,55.97156375],[9.50503642,55.96059075],[9.50984436,55.95582833],[9.51020805,55.94575474],[9.51771775,55.94380114],[9.51195367,55.94280702],[9.51336865,55.93354479],[9.5249693,55.92924394],[9.52365106,55.92490683],[9.53469821,55.91945648],[9.56654739,55.91461664],[9.57863341,55.91798519],[9.59404854,55.90977522],[9.60849599,55.90946469],[9.61796203,55.91078539],[9.61741761,55.91640104],[9.63318894,55.92487594],[9.6358352,55.91993758],[9.64120448,55.91751849],[9.64024232,55.91570838],[9.66188729,55.91308286],[9.69470352,55.90363702],[9.6931811,55.89211786],[9.68927772,55.88622166],[9.69177499,55.86945893],[9.68836399,55.86513344],[9.7276085,55.8651434],[9.73438384,55.85336254],[9.74531138,55.84924298],[9.74258084,55.84693558],[9.74704487,55.84155754],[9.74449168,55.83760279],[9.75313844,55.83049154],[9.77331717,55.8255628],[9.78247204,55.82013013],[9.78974597,55.81140561],[9.7968864,55.8117754],[9.81392572,55.80401837],[9.81699037,55.80233815],[9.81416809,55.7979879],[9.81959081,55.79808118],[9.83896408,55.80824748],[9.85098345,55.79899492],[9.883722,55.80215743],[9.8957376,55.80439275],[9.89528964,55.80640304],[9.94712846,55.80693039],[9.94457706,55.81144419],[9.94653048,55.82248037],[9.96041254,55.83124854],[9.894635,55.8440237],[9.89184161,55.84244661],[9.87834989,55.84736756],[9.85759705,55.84823045],[9.87805479,55.84733462],[9.87821223,55.85007409],[9.86135063,55.85477275],[9.88207375,55.85126258],[9.87763701,55.85462246],[9.85787415,55.85917101],[9.87478442,55.85673478],[9.87843512,55.8613074],[9.8974098,55.86636066],[9.91613555,55.85783836],[9.93389478,55.86154344],[9.96554203,55.85745914],[9.96800453,55.86306678],[9.96195062,55.8670343],[9.97024384,55.88001802],[9.99853574,55.88041037],[10.01660823,55.87537336],[10.03778574,55.87572285],[10.04756056,55.8788581],[10.03946825,55.88267686],[10.03038768,55.89270002],[10.02201498,55.89592584],[10.02834744,55.89857896],[10.02823144,55.90103175],[10.01887295,55.90389643],[10.01605246,55.91023266],[10.01916098,55.92083172],[10.02788333,55.93151724],[10.02708588,55.94337524],[10.03452182,55.94675271],[10.03211392,55.95082655],[10.03559672,55.95657191],[10.0301875,55.95935864],[10.03129669,55.96293424],[10.02590795,55.96493518],[10.02636064,55.9675542],[10.01428773,55.9733859],[10.01544246,55.9777491],[10.01273154,55.98191237],[9.99944137,55.98449228],[9.99595852,55.98113591],[9.99162987,55.98192863],[9.9845583,55.98368859],[9.9785378,55.99000801],[9.96793574,55.99260465],[9.95389845,55.98058255],[9.95506724,55.9719056],[9.95287826,55.97012329],[9.93287981,55.96851943],[9.91493623,55.97098617],[9.90430009,55.96906361],[9.90216108,55.97107728],[9.89134227,55.96654863],[9.88099486,55.9677869],[9.87305717,55.95569306],[9.85721117,55.95499085],[9.85366999,55.95663342],[9.85391776,55.96060513],[9.83759205,55.9627837],[9.81992937,55.97319435],[9.80751764,55.97394155],[9.80882561,55.97916854],[9.7986117,55.98483153],[9.79702943,55.98887733],[9.79908044,55.99627503],[9.81067375,56.00202892],[9.81149331,56.00766035],[9.79944703,56.01324123],[9.79857538,56.01753841],[9.79264293,56.0188754],[9.77879444,56.01471548],[9.76519464,56.01701258],[9.74769171,56.01061516],[9.73592831,56.00963392],[9.70963802,56.01090978],[9.70636497,56.01780978],[9.71090763,56.02075023],[9.70577935,56.02309111],[9.70530674,56.02891952],[9.7075169,56.02917966],[9.70947298,56.0370015],[9.70094536,56.04136176],[9.70268758,56.04418747],[9.69931925,56.04737368],[9.70405686,56.04765089],[9.70438022,56.05241916],[9.70889742,56.05564789],[9.6533726,56.06323357],[9.65019282,56.06153772],[9.63438112,56.0660853],[9.63117638,56.06685512]]],[[[10.22087296,55.7728587],[10.23424145,55.77617628],[10.21230406,55.7710462],[10.22080217,55.77284331],[10.22087296,55.7728587]]],[[[10.30083179,55.77885115],[10.30076114,55.77887463],[10.30069474,55.77890598],[10.30059235,55.7789386],[10.30083179,55.77885115]]],[[[10.3239127,55.7800011],[10.31189121,55.79417744],[10.30439312,55.78242485],[10.3034891,55.77758058],[10.30567585,55.7798607],[10.30563554,55.77625203],[10.29724656,55.77030972],[10.29960798,55.76495573],[10.30464171,55.76743065],[10.30049558,55.76399722],[10.3022619,55.76304639],[10.27402316,55.75910936],[10.27247163,55.76284443],[10.26837689,55.75974728],[10.2501752,55.76194847],[10.23505301,55.75568864],[10.23464775,55.75302439],[10.24723706,55.74694244],[10.28039705,55.74832078],[10.31239072,55.74188341],[10.32196578,55.74633146],[10.32789749,55.76314428],[10.32826455,55.76981524],[10.32404868,55.77979825],[10.3239127,55.7800011]]],[[[10.35199946,55.8286312],[10.35186884,55.82862571],[10.35175699,55.82862748],[10.35166457,55.82862805],[10.35199946,55.8286312]]],[[[10.34748782,55.84043866],[10.34614204,55.83453236],[10.34991413,55.82951649],[10.34672677,55.83461555],[10.34756258,55.84033764],[10.34748782,55.84043866]]],[[[9.98740938,55.86107534],[9.98332873,55.86160078],[9.99097144,55.86048034],[9.98796118,55.86100999],[9.98740938,55.86107534]]],[[[9.99287578,55.86091266],[9.99270175,55.86097409],[9.99256056,55.86103876],[9.99237002,55.86115414],[9.99287578,55.86091266]]],[[[9.99303325,55.8642483],[9.99354504,55.86426034],[9.99379575,55.86427908],[9.99379895,55.86427932],[9.99303325,55.8642483]]],[[[10.01479114,55.87064483],[10.01655086,55.87151342],[9.997385,55.87061745],[9.99294127,55.86543425],[10.00772664,55.86510157],[10.01453786,55.8705417],[10.01479114,55.87064483]]],[[[10.02190711,55.87234454],[10.02197681,55.87244874],[10.02204617,55.87256408],[10.02207617,55.87261118],[10.02190711,55.87234454]]],[[[9.69046811,56.0583513],[9.6899807,56.05843975],[9.68934836,56.05837913],[9.68911382,56.05830254],[9.69046811,56.0583513]]]]}},{"type":"Feature","properties":{"kode":"0621","navn":"Kolding"},"geometry":{"type":"MultiPolygon","coordinates":[[[[9.49622938,55.62829649],[9.49370006,55.62977817],[9.49363887,55.62364673],[9.49815126,55.6157365],[9.49106179,55.60479039],[9.47783572,55.59460789],[9.47041339,55.59310534],[9.46593317,55.58613205],[9.45913346,55.58590224],[9.45245179,55.57610782],[9.41545124,55.57097974],[9.40894002,55.57714],[9.39278205,55.58231402],[9.38255761,55.58229701],[9.37666526,55.5775517],[9.36474913,55.57528687],[9.35433385,55.56702646],[9.3476394,55.56837163],[9.34570071,55.57227994],[9.3383455,55.57551075],[9.33088933,55.57534869],[9.32068728,55.5837654],[9.31060696,55.58353598],[9.30282671,55.57951821],[9.27779696,55.58509113],[9.27263291,55.57316067],[9.277221,55.56715806],[9.27515652,55.55807959],[9.27903514,55.55522273],[9.27929676,55.55102719],[9.26681109,55.55012985],[9.26206101,55.53504016],[9.27370616,55.53071685],[9.27432651,55.52873044],[9.26915878,55.52717552],[9.27004789,55.52474069],[9.2758937,55.52510318],[9.28298497,55.51976937],[9.28401205,55.51417923],[9.29173704,55.50898639],[9.29301127,55.50334886],[9.30338098,55.49806041],[9.28717551,55.48732451],[9.28265065,55.49044536],[9.26976996,55.48932208],[9.26243891,55.47994054],[9.26249845,55.4737584],[9.2660785,55.47113591],[9.25872086,55.47158407],[9.26129512,55.46465768],[9.25254141,55.46074685],[9.24784439,55.46150928],[9.24153935,55.454962],[9.23414261,55.45814358],[9.21994458,55.45843599],[9.21516452,55.45080694],[9.22411148,55.44686706],[9.2171968,55.43742315],[9.22369996,55.43515447],[9.21764998,55.43022104],[9.21573122,55.42403932],[9.22611797,55.41814276],[9.22406589,55.41021699],[9.23093954,55.40444608],[9.22957648,55.40040474],[9.28431477,55.38980018],[9.28850747,55.38185007],[9.28091438,55.37890258],[9.27990237,55.37431005],[9.30618856,55.36570872],[9.30819322,55.36308123],[9.30161158,55.35927306],[9.30297922,55.35337014],[9.3400587,55.34044155],[9.34479551,55.33592837],[9.34359028,55.33159082],[9.35052456,55.33031758],[9.35307998,55.32242744],[9.35742749,55.3217749],[9.35496147,55.31868542],[9.35661339,55.31519287],[9.36552458,55.31153448],[9.3795669,55.31354218],[9.39955363,55.33790963],[9.41449506,55.34462003],[9.41546275,55.34933448],[9.43152763,55.34972479],[9.43851773,55.34406479],[9.44581926,55.34371084],[9.4445535,55.34104418],[9.45160395,55.33653736],[9.45431748,55.32871539],[9.44493667,55.31870505],[9.47754641,55.30852564],[9.49909324,55.31702561],[9.50711376,55.31389032],[9.50917693,55.31800276],[9.53037838,55.31711523],[9.53239325,55.31886486],[9.53055788,55.32051568],[9.5347052,55.32022919],[9.54037022,55.32977021],[9.5476317,55.33273259],[9.54895254,55.33619915],[9.56484982,55.33992026],[9.56618468,55.34482264],[9.57141437,55.34597754],[9.57311584,55.34926503],[9.5799201,55.34889956],[9.58622992,55.35346098],[9.59115901,55.35146354],[9.59784531,55.35463275],[9.6006884,55.35736999],[9.59797468,55.35800495],[9.59909371,55.3610373],[9.57566654,55.36207228],[9.57450477,55.36640219],[9.5650785,55.37281623],[9.57314207,55.37431414],[9.59159865,55.37075285],[9.59935811,55.36613271],[9.59870631,55.3614575],[9.60262111,55.35993355],[9.60165578,55.36280908],[9.61809915,55.37562941],[9.62191898,55.3912772],[9.61332872,55.39586203],[9.59415277,55.41447502],[9.59501133,55.4236945],[9.6086013,55.42947752],[9.6331138,55.43050757],[9.65676425,55.4377321],[9.68613599,55.45318527],[9.69342874,55.461714],[9.62583866,55.49857895],[9.6083034,55.49481003],[9.60419658,55.49588593],[9.6050696,55.4978515],[9.58636033,55.4856547],[9.57680175,55.48701994],[9.56999843,55.49274883],[9.52796596,55.48767084],[9.51422085,55.48350886],[9.49638914,55.48945657],[9.50378502,55.49059785],[9.50210466,55.49268461],[9.48232277,55.48947306],[9.49839763,55.49421979],[9.49900207,55.4980478],[9.51468367,55.50074433],[9.53900205,55.49654201],[9.5735845,55.49915508],[9.58392515,55.4970764],[9.58600527,55.49916583],[9.58068045,55.50974749],[9.55747204,55.51500104],[9.5596693,55.51699521],[9.5696941,55.51564552],[9.57738675,55.51113259],[9.58897599,55.51671018],[9.58913094,55.51882344],[9.58251078,55.51946443],[9.57135613,55.51743611],[9.56412508,55.52409019],[9.56883186,55.52751915],[9.57590591,55.52589526],[9.57703171,55.52788607],[9.57508299,55.53009864],[9.57677141,55.5327239],[9.56923197,55.53760861],[9.57791595,55.54183279],[9.58618825,55.53840514],[9.59861608,55.54368738],[9.58147604,55.55166859],[9.5747563,55.56567224],[9.55990314,55.57143119],[9.56218532,55.57416598],[9.55924093,55.57422581],[9.55829796,55.57853535],[9.54156605,55.57953467],[9.52515497,55.58693686],[9.52248582,55.59004464],[9.52191019,55.59755417],[9.52492645,55.59998423],[9.52295736,55.61089899],[9.51326409,55.61098576],[9.51654189,55.6138422],[9.51527064,55.61695001],[9.50503904,55.62113674],[9.49936325,55.62877295],[9.49638768,55.62825469],[9.49622938,55.62829649]]],[[[9.59337977,55.36064013],[9.59329917,55.36065139],[9.59328511,55.36065047],[9.59325048,55.36064489],[9.59337977,55.36064013]]],[[[9.60119629,55.40988624],[9.6008519,55.41023578],[9.60080581,55.41021669],[9.60114358,55.40985828],[9.60119629,55.40988624]]]]}},{"type":"Feature","properties":{"kode":"0630","navn":"Vejle"},"geometry":{"type":"MultiPolygon","coordinates":[[[[9.22994362,55.95601603],[9.21762307,55.95397202],[9.21488322,55.94329774],[9.20997785,55.94441136],[9.2046463,55.93559512],[9.19774823,55.93436402],[9.19517344,55.93074678],[9.19354899,55.92459907],[9.19590782,55.91686251],[9.17734672,55.90944334],[9.17923095,55.90656269],[9.16875609,55.8969919],[9.16043423,55.89569318],[9.14997574,55.88359388],[9.13830533,55.88371626],[9.1176412,55.86926907],[9.09737041,55.87720151],[9.09259005,55.873608],[9.07230659,55.85046532],[9.0699651,55.84560624],[9.07762329,55.84197397],[9.0776719,55.83944174],[9.07137843,55.83433621],[9.05807022,55.81396756],[9.06498016,55.811244],[9.05519441,55.7686496],[9.08544884,55.76688834],[9.09971248,55.77044062],[9.11207819,55.76819928],[9.1171482,55.76668745],[9.11429917,55.75297578],[9.13421193,55.74867863],[9.173849,55.74736049],[9.19924081,55.74018202],[9.1975888,55.73749492],[9.15369212,55.73383612],[9.1539882,55.72878993],[9.15640263,55.72793498],[9.15356139,55.72564299],[9.15768849,55.72306858],[9.15784668,55.71583192],[9.14903648,55.70212853],[9.16149425,55.69822516],[9.16309763,55.70119478],[9.16854584,55.70026642],[9.16774617,55.69544173],[9.15138945,55.690421],[9.15921045,55.68403955],[9.15374592,55.67181375],[9.15778982,55.6628521],[9.14987763,55.63900128],[9.15980383,55.63741342],[9.15896999,55.62917247],[9.18842486,55.62944832],[9.18502037,55.61843456],[9.1952149,55.61529872],[9.21167807,55.6188809],[9.21962632,55.6156183],[9.22579662,55.61834724],[9.22087242,55.61343042],[9.22239855,55.60647151],[9.22000946,55.60342999],[9.23496696,55.59223391],[9.26739798,55.58894067],[9.3026108,55.57953528],[9.31060696,55.58353598],[9.32068728,55.5837654],[9.33088933,55.57534869],[9.33831862,55.57552026],[9.34570071,55.57227994],[9.3476394,55.56837163],[9.35604857,55.56694817],[9.36474913,55.57528687],[9.37666526,55.5775517],[9.38255761,55.58229701],[9.39278205,55.58231402],[9.40894002,55.57714],[9.41697657,55.57084733],[9.45304815,55.5762306],[9.45913346,55.58590224],[9.46593317,55.58613205],[9.47041339,55.59310534],[9.47783572,55.59460789],[9.49714825,55.61207973],[9.49370006,55.62977817],[9.49936325,55.62877295],[9.50503904,55.62113674],[9.51527064,55.61695001],[9.51654189,55.6138422],[9.51326409,55.61098576],[9.52295736,55.61089899],[9.52492645,55.59998423],[9.52191019,55.59755417],[9.52248582,55.59004464],[9.52515497,55.58693686],[9.54156605,55.57953467],[9.55829796,55.57853535],[9.5715768,55.59058691],[9.58173213,55.59194173],[9.58652501,55.60126925],[9.59882945,55.60628887],[9.62163666,55.60725566],[9.61784253,55.61590829],[9.6269166,55.62121962],[9.66459545,55.61945911],[9.66195808,55.61727726],[9.66162511,55.61066655],[9.66972383,55.60172635],[9.73627616,55.61765847],[9.74010206,55.6213215],[9.74196675,55.6264226],[9.74018093,55.62794291],[9.74974835,55.62787646],[9.74179702,55.65268906],[9.737388,55.65860496],[9.71256871,55.66651736],[9.70458844,55.66507063],[9.69791267,55.66795992],[9.69232832,55.67526751],[9.6888859,55.67438328],[9.69067367,55.6756394],[9.68590567,55.6828303],[9.66752374,55.69482625],[9.65529609,55.68985046],[9.64036783,55.69423665],[9.58736414,55.69003856],[9.56675555,55.69452845],[9.55560346,55.70128649],[9.56135503,55.7007186],[9.56264635,55.70331778],[9.54285477,55.7065712],[9.55529916,55.70561306],[9.5582132,55.71057873],[9.56444606,55.70930188],[9.5659967,55.70461508],[9.56870786,55.70727027],[9.57922758,55.7040219],[9.59717705,55.70732771],[9.6031527,55.70482919],[9.67203255,55.7121746],[9.67683442,55.71833931],[9.6754798,55.72121146],[9.68226983,55.72625376],[9.6805101,55.7317537],[9.68628284,55.73347234],[9.67838342,55.74543501],[9.68196793,55.74686823],[9.68151515,55.74945211],[9.67055854,55.75529718],[9.65754899,55.75500733],[9.65195461,55.75961615],[9.6478173,55.75388892],[9.62458358,55.75830722],[9.60213035,55.75201262],[9.59322595,55.75222557],[9.59209246,55.76079383],[9.5848613,55.76410024],[9.59859173,55.77190074],[9.585712,55.78135176],[9.58169098,55.78018343],[9.58516284,55.77760421],[9.57950083,55.77472954],[9.57626452,55.77644767],[9.5643347,55.77291361],[9.56392447,55.77551426],[9.5557721,55.77814736],[9.53925482,55.77332979],[9.54049672,55.77542118],[9.53672076,55.77857875],[9.54138012,55.78104971],[9.54090331,55.78365677],[9.5317569,55.78641403],[9.52029706,55.78571907],[9.51938598,55.79586473],[9.51435014,55.79557069],[9.51489942,55.80020969],[9.50800937,55.80248217],[9.50669148,55.80869568],[9.51002196,55.81220589],[9.50400342,55.81957001],[9.50531301,55.82298769],[9.50245955,55.82806064],[9.48709198,55.8268219],[9.48296882,55.82741753],[9.48339005,55.83273096],[9.44419079,55.83634291],[9.44810915,55.83849281],[9.4456716,55.83972653],[9.44784356,55.84335068],[9.4553571,55.84511531],[9.45556285,55.84999436],[9.44018049,55.85378793],[9.44925496,55.85730926],[9.44919459,55.86046744],[9.45982572,55.86011586],[9.45903355,55.86523241],[9.44321678,55.87386723],[9.43044161,55.8867342],[9.4125232,55.89243608],[9.40809214,55.90014512],[9.39628635,55.90657383],[9.3940888,55.91426202],[9.38727856,55.91675723],[9.38835079,55.91982318],[9.3912952,55.91757477],[9.3857357,55.92651975],[9.3504208,55.93807768],[9.33547655,55.93138341],[9.31859815,55.93363244],[9.30868033,55.93796289],[9.29457023,55.93545078],[9.28074642,55.93829952],[9.27609705,55.94374258],[9.25749772,55.95346801],[9.24052642,55.95261512],[9.22996329,55.95595723],[9.22994362,55.95601603]]],[[[9.74181831,55.6269383],[9.74182028,55.62698384],[9.74184666,55.62703499],[9.74188844,55.62712846],[9.74181831,55.6269383]]]]}},{"type":"Feature","properties":{"kode":"0657","navn":"Herning"},"geometry":{"type":"MultiPolygon","coordinates":[[[[8.63556367,56.13024559],[8.64114933,56.12528722],[8.65352224,56.12879832],[8.65608602,56.13495657],[8.66052383,56.13605304],[8.66513141,56.14297259],[8.67438586,56.14553579],[8.73104228,56.14482436],[8.74242909,56.13445144],[8.76581544,56.13653599],[8.76708444,56.12781749],[8.75983592,56.11467557],[8.78089539,56.10101117],[8.78144901,56.09755452],[8.80966818,56.10189562],[8.83007072,56.0970079],[8.83351398,56.08407911],[8.82838738,56.07193186],[8.86366824,56.06816071],[8.86442018,56.05788932],[8.85665591,56.05215764],[8.8225582,56.05475129],[8.77740366,56.04937316],[8.78967439,56.03792249],[8.8029798,56.03075643],[8.79921276,56.0231359],[8.79559054,56.01944289],[8.78039217,56.01574121],[8.76320665,56.00495056],[8.74503046,56.00456248],[8.76313714,55.9938733],[8.75882536,55.98331037],[8.73835479,55.97165541],[8.73189954,55.95340174],[8.72819306,55.95048201],[8.75255631,55.90884041],[8.80999647,55.89131803],[8.8427266,55.88792567],[8.83956237,55.88179032],[8.85114366,55.87956837],[8.85554881,55.88024409],[8.86519743,55.89541014],[8.8757858,55.89293106],[8.88036414,55.89329499],[8.88119763,55.89577452],[8.93166802,55.89093441],[8.9432892,55.89217064],[8.96555134,55.88487129],[8.99498682,55.9084458],[8.99988416,55.91752783],[8.99799689,55.94707441],[9.01275778,55.96859511],[8.99232227,55.97437925],[8.98818811,55.97801757],[8.98245144,55.98319781],[8.98598568,55.9925729],[9.00475642,55.98922365],[9.00936978,55.9929047],[9.01653246,55.99223736],[9.04690087,55.98284808],[9.08597746,55.98696748],[9.08956942,55.9913202],[9.10628661,55.99095633],[9.11181141,55.99267665],[9.11485871,55.99775475],[9.13217776,56.000963],[9.12846606,56.0060666],[9.12508173,56.02507429],[9.16653225,56.02351287],[9.18221375,56.04833155],[9.18784721,56.05113052],[9.15270366,56.05503873],[9.15506968,56.05805416],[9.16662438,56.05808978],[9.17818235,56.06360023],[9.15575896,56.06803179],[9.14024974,56.06743232],[9.11987628,56.09613553],[9.10871361,56.09372912],[9.1098568,56.09573792],[9.10151137,56.10368745],[9.10821899,56.11376718],[9.11043146,56.12292593],[9.11780029,56.12602075],[9.10753495,56.13160471],[9.10936304,56.1361732],[9.1058983,56.13589266],[9.10593802,56.13910521],[9.10380139,56.13905689],[9.10436656,56.14215615],[9.10879003,56.14288729],[9.11331741,56.15973381],[9.07082506,56.17476201],[9.10668651,56.20882581],[9.14956169,56.20887726],[9.14287408,56.23207217],[9.15608023,56.23649812],[9.1093299,56.26723069],[9.11873847,56.27737682],[9.08783284,56.27647746],[9.08665473,56.28697267],[9.07539347,56.29168021],[9.06338375,56.28876202],[9.0657656,56.28942995],[9.0645175,56.29289647],[9.06106189,56.29344332],[9.05739543,56.30170803],[9.06310272,56.29929292],[9.06244399,56.30300385],[9.06718013,56.30472891],[9.06044029,56.30477174],[9.04249366,56.31456439],[9.04247118,56.32562339],[9.05367596,56.3359996],[9.05876107,56.32947754],[9.07981181,56.31906875],[9.0981623,56.33099154],[9.11215106,56.33511153],[9.10549355,56.34452752],[9.10743558,56.3497078],[9.10381964,56.35156923],[9.10616951,56.35216821],[9.08734053,56.36483585],[9.08793815,56.36680598],[9.07414755,56.3708507],[9.077318,56.3718622],[9.07508309,56.37996777],[9.07218371,56.37894293],[9.07396646,56.38007742],[9.06363301,56.38469223],[9.06248225,56.38720252],[9.06495121,56.38739864],[9.06063317,56.3886581],[9.06054147,56.39190653],[9.0366765,56.40136528],[9.03445671,56.39965628],[9.0342439,56.40173523],[9.02626709,56.4021253],[9.01949589,56.40721987],[9.01688395,56.40488396],[9.009123,56.40548358],[9.00096522,56.41000825],[9.00016159,56.41404007],[8.96210753,56.40332297],[8.95649784,56.38728897],[8.96094821,56.38352483],[8.95615889,56.37935636],[8.91363681,56.37930286],[8.89727954,56.35524478],[8.87575175,56.34045204],[8.80384071,56.34855992],[8.79119704,56.36145423],[8.77879964,56.36543674],[8.77968405,56.34783636],[8.77655955,56.33839148],[8.76999327,56.33448695],[8.78885425,56.32867859],[8.78793887,56.32586289],[8.79121603,56.32687796],[8.79575767,56.32338275],[8.81492582,56.32106391],[8.81592469,56.3170991],[8.80733184,56.31077289],[8.78552611,56.30387585],[8.776456,56.30682354],[8.78470435,56.30372708],[8.74291044,56.28838813],[8.73972139,56.27999456],[8.69796308,56.28506057],[8.68336576,56.27754561],[8.67785323,56.27818772],[8.67382994,56.28203373],[8.6637443,56.28471516],[8.65970393,56.29646629],[8.65307895,56.29872046],[8.62266428,56.28588735],[8.60425304,56.28258455],[8.60629773,56.28477028],[8.57198118,56.29071691],[8.54690559,56.30075751],[8.51693125,56.30168807],[8.50833521,56.29692501],[8.51029212,56.29585191],[8.49537108,56.28238431],[8.48168291,56.28704472],[8.46636361,56.28741847],[8.46126789,56.28422625],[8.46373558,56.27370035],[8.47319255,56.27167267],[8.48074367,56.26508043],[8.43375889,56.24550936],[8.45805585,56.23857347],[8.45928557,56.23117443],[8.47809425,56.22226882],[8.4697421,56.21406228],[8.4840539,56.20544018],[8.48222506,56.20201023],[8.48468854,56.19941745],[8.48109773,56.19581553],[8.49238231,56.1912616],[8.50985516,56.19162832],[8.51481271,56.19450701],[8.52800673,56.19332104],[8.5257237,56.18923726],[8.53847704,56.19102721],[8.56284317,56.18589604],[8.57487737,56.18103942],[8.57624818,56.1767352],[8.59736819,56.17435249],[8.58049677,56.17503369],[8.57500963,56.16545217],[8.58508987,56.16547087],[8.58573184,56.15741204],[8.59204529,56.15498091],[8.58275267,56.15614415],[8.57882047,56.15000838],[8.62453203,56.14503679],[8.63269316,56.13712126],[8.63555991,56.13025268],[8.63556367,56.13024559]]],[[[8.6355193,56.13024267],[8.63513486,56.13016715],[8.63454093,56.13007743],[8.63409144,56.13000925],[8.6355193,56.13024267]]]]}},{"type":"Feature","properties":{"kode":"0661","navn":"Holstebro"},"geometry":{"type":"MultiPolygon","coordinates":[[[[8.80837113,56.5659345],[8.76651508,56.5569999],[8.76692479,56.55211976],[8.76177687,56.55256334],[8.75742745,56.54714628],[8.74894133,56.54490234],[8.7349066,56.53113826],[8.74060625,56.52083102],[8.7409724,56.50356022],[8.74371582,56.50103343],[8.74004393,56.48534926],[8.73139092,56.47823318],[8.71235562,56.47605058],[8.70263234,56.46895119],[8.70543031,56.46818979],[8.70263159,56.4682789],[8.70446685,56.46741656],[8.70174377,56.46492391],[8.70216642,56.45589892],[8.70543082,56.45093119],[8.69329811,56.43627439],[8.69354964,56.42946056],[8.67951485,56.41531451],[8.68173656,56.41299938],[8.67390506,56.41049539],[8.67458609,56.4040904],[8.66994736,56.40392182],[8.67060369,56.40207313],[8.66373213,56.3989513],[8.65254333,56.40635166],[8.65181092,56.40196422],[8.64475304,56.40142751],[8.62566521,56.40578211],[8.62371638,56.41500644],[8.60344491,56.42076359],[8.59114889,56.42081758],[8.58499408,56.42386514],[8.58190634,56.42036334],[8.58219622,56.41462219],[8.57053065,56.41044988],[8.55247989,56.41444462],[8.5568836,56.42255936],[8.53460455,56.42399357],[8.52203577,56.42035255],[8.5090498,56.42082232],[8.51298185,56.41152407],[8.50747676,56.40109499],[8.49995742,56.40146561],[8.4919938,56.39738385],[8.46890756,56.40177932],[8.46126433,56.39847079],[8.45437496,56.39100185],[8.44001807,56.38733793],[8.42455976,56.3905159],[8.41630583,56.38784377],[8.39792181,56.38990598],[8.37824248,56.38375643],[8.37578133,56.38182414],[8.37717287,56.3767349],[8.36633919,56.37718342],[8.36476934,56.38056025],[8.34658083,56.3764055],[8.34524509,56.3713951],[8.3324044,56.36791157],[8.32360139,56.3575855],[8.31937987,56.35804325],[8.31732991,56.36188622],[8.29898274,56.37289786],[8.27805692,56.3508237],[8.2628601,56.34725753],[8.24300733,56.35005009],[8.25271437,56.34661339],[8.25840496,56.33519239],[8.27663165,56.32833911],[8.25815754,56.33463952],[8.2515915,56.33324325],[8.24958091,56.32931257],[8.25603912,56.3286728],[8.25802554,56.32568713],[8.26888896,56.32590103],[8.26072279,56.32541197],[8.28497024,56.32077286],[8.29169951,56.31700449],[8.29633343,56.31769128],[8.29644085,56.32324419],[8.3007114,56.32315605],[8.29678209,56.31918547],[8.30077646,56.32165777],[8.29891623,56.31881644],[8.30366571,56.31931977],[8.29112508,56.31331441],[8.28710297,56.30622365],[8.27616437,56.29797661],[8.27831006,56.29758526],[8.25148947,56.2879073],[8.24438055,56.28962012],[8.23405059,56.29762539],[8.24463687,56.30182126],[8.23578115,56.31420855],[8.2377555,56.32169857],[8.20818443,56.32001795],[8.19045716,56.3268314],[8.16904322,56.32308367],[8.16616569,56.32972893],[8.16755465,56.33518666],[8.17077248,56.33603682],[8.16624536,56.33688282],[8.15087375,56.33192825],[8.14778376,56.33471013],[8.14719223,56.3304538],[8.14580166,56.33464042],[8.1467,56.3311683],[8.13092211,56.32793632],[8.12891733,56.33837891],[8.13168185,56.33915546],[8.1289829,56.33989583],[8.13084806,56.34000453],[8.12805282,56.34853028],[8.13366678,56.35021657],[8.13253959,56.35710984],[8.13777669,56.36166071],[8.13502684,56.3619464],[8.13872097,56.3624078],[8.13648031,56.36608694],[8.13988146,56.36374812],[8.13485438,56.36771668],[8.1232047,56.36669368],[8.12569398,56.36938029],[8.13624189,56.36894892],[8.132006,56.37142672],[8.11902144,56.37173461],[8.12169159,56.36819296],[8.11990877,56.36576664],[8.11956255,56.3712211],[8.11379038,56.37144611],[8.11780018,56.37021486],[8.11998709,56.35892489],[8.12093204,56.31604804],[8.12933144,56.26281025],[8.15112527,56.25503115],[8.1597499,56.25737433],[8.19272671,56.2535539],[8.19889027,56.25502785],[8.20368342,56.25098071],[8.22274612,56.24710146],[8.22081369,56.24587572],[8.22417777,56.24298772],[8.24814474,56.23755657],[8.24969609,56.23169121],[8.27689752,56.22711193],[8.29307038,56.22768743],[8.29080675,56.23186323],[8.29449194,56.23428325],[8.33339709,56.23709404],[8.34231684,56.23407111],[8.34570016,56.23526579],[8.34589922,56.23933688],[8.35975116,56.24753014],[8.3865672,56.25388396],[8.43265966,56.24435284],[8.48074367,56.26508043],[8.47319255,56.27167267],[8.46373558,56.27370035],[8.46126789,56.28422625],[8.46527799,56.28726023],[8.48168291,56.28704472],[8.49537108,56.28238431],[8.51029212,56.29585191],[8.50833521,56.29692501],[8.51693125,56.30168807],[8.54690559,56.30075751],[8.57198118,56.29071691],[8.60629773,56.28477028],[8.60425304,56.28258455],[8.62266428,56.28588735],[8.65307895,56.29872046],[8.65970393,56.29646629],[8.6637443,56.28471519],[8.67382994,56.28203373],[8.67785323,56.27818772],[8.68336574,56.27754565],[8.69796308,56.28506057],[8.73972139,56.27999456],[8.74291044,56.28838813],[8.78470435,56.30372708],[8.776456,56.30682354],[8.78552611,56.30387585],[8.80733184,56.31077289],[8.81592469,56.3170991],[8.81492582,56.32106391],[8.79575767,56.32338275],[8.79121603,56.32687796],[8.78793887,56.32586289],[8.78885425,56.32867859],[8.76999327,56.33448695],[8.77655955,56.33839148],[8.77968411,56.34783634],[8.77879964,56.36543674],[8.79119704,56.36145423],[8.80384071,56.34855992],[8.87575175,56.34045204],[8.89727954,56.35524478],[8.91363681,56.37930286],[8.95615889,56.37935636],[8.96094821,56.38352483],[8.95649784,56.38728897],[8.96210753,56.40332297],[9.00016159,56.41404007],[8.99807073,56.41551654],[9.00112477,56.41807439],[8.9952647,56.42251221],[8.99466031,56.42743865],[8.99955555,56.43107336],[8.99720539,56.43295465],[9.00187866,56.43448389],[9.0017603,56.4418388],[8.99902403,56.44363459],[9.00093027,56.44516309],[8.98874685,56.44932985],[8.99088145,56.4505819],[8.98349161,56.45474248],[8.98540692,56.45697199],[8.98274392,56.45662278],[8.9865335,56.45876807],[8.98406854,56.45985568],[8.98266684,56.47197383],[8.98565402,56.47296041],[8.98356624,56.47654199],[8.98834033,56.48156006],[8.9873977,56.49168645],[8.96674039,56.4892126],[8.96121316,56.49293398],[8.96335572,56.4961172],[8.9245448,56.49622205],[8.90744464,56.49958218],[8.89222614,56.49685425],[8.86099871,56.49763001],[8.86886663,56.51033767],[8.86873837,56.51820473],[8.85370466,56.53007681],[8.85504679,56.54571326],[8.84164414,56.55403744],[8.84336221,56.5579178],[8.83917074,56.55981458],[8.82361367,56.56301987],[8.82358339,56.56589214],[8.80844161,56.56593227],[8.80837113,56.5659345]],[[8.98154546,56.47407886],[8.98147528,56.47419528],[8.98145562,56.4745728],[8.9829448,56.47473563],[8.98154546,56.47407886]]],[[[8.23959105,56.32297338],[8.23969009,56.32303445],[8.23976156,56.32309132],[8.23985092,56.32320004],[8.23959105,56.32297338]]],[[[8.24587147,56.32625392],[8.24565121,56.32630388],[8.24541047,56.3263344],[8.24522133,56.32634771],[8.24587147,56.32625392]]],[[[8.23899742,56.32703175],[8.23894805,56.32709075],[8.2389268,56.32712647],[8.23890071,56.32716179],[8.23899742,56.32703175]]],[[[8.24786625,56.32877405],[8.24492642,56.32686128],[8.25306886,56.32688997],[8.24759867,56.32867189],[8.24786625,56.32877405]]],[[[8.14507762,56.33268266],[8.14515719,56.33277665],[8.14521892,56.3328733],[8.14527081,56.3329831],[8.14507762,56.33268266]]],[[[8.25820932,56.33523884],[8.25823454,56.33526442],[8.25826735,56.33545752],[8.25824561,56.33549432],[8.25820932,56.33523884]]],[[[8.25561848,56.33754685],[8.25573111,56.33756945],[8.25584206,56.33766149],[8.25604192,56.33784014],[8.25561848,56.33754685]]],[[[8.19182792,56.34335719],[8.1771738,56.34166687],[8.17078033,56.33758405],[8.18784843,56.33826915],[8.19161887,56.34320587],[8.19182792,56.34335719]]],[[[8.17848397,56.34419831],[8.17845034,56.34421228],[8.17842368,56.34422576],[8.17839003,56.34423318],[8.17848397,56.34419831]]],[[[8.25417692,56.34102058],[8.25425622,56.34102699],[8.25431343,56.34104647],[8.25440417,56.34109724],[8.25417692,56.34102058]]],[[[8.25082274,56.34582515],[8.25088148,56.34584114],[8.25094643,56.34592015],[8.25099879,56.34597276],[8.25082274,56.34582515]]],[[[8.12927702,56.37961053],[8.11705697,56.37947515],[8.11354529,56.37237932],[8.12785911,56.3729546],[8.1323862,56.37813653],[8.1296346,56.3793824],[8.12927702,56.37961053]]],[[[8.71824251,56.48145213],[8.72072535,56.47736585],[8.72203728,56.47976463],[8.71835699,56.48145113],[8.71824251,56.48145213]]],[[[8.71994716,56.48224759],[8.71961216,56.4822737],[8.71933651,56.48226715],[8.71909831,56.48224622],[8.71994716,56.48224759]]]]}},{"type":"Feature","properties":{"kode":"0665","navn":"Lemvig"},"geometry":{"type":"MultiPolygon","coordinates":[[[[8.21218979,56.71056999],[8.19706674,56.69656367],[8.16671911,56.6568929],[8.12206006,56.55490028],[8.11516588,56.51780591],[8.12194153,56.48906393],[8.12210271,56.47632438],[8.1253233,56.47090645],[8.11705697,56.37947515],[8.12830391,56.38008716],[8.12166896,56.3800859],[8.13630459,56.38566618],[8.12453322,56.39027935],[8.13574069,56.38948249],[8.13154477,56.39929006],[8.12249931,56.39962128],[8.13099185,56.40399537],[8.12276919,56.40775996],[8.12867252,56.40841577],[8.1232469,56.41716292],[8.13171474,56.41975724],[8.12916216,56.42799551],[8.1344026,56.42851726],[8.12442471,56.43241814],[8.13049814,56.4337258],[8.1317304,56.43923451],[8.14647084,56.43160219],[8.16161809,56.43528917],[8.16627133,56.43339213],[8.16441519,56.42707069],[8.16951083,56.41679092],[8.16273155,56.41273944],[8.16786038,56.40016425],[8.18129733,56.38952789],[8.18724291,56.37879664],[8.20074503,56.37065169],[8.21863366,56.36621836],[8.23999683,56.35644667],[8.24353776,56.35039268],[8.26108609,56.3473944],[8.27805692,56.3508237],[8.29898274,56.37289786],[8.31732991,56.36188622],[8.31937987,56.35804325],[8.32360139,56.3575855],[8.3324044,56.36791157],[8.34524509,56.3713951],[8.34833588,56.37696523],[8.36476934,56.38056025],[8.36633919,56.37718342],[8.37717287,56.3767349],[8.37578133,56.38182414],[8.37824248,56.38375643],[8.39989,56.39033789],[8.41567597,56.38783092],[8.43407183,56.38966426],[8.43128608,56.3967998],[8.43313353,56.39903912],[8.39571331,56.40545793],[8.39255698,56.41147393],[8.41031318,56.43240016],[8.42997147,56.42768989],[8.43927529,56.43597069],[8.44986224,56.43336514],[8.45695189,56.44109146],[8.45673389,56.44468501],[8.46262141,56.44692863],[8.45599821,56.45090046],[8.45856961,56.45619572],[8.47040431,56.45657614],[8.47476151,56.46630941],[8.48503257,56.47247386],[8.48446433,56.48400261],[8.49084288,56.48762303],[8.49707919,56.49661123],[8.49293695,56.50240161],[8.49682154,56.51339537],[8.49424771,56.51401427],[8.49558709,56.51902991],[8.49294458,56.51707001],[8.49734437,56.52414623],[8.4909344,56.52473144],[8.48603033,56.53312919],[8.4820911,56.53369439],[8.48544096,56.53510716],[8.48363798,56.53744594],[8.48591037,56.53963225],[8.48913194,56.53826689],[8.49059445,56.54176662],[8.51647143,56.53287481],[8.52462632,56.54264119],[8.50620084,56.54251366],[8.48383445,56.55375872],[8.38783099,56.57900674],[8.35537776,56.57536664],[8.32853883,56.57785552],[8.31837782,56.5751274],[8.30687998,56.57073977],[8.30482664,56.55897009],[8.30837649,56.55157247],[8.29809816,56.55140426],[8.29421377,56.5619393],[8.29946351,56.56475792],[8.29615468,56.5666503],[8.29944487,56.5660044],[8.28725809,56.57491333],[8.28267967,56.58269757],[8.28681203,56.58714407],[8.30582556,56.5878755],[8.30136821,56.5951859],[8.29162368,56.59886272],[8.25131318,56.5999205],[8.2365967,56.60678965],[8.23221709,56.60563498],[8.22883828,56.6086845],[8.231532,56.61813026],[8.22714205,56.62050351],[8.20276084,56.61173898],[8.21775902,56.61823213],[8.21183252,56.61942685],[8.2180198,56.6183715],[8.21218557,56.61950123],[8.21344433,56.62141909],[8.21845407,56.61864816],[8.23335273,56.62316994],[8.22616705,56.62777523],[8.19929667,56.63392469],[8.18616524,56.63254722],[8.19278291,56.64912387],[8.2176881,56.65513407],[8.21199423,56.66175735],[8.21987792,56.66288223],[8.22578605,56.65301165],[8.21750324,56.66760861],[8.22075324,56.6681543],[8.22307736,56.67450185],[8.23136409,56.68219565],[8.22501833,56.6839265],[8.22192904,56.68878633],[8.2325768,56.68458477],[8.22705657,56.69010049],[8.22428369,56.68953539],[8.22766244,56.69187163],[8.22564805,56.69951901],[8.22678185,56.69198566],[8.2246659,56.69162419],[8.21715034,56.69918218],[8.22293362,56.69721777],[8.22367939,56.70144619],[8.21793891,56.70151478],[8.22371282,56.70301945],[8.22192592,56.70665177],[8.22546884,56.70024562],[8.22354858,56.70612527],[8.21257395,56.71053334],[8.21218979,56.71056999]],[[8.49114413,56.52364888],[8.49112813,56.52377513],[8.49113969,56.52377437],[8.49195733,56.5237354],[8.49114413,56.52364888]]],[[[8.17473367,56.3948285],[8.17464662,56.39484643],[8.1745449,56.39486777],[8.17450166,56.39486748],[8.17473367,56.3948285]]],[[[8.17263708,56.39499171],[8.17272228,56.39500738],[8.17280177,56.39506963],[8.1727917,56.39511539],[8.17263708,56.39499171]]],[[[8.17085835,56.39505639],[8.17096569,56.39508963],[8.17112444,56.39511252],[8.17115379,56.39514111],[8.17085835,56.39505639]]],[[[8.16785775,56.3953238],[8.16744687,56.39535555],[8.16738947,56.39537259],[8.16738412,56.39540256],[8.16785775,56.3953238]]],[[[8.12719608,56.40013492],[8.1272629,56.40016028],[8.12730857,56.40020373],[8.12730921,56.4002536],[8.12719608,56.40013492]]],[[[8.15857256,56.40986467],[8.15896989,56.40994778],[8.15936102,56.41012141],[8.15986539,56.41043686],[8.15857256,56.40986467]]],[[[8.21001257,56.61362874],[8.20995892,56.61364655],[8.20986097,56.61364781],[8.20974809,56.6136462],[8.21001257,56.61362874]]],[[[8.21037804,56.61390212],[8.21056325,56.61399799],[8.21064075,56.61403208],[8.21065063,56.61405065],[8.21037804,56.61390212]]],[[[8.22577643,56.62101953],[8.22595892,56.62110117],[8.22611944,56.62114906],[8.22621355,56.62121676],[8.22577643,56.62101953]]],[[[8.23409321,56.65003415],[8.23401852,56.65009784],[8.23397158,56.65016879],[8.23394663,56.65022515],[8.23409321,56.65003415]]]]}},{"type":"Feature","properties":{"kode":"0671","navn":"Struer"},"geometry":{"type":"MultiPolygon","coordinates":[[[[8.56640109,56.57733189],[8.56639635,56.58086051],[8.56203897,56.57705481],[8.55849658,56.56634757],[8.54963893,56.55745825],[8.52380726,56.54316534],[8.52221083,56.53747531],[8.51647143,56.53287481],[8.49059445,56.54176662],[8.48913194,56.53826689],[8.48591037,56.53963225],[8.48363798,56.53744594],[8.48544096,56.53510716],[8.4820911,56.53369439],[8.48603033,56.53312919],[8.4909344,56.52473144],[8.49734437,56.52414623],[8.49294458,56.51707001],[8.49558709,56.51902991],[8.49424771,56.51401427],[8.49682154,56.51339537],[8.49293695,56.50240161],[8.49707919,56.49661123],[8.49084288,56.48762303],[8.48446433,56.48400261],[8.48503257,56.47247386],[8.47476151,56.46630941],[8.47040431,56.45657614],[8.45856961,56.45619572],[8.45599821,56.45090046],[8.46262141,56.44692863],[8.45673389,56.44468501],[8.45695189,56.44109146],[8.44986224,56.43336514],[8.43927529,56.43597069],[8.42997147,56.42768989],[8.40975193,56.43203578],[8.39255698,56.41147393],[8.39430442,56.40627953],[8.43313353,56.39903912],[8.43128608,56.3967998],[8.43429624,56.39055467],[8.43167783,56.38886995],[8.44001807,56.38733793],[8.45437496,56.39100185],[8.46126433,56.39847079],[8.46890756,56.40177932],[8.4919938,56.39738385],[8.49995742,56.40146561],[8.50754153,56.40112328],[8.51298185,56.41152407],[8.5090498,56.42082232],[8.52203577,56.42035255],[8.53460455,56.42399357],[8.5568836,56.42255936],[8.55247989,56.41444462],[8.57053065,56.41044988],[8.58219622,56.41462219],[8.58190634,56.42036334],[8.58499408,56.42386514],[8.62371638,56.41500644],[8.62542528,56.40589261],[8.64100842,56.40212587],[8.65181092,56.40196422],[8.65254333,56.40635166],[8.66362135,56.39892863],[8.67060369,56.40207313],[8.66994736,56.40392182],[8.67458609,56.4040904],[8.67390506,56.41049539],[8.68173656,56.41299938],[8.67951485,56.41531451],[8.69348926,56.42936688],[8.69329811,56.43627439],[8.70540137,56.45083786],[8.70216642,56.45589892],[8.70174377,56.46492391],[8.70446685,56.46741656],[8.70263159,56.4682789],[8.70543031,56.46818979],[8.70263234,56.46895119],[8.71235562,56.47605058],[8.66659253,56.46766923],[8.64039699,56.46863706],[8.62362612,56.47364374],[8.61460328,56.48045026],[8.61185509,56.48519836],[8.61139016,56.49995992],[8.60295505,56.49486484],[8.59739584,56.49521638],[8.60267113,56.49418221],[8.59872241,56.49245692],[8.59369852,56.49311064],[8.59684519,56.49535763],[8.59283966,56.49593205],[8.59491595,56.49475983],[8.58754161,56.4938975],[8.59153437,56.49662962],[8.57514347,56.49345672],[8.55714624,56.49807371],[8.54907616,56.49105738],[8.55078856,56.48760902],[8.5483869,56.48329259],[8.52996647,56.48136161],[8.52392798,56.48357751],[8.52884292,56.48704732],[8.54208331,56.4861595],[8.54702384,56.4925149],[8.54326272,56.49552616],[8.54509347,56.49867056],[8.56135843,56.50492149],[8.5787239,56.50384975],[8.58144567,56.49458166],[8.58492347,56.49436953],[8.58313539,56.49999671],[8.59674187,56.5154265],[8.60422167,56.51842497],[8.61474152,56.51728064],[8.59736934,56.52279716],[8.58757554,56.53666801],[8.57344622,56.54361888],[8.57504102,56.54850791],[8.57262029,56.54840581],[8.573024,56.55084669],[8.5758207,56.54876231],[8.57753694,56.55192306],[8.56749077,56.5622105],[8.56643985,56.57727309],[8.56640109,56.57733189]]],[[[8.49421528,56.5236244],[8.49112813,56.52377513],[8.49677459,56.52314433],[8.4948773,56.52355369],[8.49421528,56.5236244]]],[[[8.67219833,56.58302313],[8.66565287,56.58047128],[8.63945735,56.58114532],[8.61205263,56.55396159],[8.61255625,56.55055607],[8.61543271,56.55132857],[8.6187059,56.54800443],[8.62123373,56.54208248],[8.61943977,56.53725615],[8.62962557,56.52489378],[8.62614658,56.52026393],[8.61629827,56.51565706],[8.61973886,56.51470812],[8.63515132,56.52296441],[8.63597059,56.53555382],[8.63008006,56.54207489],[8.63297807,56.55324906],[8.66261942,56.57907001],[8.65098051,56.57029998],[8.64117295,56.57307396],[8.63978608,56.57809246],[8.65048623,56.57721919],[8.65423125,56.58163665],[8.66339732,56.57953183],[8.67235357,56.5829558],[8.67219833,56.58302313]]],[[[8.59546796,56.63617366],[8.59545503,56.63627011],[8.59545474,56.63631161],[8.59554576,56.63647506],[8.59546796,56.63617366]]],[[[8.6150997,56.66281584],[8.59186776,56.66261448],[8.58648982,56.65298216],[8.5985131,56.65031712],[8.59671192,56.647538],[8.60110091,56.64377666],[8.59742291,56.63921285],[8.61111502,56.63578897],[8.63905596,56.62065046],[8.63138593,56.6278486],[8.63643403,56.64003257],[8.62911464,56.64659164],[8.63850271,56.65164458],[8.64140886,56.66175304],[8.63068042,56.65871005],[8.61548793,56.66274094],[8.6150997,56.66281584]]],[[[8.59400603,56.67886967],[8.59164023,56.67941508],[8.59735634,56.67889743],[8.5941281,56.67885632],[8.59400603,56.67886967]]],[[[8.58403005,56.6932387],[8.57516145,56.68517489],[8.55679903,56.68750598],[8.56064089,56.6891395],[8.55126986,56.68304725],[8.53905998,56.68327327],[8.52776421,56.67456376],[8.50598458,56.66657642],[8.48331362,56.67192305],[8.47651758,56.6764117],[8.47539851,56.68049656],[8.47769203,56.68309622],[8.4854032,56.6827446],[8.4684408,56.68526475],[8.44407573,56.68038074],[8.42578444,56.67062167],[8.40523202,56.67573774],[8.40406072,56.67040346],[8.42576896,56.66483725],[8.44275766,56.65370615],[8.45786679,56.64811499],[8.46919827,56.63834548],[8.48333485,56.63397217],[8.49553965,56.62377292],[8.50219836,56.6051978],[8.51161356,56.59967111],[8.51497887,56.58933277],[8.52246769,56.5872244],[8.52865469,56.58084818],[8.549796,56.5772224],[8.55617533,56.57905655],[8.53947432,56.58620135],[8.53500633,56.58733228],[8.54352977,56.58420868],[8.53870008,56.58331832],[8.53119567,56.58655908],[8.53460567,56.58735557],[8.52995441,56.5870408],[8.53078406,56.59372306],[8.54396503,56.5994278],[8.58757841,56.60092261],[8.59218338,56.60494885],[8.59192619,56.61304488],[8.59704613,56.62420718],[8.59601549,56.6359521],[8.59275103,56.63758564],[8.59698001,56.63935858],[8.58462306,56.64169839],[8.56988967,56.65480198],[8.57657136,56.6603243],[8.57534718,56.66444751],[8.58006959,56.67341111],[8.59086214,56.68041299],[8.58364735,56.6871131],[8.58411346,56.69321176],[8.58403005,56.6932387]]]]}},{"type":"Feature","properties":{"kode":"0706","navn":"Syddjurs"},"geometry":{"type":"MultiPolygon","coordinates":[[[[10.57523045,56.43271153],[10.5718262,56.44368454],[10.55346451,56.44830403],[10.54830514,56.44683287],[10.54510431,56.42882264],[10.5471551,56.4283496],[10.49187684,56.43090034],[10.45795019,56.42187097],[10.45398944,56.42564183],[10.4281539,56.42400403],[10.42428779,56.41722576],[10.42611466,56.41026956],[10.4198119,56.40585284],[10.41154847,56.4034591],[10.38932854,56.40399374],[10.38500999,56.40152084],[10.38852449,56.39909044],[10.38795516,56.3932768],[10.39115092,56.39096733],[10.38853375,56.38944623],[10.36603795,56.39527006],[10.34698365,56.39232004],[10.34116011,56.39812811],[10.30259293,56.38979219],[10.29531827,56.38598307],[10.26912394,56.39674193],[10.2661499,56.3990056],[10.26679336,56.40528535],[10.25058331,56.40210969],[10.24841599,56.40560349],[10.24185858,56.40398091],[10.23668726,56.40692275],[10.23077303,56.40292118],[10.21637376,56.40028089],[10.21321073,56.3942646],[10.20597145,56.39668239],[10.19542504,56.39053632],[10.2058644,56.38996946],[10.21358976,56.38265081],[10.23072218,56.37509531],[10.24264002,56.37336332],[10.24145209,56.37175204],[10.23541531,56.37330065],[10.22768016,56.36674875],[10.23139464,56.36444683],[10.22179556,56.35901456],[10.21101825,56.35889946],[10.19878122,56.36598363],[10.18538883,56.36149557],[10.18461645,56.35071887],[10.16244007,56.34660708],[10.16821494,56.34036973],[10.16047723,56.33938605],[10.16302478,56.33145612],[10.16068395,56.32903194],[10.19812044,56.32428658],[10.21868815,56.33047457],[10.22336745,56.32581668],[10.22735134,56.32641164],[10.23422993,56.31836914],[10.25699699,56.31503211],[10.27570361,56.31602334],[10.26866871,56.30151445],[10.27053459,56.29972377],[10.26676731,56.29731404],[10.26435787,56.28841108],[10.25943583,56.28488408],[10.26055019,56.28003439],[10.27903631,56.28437496],[10.28306254,56.28944186],[10.31719181,56.29735882],[10.31705984,56.2934849],[10.32992106,56.29128214],[10.3346911,56.28683818],[10.38090575,56.28546015],[10.38230219,56.28917132],[10.39063004,56.29275181],[10.40178727,56.29101885],[10.40829222,56.29290775],[10.41652656,56.28997556],[10.42996037,56.29572845],[10.44617075,56.29115522],[10.45251018,56.29514692],[10.455901,56.29407915],[10.45270398,56.28818007],[10.45395864,56.28299519],[10.45903887,56.28045655],[10.47442681,56.28012122],[10.47245717,56.27655848],[10.4653326,56.2750973],[10.46863778,56.27317339],[10.47322717,56.27279205],[10.47354902,56.27699136],[10.48159991,56.28275367],[10.49462759,56.27612557],[10.49357993,56.27761502],[10.50404057,56.27569662],[10.50517682,56.27312322],[10.50164277,56.26955595],[10.50855799,56.26572552],[10.50729707,56.26149171],[10.48504408,56.26026836],[10.4835764,56.25237502],[10.47511759,56.24447328],[10.46382289,56.24064382],[10.44705776,56.22814091],[10.44876712,56.224028],[10.45734365,56.22988991],[10.46814951,56.22834132],[10.47156588,56.22490628],[10.46824043,56.22075646],[10.48009827,56.21049402],[10.48057304,56.20691145],[10.47693778,56.20420977],[10.47114577,56.20448233],[10.46675293,56.19975714],[10.45914081,56.19740918],[10.43457238,56.20153076],[10.42507921,56.20948729],[10.43388672,56.21746714],[10.44142547,56.22024938],[10.42705333,56.2207404],[10.42610216,56.21808433],[10.41007543,56.21814569],[10.41194991,56.21235775],[10.40984378,56.21208156],[10.41196686,56.21150724],[10.40881714,56.21145708],[10.40647234,56.20747885],[10.35978785,56.19899225],[10.35034988,56.2002744],[10.35817555,56.19959547],[10.3512356,56.20245568],[10.34772188,56.20088722],[10.34625064,56.19397966],[10.34859788,56.19177597],[10.35772625,56.19253061],[10.37215219,56.18572648],[10.3754075,56.18272665],[10.37264022,56.18125734],[10.37711045,56.17756861],[10.37830202,56.16817114],[10.39458709,56.1622422],[10.41926501,56.1624599],[10.43294026,56.16932933],[10.43857115,56.17840353],[10.45103747,56.1816735],[10.47346319,56.17914329],[10.49201356,56.1706185],[10.50637116,56.16750337],[10.5086312,56.16832272],[10.50331092,56.16913167],[10.51518429,56.17228963],[10.52474335,56.17099861],[10.52924615,56.16479132],[10.51749191,56.14537324],[10.49104974,56.14619217],[10.48108206,56.13968658],[10.5122235,56.09474188],[10.54541722,56.10189495],[10.55717157,56.11348412],[10.55890093,56.12430026],[10.55386146,56.13388048],[10.5531307,56.14601644],[10.53329377,56.16211261],[10.53591228,56.17387484],[10.56194017,56.19676198],[10.57711865,56.20284923],[10.577198,56.20924729],[10.58564046,56.21948943],[10.6033654,56.2273412],[10.65380208,56.22604689],[10.66858411,56.21930642],[10.67491815,56.21256472],[10.67720586,56.2052982],[10.67531517,56.19992875],[10.66842099,56.19718029],[10.67391661,56.19831913],[10.67022432,56.19692014],[10.671271,56.19475787],[10.66856884,56.19638311],[10.66701204,56.19120825],[10.6694731,56.19232796],[10.66932353,56.18950017],[10.66786041,56.1912049],[10.66615641,56.18639281],[10.65470165,56.18320571],[10.63873668,56.18807145],[10.63622797,56.18478568],[10.63841223,56.17799662],[10.64705168,56.167911],[10.65929319,56.16105547],[10.65949917,56.15474856],[10.65979166,56.16121762],[10.66947555,56.15816264],[10.6637022,56.15350938],[10.66716094,56.15653684],[10.66610077,56.15344858],[10.66947298,56.15319602],[10.66499584,56.1520424],[10.67501797,56.15627576],[10.6806516,56.15240053],[10.67529346,56.15056742],[10.69169083,56.15364563],[10.69308481,56.15241933],[10.68787607,56.15266717],[10.6931363,56.15116307],[10.6876862,56.15054731],[10.69449472,56.15110707],[10.68970139,56.14900065],[10.68447051,56.15293785],[10.67118075,56.14846418],[10.68105574,56.15107775],[10.67978104,56.14592084],[10.69359589,56.14057433],[10.71451986,56.14202196],[10.72167967,56.14941154],[10.73980146,56.18005548],[10.73416278,56.20569065],[10.74285442,56.22442063],[10.77072587,56.24130082],[10.79173673,56.24418746],[10.81282871,56.25793757],[10.83089824,56.28440184],[10.84724738,56.29573971],[10.8394182,56.29923862],[10.82418192,56.29682278],[10.81907925,56.29885739],[10.81134819,56.30868349],[10.8145997,56.31654493],[10.807314,56.32247739],[10.7597714,56.33383159],[10.73961412,56.33057397],[10.73012056,56.34061249],[10.71304846,56.33903776],[10.70770657,56.33290569],[10.66891292,56.35114837],[10.64640001,56.35830661],[10.63919136,56.36331948],[10.63880768,56.36722351],[10.63641866,56.36689546],[10.63534726,56.37366307],[10.67646376,56.37576845],[10.70480715,56.39000946],[10.68990337,56.39711599],[10.69164263,56.4043197],[10.6823368,56.40559638],[10.67723203,56.41292806],[10.66287393,56.41472031],[10.65917708,56.41878952],[10.65255094,56.41961885],[10.62426111,56.4169855],[10.62121815,56.42306929],[10.60346297,56.42441139],[10.60351891,56.42738952],[10.59894387,56.4271054],[10.59361295,56.4326787],[10.57525532,56.43263816],[10.57523045,56.43271153]],[[10.575506,56.4252735],[10.5750645,56.42750592],[10.57813082,56.42461914],[10.57520129,56.42502963],[10.575506,56.4252735]],[[10.58792804,56.4249948],[10.59157109,56.42417023],[10.5859084,56.42489493],[10.58776576,56.42472686],[10.58792804,56.4249948]]],[[[10.80554086,56.12984608],[10.81142299,56.13397523],[10.80467992,56.13803658],[10.79053685,56.13072076],[10.80540085,56.12979762],[10.80554086,56.12984608]]],[[[10.68976382,56.14919417],[10.68984868,56.14923129],[10.68992018,56.14929052],[10.68993562,56.14932697],[10.68976382,56.14919417]]],[[[10.51013536,56.16675555],[10.50994566,56.16699428],[10.50992252,56.16705306],[10.5098607,56.16717684],[10.51013536,56.16675555]]],[[[10.36850918,56.20037462],[10.36854741,56.20037995],[10.36856244,56.20039012],[10.36850854,56.20041534],[10.36850918,56.20037462]]],[[[10.46679896,56.20347975],[10.46676523,56.20351691],[10.46670248,56.20354524],[10.46652356,56.20360496],[10.46679896,56.20347975]]],[[[10.46788083,56.20315925],[10.46786485,56.20320535],[10.46781518,56.20325545],[10.46773932,56.20329517],[10.46788083,56.20315925]]],[[[10.46570165,56.20382272],[10.4656957,56.20385281],[10.46559417,56.20389166],[10.46546309,56.20391226],[10.46570165,56.20382272]]],[[[10.46486228,56.20552379],[10.46479712,56.20555691],[10.46474716,56.20560387],[10.4645835,56.20564112],[10.46486228,56.20552379]]],[[[10.4638687,56.20616662],[10.46373667,56.20624717],[10.46349391,56.20628644],[10.46327421,56.20626208],[10.4638687,56.20616662]]],[[[10.40954269,56.2118431],[10.40956164,56.21186724],[10.40954231,56.21189414],[10.40944345,56.21194631],[10.40954269,56.2118431]]],[[[10.47754849,56.24848426],[10.47914481,56.24993085],[10.47583663,56.24700542],[10.47738498,56.24838333],[10.47754849,56.24848426]]],[[[10.38206882,56.28573507],[10.38202514,56.28580969],[10.38190242,56.28596795],[10.38185933,56.28603896],[10.38206882,56.28573507]]]]}},{"type":"Feature","properties":{"kode":"0707","navn":"Norddjurs"},"geometry":{"type":"MultiPolygon","coordinates":[[[[10.30271175,56.60730233],[10.29991109,56.60028085],[10.30266146,56.59144373],[10.28723069,56.5805029],[10.27029506,56.57436169],[10.26201399,56.5644275],[10.25306634,56.55937069],[10.25568736,56.55365406],[10.25270445,56.55133871],[10.24207277,56.5483171],[10.23675106,56.54177798],[10.23136479,56.54489677],[10.23016084,56.5198672],[10.23308758,56.51868632],[10.23489313,56.5116324],[10.23244358,56.50529974],[10.23898978,56.50128085],[10.23275354,56.50201857],[10.23517836,56.4953727],[10.23113293,56.48455381],[10.22384738,56.48048184],[10.21794987,56.4808233],[10.22208424,56.47878665],[10.23307797,56.48011513],[10.23907864,56.47467999],[10.24999603,56.47213273],[10.29438539,56.47033399],[10.29373321,56.46803574],[10.27115705,56.46901372],[10.27132924,56.46329571],[10.26376121,56.44634562],[10.26499217,56.44155451],[10.26743625,56.44202969],[10.26498702,56.44098446],[10.26442134,56.43100637],[10.28357794,56.4237926],[10.29993776,56.42398896],[10.30609192,56.42121259],[10.2977051,56.42160187],[10.28842622,56.41557821],[10.27299464,56.41394812],[10.26904827,56.41010344],[10.27100087,56.40917253],[10.26148055,56.40521101],[10.26679336,56.40528535],[10.2661499,56.3990056],[10.27460847,56.39341255],[10.29468981,56.38611165],[10.34116011,56.39812811],[10.34698365,56.39232004],[10.36603795,56.39527006],[10.38853375,56.38944623],[10.39115092,56.39096733],[10.38795516,56.3932768],[10.38852449,56.39909044],[10.38500999,56.40152084],[10.38932854,56.40399374],[10.41154847,56.4034591],[10.4198119,56.40585284],[10.42611466,56.41026956],[10.42428779,56.41722576],[10.4281539,56.42400403],[10.45398944,56.42564183],[10.45795019,56.42187097],[10.49187684,56.43090034],[10.5471551,56.4283496],[10.54510431,56.42882264],[10.54864852,56.44739315],[10.56069038,56.44713969],[10.5718262,56.44368454],[10.57525532,56.43263816],[10.59361295,56.4326787],[10.59894387,56.4271054],[10.60351891,56.42738952],[10.60346297,56.42441139],[10.62121815,56.42306929],[10.62426111,56.4169855],[10.65255094,56.41961885],[10.65917708,56.41878952],[10.66287393,56.41472031],[10.67723203,56.41292806],[10.6823368,56.40559638],[10.69164263,56.4043197],[10.68990337,56.39711599],[10.70480715,56.39000946],[10.67646376,56.37576845],[10.63534726,56.37366307],[10.63641866,56.36689546],[10.63880768,56.36722351],[10.63919136,56.36331948],[10.6463503,56.35833234],[10.66891292,56.35114837],[10.70770657,56.33290569],[10.71304846,56.33903776],[10.73012056,56.34061249],[10.73961412,56.33057397],[10.7597714,56.33383159],[10.807314,56.32247739],[10.8145997,56.31654493],[10.81134819,56.30868349],[10.81907925,56.29885739],[10.82418192,56.29682278],[10.84305864,56.29880706],[10.84699699,56.29500154],[10.86367038,56.29992476],[10.8719383,56.31097483],[10.91448801,56.34352504],[10.9150829,56.38160764],[10.9213788,56.39263072],[10.92153042,56.40159276],[10.92605191,56.40292205],[10.92040229,56.40434621],[10.92211418,56.40659852],[10.92776932,56.40560187],[10.92929336,56.4107524],[10.93816957,56.41667618],[10.92771346,56.40889469],[10.9219125,56.40810847],[10.9266852,56.41022312],[10.92160812,56.41291241],[10.93247333,56.4217743],[10.93685104,56.42070818],[10.93543513,56.41774413],[10.93785786,56.4224155],[10.92801531,56.42501979],[10.93522613,56.43236039],[10.94549081,56.43700187],[10.95507398,56.43687136],[10.95897875,56.44195471],[10.95268877,56.44846497],[10.95006691,56.45641209],[10.93907745,56.46020889],[10.92612041,56.46963791],[10.91575113,56.47151204],[10.89925411,56.48081471],[10.87597188,56.48804118],[10.86238135,56.5170399],[10.837056,56.53071816],[10.79488643,56.53746601],[10.76943793,56.53811665],[10.71498951,56.5307641],[10.71395341,56.5375461],[10.71187589,56.53503258],[10.7145781,56.53309907],[10.71135717,56.53468389],[10.70923333,56.53196152],[10.71279916,56.53755204],[10.70697683,56.5306639],[10.63691879,56.52613714],[10.60581872,56.5195851],[10.55922848,56.51440466],[10.49647326,56.51439464],[10.43090313,56.52440126],[10.4077959,56.53197425],[10.37632094,56.54950082],[10.35441028,56.56700396],[10.34494062,56.58071331],[10.34333336,56.59563482],[10.32699851,56.60103953],[10.31845248,56.60103902],[10.31065236,56.60666492],[10.30250409,56.60707682],[10.30271175,56.60730233]]],[[[10.92421802,56.405909],[10.92228232,56.40539759],[10.92684481,56.40449825],[10.92426047,56.40589594],[10.92421802,56.405909]]],[[[10.92798943,56.40596104],[10.92806465,56.40598701],[10.9281099,56.40601318],[10.92813502,56.4060676],[10.92798943,56.40596104]]],[[[10.92666154,56.41247753],[10.92643274,56.41255315],[10.92638138,56.41258909],[10.92635398,56.41262734],[10.92666154,56.41247753]]],[[[10.93067042,56.41443001],[10.93071001,56.41446282],[10.93066843,56.4145988],[10.93059993,56.41486901],[10.93067042,56.41443001]]],[[[10.59112861,56.42523047],[10.59061048,56.42527162],[10.58933279,56.42527245],[10.5886239,56.4252729],[10.59112861,56.42523047]]],[[[10.57794267,56.42455495],[10.57813082,56.42461914],[10.57801744,56.42491558],[10.57788716,56.42542672],[10.57794267,56.42455495]]],[[[10.29194638,56.46976144],[10.29203559,56.46978315],[10.29205523,56.4698117],[10.29202513,56.46984795],[10.29194638,56.46976144]]],[[[10.29293492,56.46975052],[10.29297451,56.46977868],[10.29297514,56.46983051],[10.29294001,56.46989063],[10.29293492,56.46975052]]],[[[10.22766767,56.47957024],[10.22762152,56.47959945],[10.22754527,56.47963165],[10.22750865,56.47963381],[10.22766767,56.47957024]]],[[[10.22629765,56.48186796],[10.22633157,56.48187733],[10.22636701,56.48192909],[10.22638159,56.48197845],[10.22629765,56.48186796]]],[[[10.22662633,56.48229141],[10.22648846,56.48235648],[10.22637046,56.48237849],[10.2262906,56.48237415],[10.22662633,56.48229141]]],[[[10.23620613,56.5032427],[10.2361934,56.50326098],[10.23618308,56.50328318],[10.23616458,56.50329397],[10.23620613,56.5032427]]],[[[10.23515229,56.50250141],[10.23519944,56.50251765],[10.23531494,56.50259216],[10.23549874,56.5027234],[10.23515229,56.50250141]]],[[[10.23384825,56.50423024],[10.23391104,56.50434238],[10.23395384,56.50442955],[10.23395531,56.50443493],[10.23384825,56.50423024]]],[[[10.22932217,56.5246575],[10.22934674,56.52469858],[10.22936879,56.5247972],[10.22937942,56.52483402],[10.22932217,56.5246575]]],[[[10.39245694,56.54025802],[10.39244407,56.54027056],[10.39241628,56.54028004],[10.39239708,56.5402754],[10.39245694,56.54025802]]],[[[10.22951772,56.52719687],[10.22955283,56.52819036],[10.22958792,56.52911286],[10.2296261,56.52982948],[10.22951772,56.52719687]]],[[[10.35513668,56.56721034],[10.35512253,56.56723332],[10.35507519,56.56723374],[10.35505645,56.56720124],[10.35513668,56.56721034]]],[[[10.34472677,56.59081295],[10.34482651,56.59086533],[10.34489775,56.59093617],[10.34493146,56.59099573],[10.34472677,56.59081295]]],[[[11.6504953,56.73779257],[11.58054202,56.72463937],[11.53717336,56.725991],[11.50721729,56.71516293],[11.51444682,56.71529985],[11.50806221,56.71415139],[11.52133645,56.70929093],[11.53235702,56.69417008],[11.53884546,56.68958908],[11.57410366,56.68937597],[11.58503434,56.69280097],[11.61201507,56.71518067],[11.65832852,56.73565315],[11.6505248,56.7377657],[11.6504953,56.73779257]]]]}},{"type":"Feature","properties":{"kode":"0710","navn":"Favrskov"},"geometry":{"type":"MultiPolygon","coordinates":[[[[9.83883343,56.44907579],[9.82615464,56.44966405],[9.81792658,56.44552469],[9.80964581,56.44708382],[9.78804531,56.44377435],[9.78127036,56.44493721],[9.77568137,56.45014865],[9.77148996,56.44456532],[9.77276418,56.43905216],[9.76908175,56.43913541],[9.7694998,56.44145984],[9.75654634,56.42895167],[9.75002289,56.42868651],[9.74937342,56.42610978],[9.75927314,56.41873171],[9.75515554,56.41547224],[9.74603277,56.41520748],[9.74639289,56.41010582],[9.74097573,56.40953129],[9.7365327,56.40200059],[9.74264147,56.39927461],[9.73208534,56.39669264],[9.73272207,56.39351478],[9.72525565,56.39119085],[9.71575696,56.39230721],[9.73016552,56.38436596],[9.71994936,56.38326541],[9.70629242,56.37720922],[9.6885937,56.37576027],[9.70184498,56.36631182],[9.70121284,56.3579442],[9.70622461,56.35352152],[9.7017986,56.35214037],[9.70155823,56.34927202],[9.70523116,56.34806727],[9.70544453,56.3429277],[9.72260856,56.33520177],[9.72172076,56.33025007],[9.70034434,56.32661945],[9.66712973,56.32717416],[9.66700615,56.31907646],[9.66069785,56.31552123],[9.67584044,56.3103922],[9.67918767,56.29962275],[9.69863565,56.30241576],[9.71481573,56.2995016],[9.72580727,56.29324976],[9.75001555,56.2955741],[9.75216625,56.29077341],[9.76527259,56.28912292],[9.77659661,56.29244465],[9.77465658,56.28174328],[9.78082327,56.27112703],[9.75726755,56.26772146],[9.75458544,56.26330498],[9.75843028,56.26010039],[9.77068093,56.26264741],[9.78424174,56.25443308],[9.78489543,56.2494796],[9.79181256,56.24885197],[9.769552,56.23745201],[9.78030822,56.23920544],[9.78696061,56.23326822],[9.78497728,56.22666862],[9.7765384,56.22003251],[9.78311157,56.21517451],[9.76802645,56.21192525],[9.77151069,56.20297064],[9.75892694,56.19775762],[9.77300336,56.19134412],[9.77807065,56.19683954],[9.78261171,56.19675626],[9.78974989,56.19537733],[9.79116848,56.19145],[9.80539733,56.188679],[9.83720061,56.19283018],[9.85890326,56.18939947],[9.87999158,56.19873843],[9.89806444,56.21423812],[9.93209447,56.20929455],[9.93682618,56.21276209],[9.93593303,56.21465815],[9.94146037,56.21633397],[9.96690284,56.21282098],[9.97038616,56.21500177],[9.97961357,56.21288555],[9.982771,56.21116987],[9.98176597,56.20790429],[9.99091262,56.20556566],[9.99998059,56.20742457],[9.99722377,56.2154588],[10.00288904,56.21469401],[10.00264547,56.21675376],[10.02237974,56.22307971],[10.03368204,56.22233131],[10.02997223,56.22489346],[10.0283675,56.23179735],[10.04302536,56.22994061],[10.0458302,56.22474218],[10.06642313,56.22617663],[10.07113052,56.22323571],[10.07363306,56.22453161],[10.0726803,56.22770546],[10.07745438,56.2283526],[10.08350189,56.2228702],[10.10400331,56.22040902],[10.10817319,56.21736635],[10.1165182,56.21596759],[10.12532878,56.21937899],[10.12862553,56.22108536],[10.12249553,56.22465402],[10.12205798,56.22911971],[10.12705188,56.24585951],[10.1240913,56.24821253],[10.12526811,56.25683279],[10.12666066,56.26238018],[10.13252631,56.26188216],[10.13537628,56.26809674],[10.1297703,56.27884357],[10.12533053,56.28049811],[10.12733159,56.29628872],[10.13234336,56.30550896],[10.14995816,56.30877524],[10.16444172,56.30449424],[10.16228604,56.30157956],[10.16776009,56.29844551],[10.18821292,56.30974848],[10.1916071,56.31392456],[10.18799372,56.31845484],[10.19788596,56.32433808],[10.16068395,56.32903194],[10.16302478,56.33145612],[10.16047723,56.33938605],[10.16821494,56.34036973],[10.16244007,56.34660708],[10.18461645,56.35071887],[10.18538883,56.36149557],[10.19878122,56.36598363],[10.21101825,56.35889946],[10.22202672,56.35907607],[10.23139464,56.36444683],[10.22768016,56.36674875],[10.23541531,56.37330065],[10.24264002,56.37336332],[10.23072218,56.37509531],[10.21358976,56.38265081],[10.2058644,56.38996946],[10.19643101,56.3891262],[10.19626372,56.3911217],[10.18579308,56.39290625],[10.17754889,56.38998729],[10.15993956,56.39186104],[10.15273893,56.38989989],[10.14243182,56.39076771],[10.14133934,56.39293841],[10.1299898,56.38146069],[10.13063745,56.37444096],[10.10623415,56.38013424],[10.10567123,56.37541053],[10.09505389,56.3710913],[10.08370054,56.37842993],[10.07973381,56.37650814],[10.07007888,56.38336563],[10.04487173,56.38118573],[10.03975014,56.3910116],[10.02583184,56.39035148],[10.02531254,56.38730818],[10.00385901,56.38863367],[9.99561053,56.38425983],[9.98541325,56.38307989],[9.96820833,56.37076667],[9.95637487,56.37218478],[9.9514111,56.3698771],[9.9386789,56.38046874],[9.93790784,56.38910623],[9.90850108,56.39420559],[9.90803029,56.38263993],[9.88181987,56.37931549],[9.87064504,56.38505424],[9.84400868,56.3889826],[9.83505956,56.3953811],[9.81627075,56.39625245],[9.8034826,56.39318411],[9.80188746,56.39926585],[9.80418257,56.40352843],[9.7979292,56.41351001],[9.79932102,56.4161863],[9.80786404,56.41981154],[9.81837581,56.41910672],[9.82515264,56.41749948],[9.82286066,56.41324545],[9.82846038,56.41107692],[9.84222639,56.41581333],[9.84237332,56.425154],[9.8498182,56.43334769],[9.84405588,56.44142274],[9.84417166,56.44745803],[9.83909551,56.4489096],[9.83883343,56.44907579]]]]}},{"type":"Feature","properties":{"kode":"0727","navn":"Odder"},"geometry":{"type":"MultiPolygon","coordinates":[[[[10.27099456,56.02330486],[10.26072112,56.02227701],[10.25771515,56.01879203],[10.25039722,56.0212392],[10.23827001,56.00971498],[10.21999212,56.00711077],[10.21372473,56.01015505],[10.21669695,56.0110512],[10.20623967,56.01050731],[10.19774043,56.00592919],[10.19209946,56.01059448],[10.19590499,56.01376552],[10.19545463,56.01849876],[10.19318377,56.01909197],[10.19276754,56.01506638],[10.19061924,56.01866837],[10.16494017,56.01932996],[10.16265932,56.01581699],[10.15606319,56.02219811],[10.15757238,56.01835484],[10.15059779,56.0192987],[10.15073485,56.01413224],[10.14586619,56.01203872],[10.13947533,56.00167481],[10.13461274,56.00434901],[10.1138291,56.00459338],[10.10901507,56.00649471],[10.10963175,56.00978022],[10.10123204,56.00782243],[10.0989102,56.01196436],[10.09260373,56.00929795],[10.09208721,56.00441781],[10.06426938,56.00072202],[10.05220372,55.99573123],[10.04074458,55.99661093],[10.02207619,55.98399869],[10.01368232,55.98132553],[10.01428773,55.9733859],[10.02636064,55.9675542],[10.02590795,55.96493518],[10.03129669,55.96293424],[10.0301875,55.95935864],[10.03559672,55.95657191],[10.03211392,55.95082655],[10.03442801,55.94657944],[10.02708588,55.94337524],[10.02788333,55.93151724],[10.0247227,55.93009312],[10.01595297,55.91167099],[10.01887295,55.90389643],[10.02823144,55.90103175],[10.02834744,55.89857896],[10.02201498,55.89592584],[10.03038768,55.89270002],[10.03946825,55.88267686],[10.04788407,55.87853061],[10.06091645,55.8791036],[10.07768651,55.88479685],[10.11023835,55.88305192],[10.11301691,55.8795736],[10.11211981,55.87480399],[10.11797309,55.87034255],[10.11474295,55.86400148],[10.0587902,55.8694391],[10.04701999,55.86240101],[10.03716686,55.8517308],[10.03592184,55.84362952],[10.08205379,55.84905805],[10.08789688,55.85452154],[10.10430842,55.86163191],[10.11937868,55.8598866],[10.12055433,55.86252994],[10.11565592,55.86409357],[10.11895009,55.87076679],[10.12704622,55.87325279],[10.13319098,55.88097428],[10.14448818,55.87323392],[10.14497683,55.86987893],[10.13922459,55.8618255],[10.1414408,55.8576422],[10.15864041,55.84556912],[10.19321309,55.83628562],[10.19864558,55.84185808],[10.1917623,55.85100716],[10.20283287,55.85829609],[10.20333481,55.85507423],[10.1976277,55.85239335],[10.20377269,55.85450546],[10.20442587,55.85915169],[10.20277927,55.86584807],[10.19701199,55.86856097],[10.20259253,55.86564844],[10.20021009,55.86463787],[10.19436237,55.87035324],[10.19239512,55.88586049],[10.20727324,55.88658308],[10.23791532,55.90755051],[10.26091152,55.91205024],[10.2567505,55.91562126],[10.25692705,55.92375238],[10.26622916,55.95966807],[10.25424371,55.97551703],[10.2527405,55.98855908],[10.26916218,56.0129637],[10.28169414,56.02052304],[10.27121037,56.02329527],[10.27099456,56.02330486]]],[[[10.04927865,55.84377406],[10.04942109,55.84399282],[10.04943322,55.84409919],[10.04946139,55.84410767],[10.04927865,55.84377406]]],[[[10.03231887,55.84526699],[10.03226036,55.84528321],[10.03222948,55.84528697],[10.03221043,55.84527311],[10.03231887,55.84526699]]],[[[10.03132599,55.84575749],[10.03132673,55.84578543],[10.03136838,55.84583225],[10.03140929,55.84585114],[10.03132599,55.84575749]]],[[[10.0843018,55.84983835],[10.08385885,55.84989527],[10.08357438,55.85000453],[10.08328819,55.85006375],[10.0843018,55.84983835]]],[[[10.11115555,55.84968372],[10.1111853,55.84981949],[10.11125571,55.84989685],[10.11139708,55.84997537],[10.11115555,55.84968372]]],[[[10.11612608,55.85021418],[10.11372992,55.85019707],[10.12621904,55.84906729],[10.11607864,55.85018074],[10.11612608,55.85021418]]],[[[10.20528144,55.84978478],[10.20486204,55.84981782],[10.20440248,55.84987443],[10.20401945,55.84996768],[10.20528144,55.84978478]]],[[[10.19380778,55.85094573],[10.19381771,55.85096747],[10.19380521,55.85100254],[10.19374577,55.85105919],[10.19380778,55.85094573]]],[[[10.12092197,55.85074901],[10.12117952,55.85078413],[10.12150393,55.85080049],[10.12166314,55.85087084],[10.12092197,55.85074901]]],[[[10.11830934,55.85485934],[10.11817627,55.85512113],[10.11796111,55.85517763],[10.11782171,55.85516317],[10.11830934,55.85485934]]],[[[10.11396986,55.85576501],[10.11394324,55.85581737],[10.11319178,55.85601404],[10.11306657,55.85609353],[10.11396986,55.85576501]]],[[[10.11227388,55.85622856],[10.11233717,55.85630797],[10.11248903,55.85637237],[10.11246507,55.85640062],[10.11227388,55.85622856]]],[[[10.11055724,55.85701666],[10.11066923,55.85706148],[10.11069668,55.8571333],[10.11057243,55.85724674],[10.11055724,55.85701666]]],[[[10.10671484,55.85779844],[10.10675282,55.85786406],[10.10669487,55.8579388],[10.1064488,55.85802764],[10.10671484,55.85779844]]],[[[10.10528484,55.85803064],[10.10531652,55.85812237],[10.10526337,55.85823112],[10.10525214,55.85831938],[10.10528484,55.85803064]]],[[[10.24228729,55.87792683],[10.24225206,55.87799],[10.24218517,55.87803255],[10.2420839,55.87807015],[10.24228729,55.87792683]]],[[[10.2444341,55.8829945],[10.24442242,55.88301906],[10.2443644,55.8830493],[10.24431884,55.88307941],[10.2444341,55.8829945]]],[[[10.24301214,55.88527807],[10.24300724,55.88532],[10.24298645,55.88534986],[10.24295999,55.88539721],[10.24301214,55.88527807]]],[[[10.23888962,55.88545801],[10.23717813,55.88461464],[10.24169532,55.87934746],[10.23427595,55.88088884],[10.24148033,55.87842147],[10.24333364,55.87944127],[10.23898865,55.88545],[10.23888962,55.88545801]]],[[[10.2877839,55.90742687],[10.27573256,55.9030845],[10.28050002,55.90024552],[10.28250432,55.90504624],[10.28750964,55.90740044],[10.2877839,55.90742687]]],[[[10.3583745,55.96052053],[10.35560929,55.96090647],[10.36769193,55.96009749],[10.36145398,55.96034538],[10.3583745,55.96052053]]],[[[10.41633394,55.96030657],[10.40287275,55.95944728],[10.41454182,55.95087637],[10.43739566,55.94333676],[10.46375751,55.95199507],[10.41646368,55.96030166],[10.41633394,55.96030657]]],[[[10.21724421,56.0109997],[10.21720128,56.01100148],[10.21715855,56.0110045],[10.21710276,56.01101045],[10.21724421,56.0109997]]]]}},{"type":"Feature","properties":{"kode":"0730","navn":"Randers"},"geometry":{"type":"MultiPolygon","coordinates":[[[[10.33583659,56.70155617],[10.30952021,56.70105333],[10.2842439,56.69338293],[10.26620047,56.69856768],[10.25384113,56.69852322],[10.20550645,56.68192859],[10.1942242,56.6844512],[10.1929607,56.68131363],[10.1967967,56.67852759],[10.1799078,56.67232728],[10.16636179,56.67104303],[10.16659255,56.66494394],[10.1611519,56.6647292],[10.16367695,56.66143367],[10.15580284,56.66045193],[10.15870619,56.65208282],[10.14103725,56.64597487],[10.13510139,56.64862401],[10.12364281,56.6466896],[10.11875894,56.64089067],[10.1246309,56.63665502],[10.11649792,56.62799511],[10.11601952,56.6237597],[10.09322614,56.62182025],[10.05296856,56.60398472],[10.00920423,56.59771443],[10.00173869,56.59374437],[9.98005237,56.59184967],[9.97177084,56.59569436],[9.95937586,56.59668247],[9.95835275,56.59156178],[9.94885663,56.58107106],[9.91064961,56.57595742],[9.90002482,56.57182892],[9.88847382,56.57422837],[9.87720576,56.56570937],[9.88108051,56.55747405],[9.87880704,56.55561597],[9.84588998,56.55547359],[9.83283344,56.55043257],[9.82363468,56.55713385],[9.81714538,56.55726516],[9.81141594,56.56100537],[9.79582392,56.56161017],[9.78060266,56.54612922],[9.79147052,56.52970423],[9.78539639,56.52088153],[9.78874301,56.49400744],[9.78403367,56.48696542],[9.78368566,56.48041059],[9.78676031,56.47634306],[9.78633483,56.46027718],[9.77619666,56.44969629],[9.78127036,56.44493721],[9.78804531,56.44377435],[9.83785385,56.44947279],[9.84417166,56.44745803],[9.84405588,56.44142274],[9.8498182,56.43334769],[9.84237332,56.425154],[9.84222639,56.41581333],[9.82893046,56.41119247],[9.82286066,56.41324545],[9.82515264,56.41749948],[9.81837581,56.41910672],[9.80786404,56.41981154],[9.79932102,56.4161863],[9.7979292,56.41351001],[9.80418257,56.40352843],[9.80188746,56.39926585],[9.8034826,56.39318411],[9.81627075,56.39625245],[9.83505956,56.3953811],[9.84400868,56.3889826],[9.87064504,56.38505424],[9.88181987,56.37931549],[9.90803029,56.38263993],[9.90850108,56.39420559],[9.93790784,56.38910623],[9.9386789,56.38046874],[9.9514111,56.3698771],[9.95637487,56.37218478],[9.96820833,56.37076667],[9.98541325,56.38307989],[9.99561053,56.38425983],[10.00367456,56.38861055],[10.02531254,56.38730818],[10.02583184,56.39035148],[10.03975014,56.3910116],[10.04487173,56.38118573],[10.07007888,56.38336563],[10.07973381,56.37650814],[10.08370054,56.37842993],[10.09505389,56.3710913],[10.10567125,56.37541052],[10.10623415,56.38013424],[10.13063745,56.37444096],[10.1299898,56.38146069],[10.14133934,56.39293841],[10.14243182,56.39076771],[10.15273893,56.38989989],[10.15993956,56.39186104],[10.17754889,56.38998729],[10.18220758,56.39305927],[10.19687599,56.39113547],[10.20597145,56.39668239],[10.21307717,56.39421163],[10.21637376,56.40028089],[10.23077303,56.40292118],[10.23905055,56.40743019],[10.24185858,56.40398091],[10.24881044,56.40543554],[10.25058331,56.40210969],[10.26212597,56.40427951],[10.26550969,56.4085458],[10.27125619,56.40938825],[10.26904827,56.41010344],[10.27282761,56.41388756],[10.28842622,56.41557821],[10.2977051,56.42160187],[10.30609192,56.42121259],[10.29993776,56.42398896],[10.28357794,56.4237926],[10.26442134,56.43100637],[10.26498702,56.44098446],[10.26743625,56.44202969],[10.26499217,56.44155451],[10.26376121,56.44634562],[10.27132924,56.46329571],[10.27115838,56.46861629],[10.25151318,56.46765572],[10.21969508,56.47490084],[10.20560636,56.47078717],[10.18321741,56.47131891],[10.13101108,56.45608951],[10.09080513,56.46459566],[10.03959281,56.45686971],[10.06112834,56.46183942],[10.04171647,56.45848409],[10.05389152,56.46327637],[10.07594714,56.46407382],[10.07429757,56.46598957],[10.08446627,56.46804766],[10.11649006,56.46645327],[10.11941292,56.45992554],[10.13142356,56.45774329],[10.18310883,56.47218062],[10.2025807,56.47229293],[10.21195047,56.47534237],[10.22776636,56.50323629],[10.22389487,56.50737749],[10.22452065,56.52443383],[10.22041867,56.5256452],[10.21688179,56.53454175],[10.21781588,56.54087256],[10.21492463,56.5430568],[10.21850908,56.54537549],[10.21648643,56.54704153],[10.22051581,56.55422897],[10.23186185,56.55561359],[10.24162232,56.56653393],[10.24022175,56.56804067],[10.24339012,56.56882863],[10.24335942,56.57536297],[10.24652816,56.57807569],[10.24250189,56.58029151],[10.25106364,56.57857634],[10.26466685,56.58821878],[10.28233043,56.59136011],[10.28007276,56.59374677],[10.27464643,56.59128042],[10.29760585,56.60901234],[10.34301073,56.6228597],[10.35857733,56.63731663],[10.35939012,56.64731634],[10.34799009,56.65649545],[10.3538486,56.65297069],[10.34997888,56.65969564],[10.36311456,56.66197587],[10.35300764,56.69272406],[10.33592971,56.70153846],[10.33583659,56.70155617]]],[[[10.11508182,56.46118567],[10.11233005,56.46213508],[10.11712327,56.46043459],[10.11535348,56.46110766],[10.11508182,56.46118567]]],[[[10.11195829,56.46180372],[10.11198528,56.46182756],[10.11201989,56.46191773],[10.11204939,56.46217767],[10.11195829,56.46180372]]],[[[10.10523476,56.46338051],[10.10529602,56.46340521],[10.10529747,56.46344976],[10.10525133,56.46350965],[10.10523476,56.46338051]]],[[[10.11779037,56.46339945],[10.11769698,56.46350209],[10.11753932,56.4635992],[10.11751999,56.46364835],[10.11779037,56.46339945]]],[[[10.11625512,56.463004],[10.11230436,56.46336023],[10.11778836,56.46054101],[10.11635979,56.46294861],[10.11625512,56.463004]]],[[[10.10611398,56.46428114],[10.10598905,56.46430481],[10.1058392,56.46432555],[10.10571324,56.46434212],[10.10611398,56.46428114]]],[[[10.09889967,56.46483767],[10.09861244,56.46496303],[10.09827859,56.46500256],[10.09810722,56.4650428],[10.09889967,56.46483767]]],[[[10.0964136,56.46557889],[10.09568234,56.46575148],[10.09566509,56.46571021],[10.09601683,56.46557008],[10.0964136,56.46557889]]],[[[10.10565915,56.46612225],[10.10550716,56.466159],[10.10542889,56.46617452],[10.1053754,56.4661546],[10.10565915,56.46612225]]],[[[10.11584924,56.46621473],[10.1157723,56.46620356],[10.11568179,56.46617221],[10.11551384,56.4661571],[10.11584924,56.46621473]]],[[[10.10182906,56.46631596],[10.10181114,56.46634164],[10.10176995,56.4663597],[10.10172042,56.4663702],[10.10182906,56.46631596]]],[[[10.11641791,56.46637288],[10.11636663,56.46638987],[10.1162322,56.4664051],[10.1159642,56.46644875],[10.11641791,56.46637288]]],[[[10.11544837,56.46642634],[10.11559206,56.46651076],[10.11498362,56.4665687],[10.11494556,56.46653831],[10.11544837,56.46642634]]],[[[10.08625798,56.4676345],[10.08615277,56.46762779],[10.08613638,56.46759361],[10.08611847,56.4675749],[10.08625798,56.4676345]]],[[[10.08488835,56.46792429],[10.08484002,56.46795984],[10.08480369,56.4679837],[10.08478122,56.46799279],[10.08488835,56.46792429]]],[[[10.21789354,56.4764131],[10.21793968,56.47660187],[10.21793521,56.47668017],[10.21789872,56.47673705],[10.21789354,56.4764131]]],[[[10.24996144,56.57866757],[10.24967519,56.57872004],[10.24960382,56.57873783],[10.24953934,56.57875214],[10.24996144,56.57866757]]],[[[10.25169977,56.57870211],[10.25172312,56.57870906],[10.25175943,56.57871921],[10.25189795,56.57876786],[10.25169977,56.57870211]]],[[[10.27639882,56.5923322],[10.27646366,56.59233297],[10.27652576,56.59233943],[10.27656064,56.592345],[10.27639882,56.5923322]]],[[[10.27760818,56.59321091],[10.27751361,56.59326049],[10.27749229,56.59339126],[10.27744341,56.59339059],[10.27760818,56.59321091]]],[[[10.27887443,56.59449416],[10.27892577,56.59451438],[10.2790055,56.59455579],[10.27907636,56.59461383],[10.27887443,56.59449416]]],[[[10.28259554,56.59786384],[10.28255579,56.59788276],[10.28252113,56.59790297],[10.28247525,56.59790946],[10.28259554,56.59786384]]],[[[10.28317675,56.59843252],[10.28323867,56.59850053],[10.28338632,56.59856558],[10.28342289,56.59871696],[10.28317675,56.59843252]]],[[[10.33818133,56.6046293],[10.33808084,56.60458401],[10.33785849,56.6045891],[10.33761003,56.60455637],[10.33818133,56.6046293]]],[[[10.32119526,56.60627424],[10.32119698,56.60629551],[10.32101389,56.60639908],[10.32075997,56.60647087],[10.32119526,56.60627424]]],[[[10.32440142,56.60902487],[10.32570324,56.61034626],[10.32045751,56.60944236],[10.32344055,56.60859842],[10.32440142,56.60902487]]],[[[10.33136029,56.61435642],[10.33130413,56.61442279],[10.33122881,56.6144263],[10.33122399,56.61438672],[10.33136029,56.61435642]]],[[[10.33156364,56.61447177],[10.33146523,56.61452754],[10.33135448,56.61453376],[10.33134836,56.61446177],[10.33156364,56.61447177]]],[[[10.33170232,56.61446714],[10.33170117,56.61453185],[10.33162048,56.61455409],[10.33157552,56.61454065],[10.33170232,56.61446714]]],[[[10.32791572,56.61447805],[10.32043931,56.61380881],[10.32390754,56.61190586],[10.32821627,56.61424806],[10.32791572,56.61447805]]],[[[10.32876215,56.61334328],[10.3293752,56.61345138],[10.32950832,56.61348357],[10.32959564,56.61354337],[10.32876215,56.61334328]]],[[[10.31569652,56.61487615],[10.31605642,56.61500541],[10.31617935,56.61511032],[10.31618373,56.61516148],[10.31569652,56.61487615]]],[[[10.31680366,56.61527056],[10.31685363,56.61532511],[10.31685373,56.61536087],[10.31674237,56.61536376],[10.31680366,56.61527056]]],[[[10.31756553,56.61588516],[10.31773802,56.61597641],[10.3177199,56.61603645],[10.3176153,56.61599946],[10.31756553,56.61588516]]],[[[10.3361401,56.62047303],[10.33629859,56.62057196],[10.33637562,56.62057967],[10.33641358,56.62063003],[10.3361401,56.62047303]]],[[[10.33673093,56.62069554],[10.33690178,56.62077987],[10.33698698,56.62084319],[10.3369267,56.62086702],[10.33673093,56.62069554]]],[[[10.35374966,56.63331736],[10.35378463,56.63339694],[10.35387168,56.6334376],[10.35395689,56.63348169],[10.35374966,56.63331736]]],[[[10.35487274,56.65250473],[10.35497455,56.65255546],[10.35503508,56.65261501],[10.35504126,56.65269625],[10.35487274,56.65250473]]],[[[10.22786202,56.70649366],[10.22781473,56.70652135],[10.22778664,56.70654148],[10.22776841,56.70654849],[10.22786202,56.70649366]]],[[[10.22850945,56.7070729],[10.22846288,56.70707238],[10.22837291,56.70707344],[10.22825844,56.70706469],[10.22850945,56.7070729]]],[[[10.2279876,56.70720482],[10.22799522,56.70723826],[10.2279864,56.70726836],[10.2280201,56.70730486],[10.2279876,56.70720482]]],[[[10.22656849,56.70747289],[10.22657989,56.70751204],[10.22656427,56.70753897],[10.22647511,56.70756994],[10.22656849,56.70747289]]],[[[10.22835197,56.70749881],[10.22838677,56.70750889],[10.22842812,56.70750947],[10.22845531,56.7075269],[10.22835197,56.70749881]]],[[[10.23238163,56.70771751],[10.23239875,56.70773153],[10.2323961,56.70775528],[10.23236663,56.70777821],[10.23238163,56.70771751]]],[[[10.22870609,56.70787366],[10.22865857,56.70787943],[10.22863421,56.70786871],[10.22860447,56.70784825],[10.22870609,56.70787366]]],[[[10.22749439,56.70762954],[10.22752845,56.70764187],[10.2275998,56.70772104],[10.22762751,56.70779463],[10.22749439,56.70762954]]],[[[10.22599727,56.70793547],[10.22598191,56.70796033],[10.22598437,56.70799598],[10.22596939,56.70802766],[10.22599727,56.70793547]]],[[[10.22924015,56.70812122],[10.22916306,56.7081767],[10.2290935,56.70818251],[10.22904489,56.70814453],[10.22924015,56.70812122]]],[[[10.22441249,56.70809841],[10.22450987,56.70816942],[10.22450397,56.70818906],[10.22448106,56.70820789],[10.22441249,56.70809841]]],[[[10.22644872,56.70765259],[10.22647556,56.70767425],[10.22648552,56.70773938],[10.22653029,56.70779483],[10.22644872,56.70765259]]],[[[10.22832486,56.70837607],[10.22822718,56.7083163],[10.22811963,56.70829418],[10.2280705,56.70826016],[10.22832486,56.70837607]]],[[[10.22608398,56.70853228],[10.22609658,56.70853791],[10.22611253,56.70854602],[10.22611222,56.70855671],[10.22608398,56.70853228]]],[[[10.22798994,56.70881594],[10.22791576,56.70883572],[10.2279257,56.70885],[10.22781342,56.7088582],[10.22798994,56.70881594]]],[[[10.22878576,56.70914511],[10.22882152,56.70917998],[10.22880056,56.70920328],[10.22877576,56.70921934],[10.22878576,56.70914511]]],[[[10.22879223,56.70933382],[10.22882437,56.7093574],[10.22881263,56.70937324],[10.22877707,56.70937988],[10.22879223,56.70933382]]],[[[10.22625532,56.709089],[10.226639,56.70923329],[10.22665285,56.7092522],[10.22663821,56.70926915],[10.22625532,56.709089]]],[[[10.22841331,56.70940593],[10.22839002,56.70942835],[10.22835074,56.70943611],[10.22790668,56.70938424],[10.22841331,56.70940593]]],[[[10.23034844,56.70922044],[10.23038897,56.70923091],[10.23045786,56.70926446],[10.23052715,56.70930529],[10.23034844,56.70922044]]],[[[10.22874052,56.70943118],[10.22877853,56.70945453],[10.22877681,56.70949704],[10.22875733,56.70952096],[10.22874052,56.70943118]]],[[[10.2297856,56.70937847],[10.22984435,56.70942146],[10.22995203,56.70944753],[10.22999036,56.70947564],[10.2297856,56.70937847]]],[[[10.22464392,56.7095654],[10.22465839,56.70959851],[10.22467498,56.70966654],[10.22465874,56.70966445],[10.22464392,56.7095654]]],[[[10.22454901,56.70963588],[10.22456158,56.7096557],[10.22452215,56.70969391],[10.22447501,56.70969608],[10.22454901,56.70963588]]],[[[10.22963339,56.70956487],[10.22968798,56.70960585],[10.22970495,56.70963533],[10.22969581,56.7096604],[10.22963339,56.70956487]]],[[[10.23063547,56.70962084],[10.2307212,56.70962502],[10.23077426,56.70965397],[10.23080453,56.70969554],[10.23063547,56.70962084]]],[[[10.22633565,56.70964517],[10.22632633,56.70968489],[10.22639659,56.70971061],[10.22639395,56.70973472],[10.22633565,56.70964517]]],[[[10.22488477,56.70978837],[10.22502816,56.70982731],[10.22535896,56.70989252],[10.22541125,56.70991788],[10.22488477,56.70978837]]],[[[10.22704286,56.70997199],[10.22706064,56.70998619],[10.22705304,56.7100187],[10.22702324,56.71003166],[10.22704286,56.70997199]]],[[[10.22546944,56.71004974],[10.22548807,56.71007004],[10.22548337,56.71008635],[10.2254119,56.71008876],[10.22546944,56.71004974]]],[[[10.22475633,56.71005352],[10.22492727,56.71009074],[10.22532835,56.71014673],[10.22559541,56.71015075],[10.22475633,56.71005352]]],[[[10.23512991,56.71026173],[10.22953383,56.70912192],[10.22842282,56.70577789],[10.22609017,56.70738658],[10.2299353,56.70523988],[10.23985928,56.70729732],[10.23011629,56.707538],[10.23720045,56.70919914],[10.23549738,56.71017417],[10.23512991,56.71026173]]],[[[10.22404957,56.71042389],[10.2240666,56.71044035],[10.22404429,56.71051802],[10.22399809,56.71053913],[10.22404957,56.71042389]]],[[[10.23293836,56.71048505],[10.23267249,56.7104928],[10.23251398,56.71048125],[10.23240145,56.71046224],[10.23293836,56.71048505]]],[[[10.22768777,56.71137013],[10.22762603,56.71141063],[10.22758242,56.71142607],[10.22753847,56.71142075],[10.22768777,56.71137013]]],[[[10.22521277,56.71214939],[10.22268874,56.71153635],[10.22722751,56.71112768],[10.22561679,56.71208926],[10.22521277,56.71214939]]],[[[10.22433949,56.71423946],[10.22443042,56.71427262],[10.22451687,56.71430349],[10.22459631,56.71431969],[10.22433949,56.71423946]]]]}},{"type":"Feature","properties":{"kode":"0740","navn":"Silkeborg"},"geometry":{"type":"MultiPolygon","coordinates":[[[[9.45293192,56.36313014],[9.43831866,56.36954522],[9.43251133,56.36349389],[9.4226325,56.36226653],[9.40366481,56.34964092],[9.36933709,56.36084552],[9.36597856,56.35725341],[9.37031781,56.3508008],[9.37851684,56.34671593],[9.37173967,56.34875859],[9.37530322,56.3448094],[9.33904185,56.3414368],[9.32645402,56.34358743],[9.31660741,56.33958568],[9.30791296,56.33272384],[9.29841598,56.33103633],[9.30652933,56.32872781],[9.30837569,56.32484309],[9.29395239,56.31753015],[9.29754112,56.3122147],[9.27759117,56.30704045],[9.25620869,56.2899158],[9.26189423,56.28394777],[9.25249289,56.27950395],[9.2489972,56.28303001],[9.2385051,56.28454345],[9.23095928,56.28196723],[9.24955168,56.27308001],[9.23108278,56.27231587],[9.23201377,56.2702209],[9.22253273,56.25759879],[9.22473984,56.24317703],[9.22224164,56.23390726],[9.23242384,56.22575207],[9.27973044,56.20515159],[9.28137079,56.20764435],[9.31721608,56.20535853],[9.3267411,56.20946706],[9.3256698,56.20137844],[9.32197868,56.19986412],[9.32979284,56.19648451],[9.35127746,56.1932462],[9.34972774,56.19037853],[9.35555502,56.19029758],[9.35648948,56.19370909],[9.3662369,56.1933143],[9.36808961,56.18727339],[9.3584401,56.1815675],[9.36338416,56.18138155],[9.37194327,56.17344466],[9.39103061,56.17295081],[9.3865477,56.16182972],[9.38632771,56.15167031],[9.39326724,56.14511764],[9.42264473,56.13674357],[9.40364564,56.12899855],[9.40928429,56.1228394],[9.40701125,56.11983366],[9.41120946,56.10491898],[9.41492973,56.0984978],[9.42028157,56.09808437],[9.4188687,56.09485119],[9.40293256,56.09408623],[9.39803888,56.09207044],[9.39734751,56.08775156],[9.38174212,56.08833773],[9.34572244,56.09821523],[9.33273006,56.09647254],[9.31776141,56.10002612],[9.31898859,56.08728638],[9.31675146,56.08119716],[9.30812988,56.07614638],[9.34794888,56.05389862],[9.35114447,56.04662237],[9.3503586,56.03589883],[9.34522432,56.02709815],[9.38405723,56.02512699],[9.38786971,56.02210132],[9.40438606,56.02921112],[9.41821886,56.02865053],[9.43111421,56.01648465],[9.43598659,56.00478888],[9.46234114,55.99398209],[9.47878035,55.99815034],[9.48980813,55.99526254],[9.49811236,56.00030306],[9.50310958,56.00817499],[9.51237392,56.00591664],[9.52592615,56.00807837],[9.53969289,56.00272687],[9.54273884,56.00907871],[9.5379718,56.01388577],[9.56808234,56.0099977],[9.58231235,56.0024153],[9.59201588,56.01080334],[9.6042107,56.00999835],[9.6051502,56.02075889],[9.60193294,56.02508865],[9.60370399,56.03174369],[9.60858467,56.03380516],[9.58917071,56.04840101],[9.58251029,56.04782757],[9.57971166,56.05163271],[9.58312835,56.05358353],[9.58052459,56.06263402],[9.60634939,56.07007105],[9.64049187,56.06458873],[9.6439892,56.0814689],[9.63571836,56.08911228],[9.63314467,56.10617474],[9.64758256,56.11989518],[9.65212943,56.12167616],[9.6961982,56.11382024],[9.72791469,56.12656617],[9.73179508,56.13279548],[9.75130583,56.13802601],[9.74609036,56.15083171],[9.75210064,56.15149476],[9.74886939,56.15792555],[9.74575101,56.15868467],[9.75231421,56.16008547],[9.75423094,56.15786177],[9.78029779,56.16396513],[9.81568579,56.16454111],[9.84151374,56.17097605],[9.85938012,56.1700505],[9.85766492,56.17185781],[9.86109461,56.17632166],[9.85880365,56.1893839],[9.83720061,56.19283018],[9.80539733,56.188679],[9.79116848,56.19145],[9.78974989,56.19537733],[9.78261171,56.19675626],[9.77807065,56.19683954],[9.77300336,56.19134412],[9.75892694,56.19775762],[9.77151069,56.20297064],[9.76802645,56.21192525],[9.78311157,56.21517451],[9.7765384,56.22003251],[9.78497728,56.22666862],[9.78690005,56.23394166],[9.78030822,56.23920544],[9.769552,56.23745201],[9.79181256,56.24885197],[9.78489543,56.2494796],[9.78424174,56.25443308],[9.77068093,56.26264741],[9.75843028,56.26010039],[9.75462276,56.26319154],[9.75726755,56.26772146],[9.78082327,56.27112703],[9.77465658,56.28174328],[9.77659661,56.29244465],[9.76527259,56.28912292],[9.75216625,56.29077341],[9.75001555,56.2955741],[9.72580727,56.29324976],[9.71481573,56.2995016],[9.69863565,56.30241576],[9.67918767,56.29962275],[9.67584044,56.3103922],[9.65581777,56.31583422],[9.60601224,56.30702357],[9.59774206,56.31480082],[9.58520703,56.31973799],[9.57044864,56.31644467],[9.55668982,56.31753663],[9.54714846,56.31321206],[9.52579539,56.31652812],[9.51316903,56.31557838],[9.51315752,56.31097111],[9.50400726,56.3093724],[9.48909074,56.31317689],[9.48071258,56.32136545],[9.48117315,56.32497233],[9.47209839,56.32387562],[9.46884628,56.32696924],[9.46073178,56.34208961],[9.48145454,56.34690267],[9.48093506,56.3525637],[9.45357796,56.36284854],[9.45293192,56.36313014]]]]}},{"type":"Feature","properties":{"kode":"0741","navn":"Samsø"},"geometry":{"type":"MultiPolygon","coordinates":[[[[10.65582376,55.90445997],[10.65583667,55.90444776],[10.65585214,55.90443919],[10.65586585,55.90442301],[10.65582376,55.90445997]]],[[[10.64067411,55.89629719],[10.64074359,55.89630246],[10.64083114,55.89632673],[10.64093141,55.89634938],[10.64067411,55.89629719]]],[[[10.61537208,55.90711109],[10.61785639,55.90534356],[10.6201573,55.90791092],[10.61537607,55.90726848],[10.61537208,55.90711109]]],[[[10.63967948,55.89588412],[10.63972637,55.89588871],[10.63976771,55.89590182],[10.63978259,55.89592858],[10.63967948,55.89588412]]],[[[10.63014547,55.90018061],[10.63018891,55.90020574],[10.63008838,55.90026872],[10.63003507,55.90029441],[10.63014547,55.90018061]]],[[[10.65668548,55.90481952],[10.65669824,55.90480722],[10.6567115,55.90480309],[10.6567406,55.9047991],[10.65668548,55.90481952]]],[[[10.64205413,55.89716647],[10.64200134,55.897151],[10.64196406,55.89712786],[10.6419451,55.89710313],[10.64205413,55.89716647]]],[[[10.64017923,55.89616728],[10.64022215,55.89613831],[10.64027046,55.89612337],[10.64030848,55.89613383],[10.64017923,55.89616728]]],[[[10.66975224,55.90859384],[10.6697845,55.9086112],[10.66982194,55.90862606],[10.66984063,55.9086365],[10.66975224,55.90859384]]],[[[10.67108695,55.90905732],[10.67106826,55.90907663],[10.67106672,55.90910406],[10.67107658,55.90912864],[10.67108695,55.90905732]]],[[[10.67582819,55.91137081],[10.67586101,55.91135661],[10.67589814,55.91134568],[10.67594622,55.91134],[10.67582819,55.91137081]]],[[[10.6677483,55.91273205],[10.66774089,55.91277178],[10.66774626,55.91279615],[10.66774239,55.9128291],[10.6677483,55.91273205]]],[[[10.67314823,55.91448045],[10.67314539,55.91449622],[10.67311302,55.91450636],[10.67307489,55.91450895],[10.67314823,55.91448045]]],[[[10.66983183,55.91389219],[10.66983046,55.91391261],[10.6697987,55.91392921],[10.66976253,55.91393276],[10.66983183,55.91389219]]],[[[10.66703826,55.91390038],[10.66705096,55.91390902],[10.66705224,55.91392392],[10.6670437,55.91395629],[10.66703826,55.91390038]]],[[[10.6435161,55.87917446],[10.64353056,55.87916474],[10.64357643,55.87915685],[10.64360907,55.87916144],[10.6435161,55.87917446]]],[[[10.64410496,55.87477408],[10.6441427,55.87477448],[10.64417043,55.87478381],[10.64420849,55.87480676],[10.64410496,55.87477408]]],[[[10.6448466,55.87498839],[10.64486533,55.87498886],[10.64488214,55.87499717],[10.64489228,55.87501015],[10.6448466,55.87498839]]],[[[10.66373659,55.88561124],[10.66373783,55.88560295],[10.6638444,55.88553007],[10.66405244,55.88544845],[10.66373659,55.88561124]]],[[[10.67469482,55.88483179],[10.67463179,55.88483103],[10.67461048,55.88481155],[10.67461086,55.88478683],[10.67469482,55.88483179]]],[[[10.63497275,55.9131589],[10.63497656,55.91315058],[10.63499272,55.9131314],[10.63501348,55.9131154],[10.63497275,55.9131589]]],[[[10.63501159,55.91355702],[10.63499033,55.91351174],[10.63498074,55.91344375],[10.63498437,55.91338924],[10.63501159,55.91355702]]],[[[10.65503761,55.88401729],[10.65492461,55.88653539],[10.64885412,55.88570454],[10.6549702,55.8839925],[10.65503761,55.88401729]]],[[[10.65694202,55.88772862],[10.65698149,55.88776556],[10.65704691,55.88785248],[10.6570681,55.88792552],[10.65694202,55.88772862]]],[[[10.66031086,55.88953472],[10.66034186,55.88953421],[10.66038733,55.88961034],[10.66042112,55.88973129],[10.66031086,55.88953472]]],[[[10.65398013,55.9050881],[10.65389401,55.90507929],[10.65385827,55.90505901],[10.65384574,55.90502395],[10.65398013,55.9050881]]],[[[10.65221497,55.90833049],[10.65223041,55.9082645],[10.65224749,55.9082374],[10.65228289,55.90822704],[10.65221497,55.90833049]]],[[[10.64614738,55.89257247],[10.64617459,55.89255027],[10.64623272,55.89256729],[10.64630891,55.89261048],[10.64614738,55.89257247]]],[[[10.63959425,55.89546738],[10.63963026,55.89543761],[10.63971845,55.8954279],[10.63980059,55.89542635],[10.63959425,55.89546738]]],[[[10.65732782,55.90539078],[10.6573423,55.90537018],[10.65736877,55.90536443],[10.65739988,55.90536258],[10.65732782,55.90539078]]],[[[10.64290046,55.89359267],[10.64291438,55.89359294],[10.64292866,55.89359787],[10.64292774,55.89360624],[10.64290046,55.89359267]]],[[[10.65475319,55.9046053],[10.65480009,55.90459092],[10.65481503,55.90459243],[10.65483864,55.90459849],[10.65475319,55.9046053]]],[[[10.6587759,55.90514733],[10.65878779,55.90512606],[10.65880535,55.9051065],[10.65882823,55.90509145],[10.6587759,55.90514733]]],[[[10.67832294,55.91080546],[10.6783648,55.91077074],[10.67840717,55.9107441],[10.67846111,55.91072989],[10.67832294,55.91080546]]],[[[10.66356867,55.90706384],[10.66352202,55.90705045],[10.66349313,55.90702217],[10.66345889,55.90698453],[10.66356867,55.90706384]]],[[[10.66533611,55.90709323],[10.66532695,55.90711088],[10.66530677,55.90712149],[10.66527736,55.90712593],[10.66533611,55.90709323]]],[[[10.66508959,55.90756],[10.66509188,55.90757237],[10.66508045,55.90758196],[10.66506084,55.90758726],[10.66508959,55.90756]]],[[[10.66772859,55.90798314],[10.66772658,55.90793644],[10.66770749,55.90789796],[10.66766659,55.90787308],[10.66772859,55.90798314]]],[[[10.56182643,55.86475368],[10.55034923,55.86369957],[10.5487048,55.86562466],[10.52949013,55.85087522],[10.52541423,55.8235797],[10.530576,55.79712358],[10.52926807,55.79486135],[10.52732136,55.79654076],[10.52943208,55.79123581],[10.53764794,55.77818241],[10.55074862,55.76928764],[10.57977571,55.77004702],[10.62047651,55.76443617],[10.62601065,55.77662269],[10.63587862,55.78445308],[10.64295506,55.79701922],[10.64371745,55.80646239],[10.64846912,55.80785344],[10.64547771,55.80695189],[10.6466104,55.80908902],[10.64021758,55.8132629],[10.6419899,55.81722731],[10.63764865,55.81617481],[10.64123462,55.81681026],[10.63734482,55.82053914],[10.63942688,55.83349356],[10.64710941,55.84736447],[10.65852561,55.85955521],[10.67958303,55.87109161],[10.67685364,55.87463484],[10.67747655,55.88067996],[10.68887882,55.89436325],[10.68893928,55.90268153],[10.68179879,55.90947692],[10.67801818,55.92225841],[10.67469461,55.92474573],[10.67181788,55.91945052],[10.67682606,55.91916847],[10.6735213,55.91766882],[10.67722621,55.91757681],[10.68066532,55.9101627],[10.67824815,55.90907056],[10.6881669,55.90178861],[10.68767754,55.89383531],[10.67790877,55.88372042],[10.66773316,55.88252978],[10.66170029,55.87853041],[10.64402815,55.87425003],[10.64120748,55.87798831],[10.64108088,55.87558647],[10.63269182,55.87807415],[10.62568626,55.88522988],[10.62609787,55.88812185],[10.63041241,55.88956885],[10.61784882,55.89191318],[10.61546284,55.90085194],[10.60993888,55.90769429],[10.61228893,55.91132388],[10.61941841,55.91199624],[10.61771438,55.91308667],[10.62318559,55.91378428],[10.62595615,55.91084179],[10.63016265,55.91391651],[10.62642821,55.91599493],[10.62868766,55.9185598],[10.63406472,55.91770766],[10.63566337,55.91369942],[10.63824985,55.91557268],[10.64198875,55.91074642],[10.64427088,55.91103265],[10.63908503,55.91736757],[10.65259977,55.91395004],[10.652434,55.91654539],[10.63117844,55.92451745],[10.60667215,55.92862354],[10.58216724,55.94632638],[10.57150154,55.96116892],[10.56191875,56.00236352],[10.54564152,55.99496238],[10.52259785,55.97939592],[10.52015812,55.9729808],[10.52908995,55.94298815],[10.53578565,55.93663831],[10.5567114,55.93829899],[10.57252798,55.93333591],[10.59036989,55.92285524],[10.59953604,55.91105435],[10.60033029,55.90325203],[10.58832848,55.87405259],[10.57709758,55.86528961],[10.56212726,55.86484709],[10.56182643,55.86475368]]],[[[10.61756922,55.90373292],[10.61844093,55.90038903],[10.62376241,55.90265247],[10.61761104,55.90372312],[10.61756922,55.90373292]]],[[[10.64860822,55.90608988],[10.64855917,55.90609899],[10.64851466,55.90609428],[10.64847936,55.90608415],[10.64860822,55.90608988]]],[[[10.64651266,55.89190088],[10.64653329,55.89189342],[10.64656159,55.89188558],[10.64659415,55.89188793],[10.64651266,55.89190088]]],[[[10.65772621,55.90515958],[10.65774315,55.90514812],[10.65776589,55.90513353],[10.65781879,55.905125],[10.65772621,55.90515958]]],[[[10.65554731,55.90528568],[10.65557084,55.90525203],[10.65560139,55.9052331],[10.65563258,55.90522936],[10.65554731,55.90528568]]],[[[10.6456106,55.89255907],[10.64564127,55.8925468],[10.6456787,55.89254342],[10.64575149,55.89256285],[10.6456106,55.89255907]]],[[[10.65746052,55.90501021],[10.65746545,55.90499837],[10.65747765,55.90499174],[10.65749761,55.90499093],[10.65746052,55.90501021]]],[[[10.63988886,55.89533118],[10.63991325,55.89533696],[10.6399324,55.89535504],[10.63993858,55.89539908],[10.63988886,55.89533118]]],[[[10.63275127,55.89860904],[10.63277686,55.89858255],[10.63282069,55.89852545],[10.63288187,55.89847027],[10.63275127,55.89860904]]],[[[10.63961944,55.89450253],[10.63971987,55.89450236],[10.63978106,55.89450469],[10.6398189,55.89451839],[10.63961944,55.89450253]]],[[[10.66146654,55.90571001],[10.66143845,55.90569637],[10.66140536,55.90567839],[10.66140682,55.90565626],[10.66146654,55.90571001]]],[[[10.63293825,55.89811438],[10.6309328,55.89968249],[10.62881773,55.89705158],[10.63357742,55.89046984],[10.64689601,55.88989707],[10.63771096,55.89619402],[10.63277599,55.89475443],[10.63293837,55.8980982],[10.63293825,55.89811438]]],[[[10.65388178,55.90469052],[10.65387539,55.90467937],[10.65388126,55.90465583],[10.65392181,55.90465017],[10.65388178,55.90469052]]],[[[10.65714038,55.90519326],[10.65714979,55.90518127],[10.65716594,55.90517351],[10.65719059,55.90517012],[10.65714038,55.90519326]]],[[[10.66811707,55.93396245],[10.66733088,55.9306499],[10.67416458,55.9294986],[10.67600721,55.93184615],[10.66838963,55.93406884],[10.66811707,55.93396245]]],[[[10.70116321,55.92883275],[10.68009099,55.92673967],[10.6939977,55.92615297],[10.71338718,55.93294791],[10.7014212,55.92889748],[10.70116321,55.92883275]]],[[[10.77621123,55.93587688],[10.77609783,55.93598069],[10.77606076,55.9360488],[10.77602502,55.93612157],[10.77621123,55.93587688]]],[[[10.75607101,55.94777238],[10.74273109,55.94868198],[10.75465526,55.94368954],[10.76754636,55.94423686],[10.76396466,55.94769385],[10.75632125,55.94778481],[10.75607101,55.94777238]]],[[[10.64974786,55.90239682],[10.65197109,55.8995617],[10.65871504,55.90437738],[10.65065223,55.90502034],[10.64978436,55.90241251],[10.64974786,55.90239682]]],[[[10.64841313,55.90104246],[10.64312912,55.90077646],[10.64185279,55.8975456],[10.64648268,55.8962298],[10.65180471,55.89962495],[10.6484225,55.9010258],[10.64841313,55.90104246]]],[[[10.64854224,55.90790181],[10.64865411,55.9080272],[10.64865722,55.90805906],[10.64859438,55.90813143],[10.64854224,55.90790181]]],[[[10.63171995,55.90903189],[10.63161503,55.90903274],[10.6315543,55.90905718],[10.6315223,55.90906461],[10.63171995,55.90903189]]],[[[10.65257583,55.89309096],[10.65270014,55.89308444],[10.65276188,55.8930961],[10.65280729,55.89312209],[10.65257583,55.89309096]]],[[[10.63104317,55.90044874],[10.63107836,55.90044495],[10.63110286,55.9004608],[10.63113631,55.90048804],[10.63104317,55.90044874]]],[[[10.6512706,55.90807877],[10.65126552,55.90809861],[10.65122889,55.90808355],[10.65125363,55.90805599],[10.6512706,55.90807877]]],[[[10.65985843,55.90547675],[10.65986294,55.9054624],[10.65987469,55.90545289],[10.65989467,55.90544508],[10.65985843,55.90547675]]],[[[10.64951649,55.90129099],[10.64953969,55.90125347],[10.64956303,55.90124193],[10.64959656,55.90124427],[10.64951649,55.90129099]]],[[[10.65858961,55.90461317],[10.65861256,55.90464872],[10.65865197,55.90466131],[10.65869986,55.90465141],[10.65858961,55.90461317]]],[[[10.64907069,55.90661326],[10.64891769,55.906642],[10.64876274,55.90666627],[10.6486761,55.90669062],[10.64907069,55.90661326]]]]}},{"type":"Feature","properties":{"kode":"0746","navn":"Skanderborg"},"geometry":{"type":"MultiPolygon","coordinates":[[[[9.94408452,56.21534897],[9.93593303,56.21465815],[9.93682618,56.21276209],[9.93209447,56.20929455],[9.89806444,56.21423812],[9.87999158,56.19873843],[9.85880365,56.1893839],[9.86109461,56.17632166],[9.85832789,56.16869019],[9.84151374,56.17097605],[9.81568579,56.16454111],[9.78029779,56.16396513],[9.75423094,56.15786177],[9.75231421,56.16008547],[9.74575101,56.15868467],[9.74886939,56.15792555],[9.75210064,56.15149476],[9.74609036,56.15083171],[9.75130583,56.13802601],[9.73179508,56.13279548],[9.72791469,56.12656617],[9.6961982,56.11382024],[9.65212943,56.12167616],[9.64798012,56.1201037],[9.63314467,56.10617474],[9.63571836,56.08911228],[9.6439892,56.0814689],[9.64049187,56.06458873],[9.70889742,56.05564789],[9.70438022,56.05241916],[9.70405686,56.04765089],[9.69931925,56.04737368],[9.70268758,56.04418747],[9.70094536,56.04136176],[9.70947298,56.0370015],[9.7075169,56.02917966],[9.70530674,56.02891952],[9.70577935,56.02309111],[9.71090763,56.02075023],[9.70636497,56.01780978],[9.70963802,56.01090978],[9.73592831,56.00963392],[9.74769171,56.01061516],[9.76519464,56.01701258],[9.77879444,56.01471548],[9.79264293,56.0188754],[9.79857538,56.01753841],[9.79944703,56.01324123],[9.81149331,56.00766035],[9.81067375,56.00202892],[9.79908044,55.99627503],[9.79702943,55.98887733],[9.7986117,55.98483153],[9.80882561,55.97916854],[9.80751764,55.97394155],[9.81992937,55.97319435],[9.83759205,55.9627837],[9.85391776,55.96060513],[9.85366999,55.95663342],[9.85721117,55.95499085],[9.87305717,55.95569306],[9.88099486,55.9677869],[9.89134227,55.96654863],[9.90216108,55.97107728],[9.90430009,55.96906361],[9.91493623,55.97098617],[9.93287981,55.96851943],[9.95287826,55.97012329],[9.95506724,55.9719056],[9.95389845,55.98058255],[9.96793574,55.99260465],[9.9785378,55.99000801],[9.98478016,55.98359517],[9.99595852,55.98113591],[9.99944137,55.98449228],[10.01362815,55.98127683],[10.02207619,55.98399869],[10.04072089,55.99650528],[10.03917162,55.99960792],[10.03086893,56.00030417],[10.02884767,56.00964402],[10.04794731,56.01257243],[10.04776603,56.01641724],[10.05855875,56.02644526],[10.05890553,56.03190384],[10.05090111,56.03632448],[10.0480345,56.04261019],[10.07089997,56.04711237],[10.07449757,56.0557039],[10.08314779,56.05854129],[10.08477128,56.06460641],[10.08956433,56.0640558],[10.09292179,56.07038944],[10.07625752,56.07723476],[10.07193692,56.08385444],[10.05976124,56.08644375],[10.06017201,56.0899191],[10.04224332,56.10429925],[10.02397636,56.10415356],[10.01934642,56.10121798],[10.01881821,56.1055796],[10.00970008,56.10807099],[10.00832395,56.11242438],[10.00031013,56.11366177],[9.98556772,56.1079429],[9.98010098,56.1107465],[9.98185206,56.11322996],[9.97464072,56.1155811],[9.97750212,56.12097705],[9.97392459,56.1279014],[9.95808976,56.13030405],[9.95514981,56.1406493],[9.94856446,56.14444632],[9.96438873,56.15203718],[9.97108289,56.15121088],[9.97450804,56.15939793],[9.95987639,56.17282315],[9.99677807,56.17917613],[9.99052391,56.18057139],[9.98881244,56.18339332],[9.99340565,56.18589688],[9.98240284,56.19409831],[9.98797149,56.1956737],[9.98841375,56.20345213],[9.99208784,56.20385615],[9.9895172,56.20691022],[9.98176597,56.20790429],[9.982771,56.21116987],[9.97080669,56.21495759],[9.96702541,56.21281734],[9.944215,56.21534394],[9.94408452,56.21534897]],[[9.68934836,56.05837913],[9.6899807,56.05843975],[9.69046811,56.0583513],[9.69028488,56.05817137],[9.68934836,56.05837913]]]]}},{"type":"Feature","properties":{"kode":"0751","navn":"Aarhus"},"geometry":{"type":"MultiPolygon","coordinates":[[[[10.22134352,56.32905633],[10.21212006,56.32945924],[10.19333827,56.32333483],[10.18799372,56.31845484],[10.19160635,56.31394721],[10.18857848,56.31008389],[10.16776009,56.29844551],[10.16228604,56.30157956],[10.16444172,56.30449424],[10.14995816,56.30877524],[10.13234336,56.30550896],[10.12733159,56.29628872],[10.12533053,56.28049811],[10.1297703,56.27884357],[10.13536868,56.26801998],[10.13252631,56.26188215],[10.12666066,56.26238018],[10.12403278,56.24911258],[10.12705188,56.24585951],[10.12205798,56.22911971],[10.12249553,56.22465402],[10.12852434,56.22101701],[10.1165182,56.21596759],[10.08350189,56.2228702],[10.07745438,56.2283526],[10.0726803,56.22770546],[10.07363306,56.22453161],[10.07113052,56.22323571],[10.06642313,56.22617663],[10.04643203,56.22468561],[10.04302536,56.22994061],[10.0283675,56.23179735],[10.02997223,56.22489346],[10.03368204,56.22233131],[10.02237974,56.22307971],[10.00264547,56.21675376],[10.00288904,56.21469401],[9.99722377,56.2154588],[9.99998059,56.20742457],[9.99091262,56.20556566],[9.98797149,56.1956737],[9.98240284,56.19409831],[9.99340565,56.18589688],[9.98881244,56.18339332],[9.99052391,56.18057139],[9.99684221,56.17871719],[9.98490416,56.17883749],[9.98069155,56.17483681],[9.97347256,56.17596139],[9.95987639,56.17282315],[9.97450401,56.15942339],[9.97254557,56.1525831],[9.96438875,56.15203719],[9.94856446,56.14444632],[9.95514981,56.1406493],[9.95808976,56.13030405],[9.97392459,56.1279014],[9.97750212,56.12097705],[9.97464072,56.1155811],[9.98185206,56.11322996],[9.98010098,56.1107465],[9.98944285,56.10820978],[9.99640212,56.11387099],[10.00700838,56.11278995],[10.00970008,56.10807099],[10.01910287,56.10539341],[10.01947734,56.10120181],[10.02397636,56.10415356],[10.04224332,56.10429925],[10.06017201,56.0899191],[10.05976124,56.08644375],[10.07193692,56.08385444],[10.07625752,56.07723476],[10.09278369,56.07078278],[10.08956433,56.0640558],[10.08477128,56.06460641],[10.08314779,56.05854129],[10.07449757,56.0557039],[10.07089997,56.04711237],[10.0480345,56.04261019],[10.05090111,56.03632448],[10.05890553,56.03190384],[10.05855875,56.02644526],[10.04776603,56.01641724],[10.04794731,56.01257243],[10.02884767,56.00964402],[10.03086893,56.00030417],[10.05220372,55.99573123],[10.06426938,56.00072202],[10.09208721,56.00441781],[10.09260373,56.00929795],[10.0989102,56.01196436],[10.10123204,56.00782243],[10.10963175,56.00978022],[10.10901507,56.00649471],[10.1138291,56.00459338],[10.13461274,56.00434901],[10.13947533,56.00167481],[10.14586619,56.01203872],[10.15073485,56.01413223],[10.15059779,56.0192987],[10.15757238,56.01835484],[10.15606319,56.02219811],[10.16265932,56.01581699],[10.16494017,56.01932996],[10.19061924,56.01866837],[10.19276754,56.01506638],[10.19318377,56.01909197],[10.19545463,56.01849876],[10.19590499,56.01376552],[10.19209946,56.01059448],[10.19774043,56.00592919],[10.20623967,56.01050731],[10.22704758,56.01219821],[10.24489903,56.02469878],[10.25501994,56.02642005],[10.25657309,56.0212193],[10.26806185,56.02470995],[10.26612225,56.02689633],[10.27129711,56.04797195],[10.26081987,56.05933456],[10.25308225,56.08112117],[10.24986799,56.08316159],[10.24872224,56.093112],[10.23917104,56.10059366],[10.23622999,56.10918478],[10.22773007,56.12008899],[10.21647089,56.12610765],[10.20934628,56.13569856],[10.21519562,56.13761196],[10.21280259,56.13742036],[10.21367152,56.13917038],[10.21915401,56.13918649],[10.21548924,56.13732405],[10.22726617,56.13929002],[10.25495171,56.15028385],[10.25673303,56.15394587],[10.24882442,56.15130764],[10.2504418,56.15394912],[10.24494712,56.15844101],[10.2309648,56.14901114],[10.23188933,56.14653747],[10.21932177,56.14164426],[10.22422873,56.15021104],[10.22708847,56.14960401],[10.23457702,56.15606387],[10.23131637,56.16111651],[10.23160601,56.15880561],[10.22598858,56.15534858],[10.22637898,56.15798078],[10.21384886,56.14547681],[10.21635547,56.14819328],[10.21380333,56.14886326],[10.22278419,56.15651879],[10.21471032,56.1520495],[10.21411666,56.15797255],[10.22027407,56.15824868],[10.21644907,56.16012311],[10.21802701,56.16109355],[10.22189048,56.15929902],[10.22604103,56.16143357],[10.22226722,56.16332376],[10.2241393,56.16438421],[10.22917769,56.16174288],[10.22916623,56.16466112],[10.23249348,56.165673],[10.22584471,56.16961195],[10.2180769,56.16347349],[10.24229153,56.18668236],[10.26125414,56.19555423],[10.28076046,56.20004435],[10.28549777,56.20624552],[10.29300909,56.2091779],[10.28640679,56.20900234],[10.30457083,56.22499149],[10.33913919,56.23603052],[10.34421673,56.24313271],[10.339268,56.24164913],[10.33862672,56.24595007],[10.3435025,56.24301279],[10.34341615,56.24549616],[10.34757823,56.24610945],[10.34275605,56.24963037],[10.34814603,56.24629026],[10.35297228,56.24786127],[10.34660218,56.25197082],[10.34691151,56.25725364],[10.34397374,56.26043455],[10.34558546,56.26275839],[10.3618548,56.27198452],[10.37598644,56.26980031],[10.38914947,56.27838132],[10.38206882,56.28573507],[10.38300262,56.28383445],[10.36804178,56.28755155],[10.33440941,56.28689567],[10.32992106,56.29128214],[10.31705984,56.2934849],[10.31719181,56.29735882],[10.28306254,56.28944186],[10.27903631,56.28437496],[10.26055019,56.28003439],[10.25943583,56.28488408],[10.26585991,56.29082178],[10.27625374,56.31562906],[10.25699699,56.31503211],[10.23422993,56.31836914],[10.22735134,56.32641164],[10.22336745,56.32581668],[10.22138412,56.32885386],[10.22134352,56.32905633]]],[[[10.21520625,56.13876999],[10.21517991,56.13877187],[10.21515679,56.13877353],[10.2150854,56.13878044],[10.21520625,56.13876999]]],[[[10.22306164,56.14757574],[10.22295621,56.14761632],[10.22289578,56.14756866],[10.22288078,56.14755749],[10.22306164,56.14757574]]],[[[10.22405303,56.14809211],[10.22397765,56.14812117],[10.22395621,56.14813036],[10.22394571,56.14813415],[10.22405303,56.14809211]]],[[[10.22454325,56.14849915],[10.2244596,56.14851625],[10.2244263,56.14852188],[10.22439791,56.14849987],[10.22454325,56.14849915]]],[[[10.22481838,56.14871792],[10.22470652,56.14875883],[10.22456553,56.14864306],[10.22457698,56.14863881],[10.22481838,56.14871792]]],[[[10.22504512,56.14948977],[10.22497412,56.14942884],[10.22508201,56.14938931],[10.22505421,56.14936577],[10.22504512,56.14948977]]],[[[10.22819132,56.15773365],[10.22820826,56.15773968],[10.22821854,56.15774929],[10.22822195,56.1577603],[10.22819132,56.15773365]]],[[[10.29193303,56.2093879],[10.29199184,56.20941074],[10.29212382,56.20957649],[10.29219965,56.20976026],[10.29193303,56.2093879]]],[[[10.34001823,56.24297662],[10.34018781,56.24301755],[10.34022117,56.24302564],[10.34027601,56.24303888],[10.34001823,56.24297662]]]]}},{"type":"Feature","properties":{"kode":"0756","navn":"Ikast-Brande"},"geometry":{"type":"MultiPolygon","coordinates":[[[[9.19716007,56.27454628],[9.19452977,56.27603999],[9.18683154,56.26834336],[9.1093299,56.26723069],[9.15608023,56.23649812],[9.14287408,56.23207217],[9.14956169,56.20887726],[9.10668651,56.20882581],[9.07082506,56.17476201],[9.11331741,56.15973381],[9.10879003,56.14288729],[9.10436656,56.14215615],[9.10380139,56.13905689],[9.10593802,56.13910521],[9.1058983,56.13589266],[9.10936304,56.1361732],[9.10753495,56.13160471],[9.11780029,56.12602075],[9.11043146,56.12292593],[9.10821899,56.11376718],[9.10151137,56.10368745],[9.1098568,56.09573792],[9.10871361,56.09372912],[9.11987628,56.09613553],[9.14024974,56.06743232],[9.15575896,56.06803179],[9.17818235,56.06360023],[9.16662438,56.05808978],[9.15506968,56.05805416],[9.15270366,56.05503873],[9.18784721,56.05113052],[9.18221375,56.04833155],[9.16653225,56.02351287],[9.12508173,56.02507429],[9.12846606,56.0060666],[9.13217776,56.000963],[9.11485871,55.99775475],[9.11181141,55.99267665],[9.10628661,55.99095633],[9.08956942,55.9913202],[9.08597746,55.98696748],[9.04690087,55.98284808],[9.01653246,55.99223736],[9.00936978,55.9929047],[9.00475642,55.98922365],[8.98598568,55.9925729],[8.98245144,55.98319781],[8.98818811,55.97801757],[8.99232227,55.97437925],[9.01275778,55.96859511],[8.99799689,55.94707441],[8.99988416,55.91752783],[8.99498682,55.9084458],[8.96555134,55.88487129],[8.96754414,55.86521614],[8.95779038,55.84541178],[8.95930417,55.8417715],[8.96186184,55.84344042],[8.97408237,55.83922667],[8.99236175,55.83895988],[8.99986733,55.8339206],[9.00139224,55.83526675],[9.00145296,55.83222113],[9.00953652,55.83065851],[9.01474947,55.83573517],[9.02071797,55.83392092],[9.03007112,55.84063964],[9.04629518,55.83645389],[9.05881588,55.85066479],[9.07092952,55.84445226],[9.07745459,55.85831999],[9.09730504,55.87720327],[9.1176412,55.86926907],[9.13506991,55.88219077],[9.14997574,55.88359388],[9.16043423,55.89569318],[9.16875609,55.8969919],[9.17923095,55.90656269],[9.17734672,55.90944334],[9.19590782,55.91686251],[9.19354899,55.92459907],[9.19699628,55.93367841],[9.2046463,55.93559512],[9.20997785,55.94441136],[9.21488322,55.94329774],[9.21829392,55.95456573],[9.22729035,55.95660057],[9.24052642,55.95261512],[9.25749772,55.95346801],[9.27609705,55.94374258],[9.28074642,55.93829952],[9.29488103,55.93540161],[9.30868033,55.93796289],[9.31859815,55.93363244],[9.33547655,55.93138341],[9.3504208,55.93807768],[9.38701156,55.92414817],[9.39868236,55.92221644],[9.41047046,55.91468609],[9.43510966,55.90988709],[9.50218789,55.90689129],[9.50969099,55.90559741],[9.51731127,55.89970988],[9.52097578,55.900767],[9.5234923,55.90665603],[9.53359629,55.90640252],[9.53256735,55.90932428],[9.54018808,55.91145609],[9.54008946,55.90575314],[9.55838178,55.90542762],[9.55910842,55.91648811],[9.53469821,55.91945648],[9.52365106,55.92490683],[9.5249693,55.92924394],[9.51336865,55.93354479],[9.51195367,55.94280702],[9.51771775,55.94380114],[9.51020805,55.94575474],[9.50984436,55.95582833],[9.50503642,55.96059075],[9.50327562,55.97160401],[9.49213404,55.97585061],[9.46031534,55.99613701],[9.43598659,56.00478888],[9.43111421,56.01648465],[9.42105382,56.02780699],[9.40438606,56.02921112],[9.38786971,56.02210132],[9.38405723,56.02512699],[9.34718742,56.02619927],[9.34522432,56.02709815],[9.35034451,56.03583121],[9.35114447,56.04662237],[9.34787446,56.05399613],[9.30812988,56.07614638],[9.31675146,56.08119716],[9.31898859,56.08728638],[9.31776141,56.10002612],[9.33273006,56.09647254],[9.34572244,56.09821523],[9.38174212,56.08833773],[9.39734751,56.08775156],[9.39803888,56.09207044],[9.40293256,56.09408623],[9.41897255,56.09492667],[9.42028157,56.09808437],[9.41492973,56.0984978],[9.41120946,56.10491898],[9.40701125,56.11983366],[9.40928429,56.1228394],[9.40364564,56.12899855],[9.42264473,56.13674357],[9.39326724,56.14511764],[9.38632771,56.15167031],[9.3865477,56.16182972],[9.39103061,56.17295081],[9.37194327,56.17344466],[9.36338416,56.18138155],[9.3584401,56.1815675],[9.36808961,56.18727339],[9.3662369,56.1933143],[9.35648948,56.19370909],[9.35555502,56.19029758],[9.34972774,56.19037853],[9.35127746,56.1932462],[9.34557352,56.19265032],[9.32197868,56.19986412],[9.3256698,56.20137844],[9.3267411,56.20946706],[9.31721608,56.20535853],[9.28137079,56.20764435],[9.27973044,56.20515159],[9.23242384,56.22575207],[9.22783247,56.22509457],[9.2242846,56.21914621],[9.2128274,56.22086329],[9.2140785,56.22292562],[9.21037962,56.22430563],[9.21258703,56.2253908],[9.20972909,56.22585137],[9.21004516,56.22891047],[9.20649495,56.22849758],[9.20363878,56.23089878],[9.20524894,56.23196143],[9.19589193,56.23634186],[9.19395839,56.24169354],[9.19023866,56.24211243],[9.19221595,56.24593717],[9.19055427,56.25000977],[9.19724472,56.25264714],[9.19519183,56.26175807],[9.20212068,56.26617006],[9.19772956,56.26911753],[9.1999666,56.26932705],[9.19787422,56.27039805],[9.20005177,56.27333412],[9.19721236,56.27454009],[9.19716007,56.27454628]]]]}},{"type":"Feature","properties":{"kode":"0760","navn":"Ringkøbing-Skjern"},"geometry":{"type":"MultiPolygon","coordinates":[[[[8.63555991,56.13025268],[8.63269316,56.13712126],[8.62453203,56.14503679],[8.57882047,56.15000838],[8.58275267,56.15614415],[8.59204529,56.15498091],[8.58573184,56.15741204],[8.58508987,56.16547087],[8.57500963,56.16545217],[8.58049677,56.17503369],[8.59736819,56.17435249],[8.57624818,56.1767352],[8.57487737,56.18103942],[8.56284317,56.18589604],[8.53847704,56.19102721],[8.5257237,56.18923726],[8.52800673,56.19332104],[8.51474878,56.19450307],[8.50049057,56.19088132],[8.48474546,56.19371629],[8.48109773,56.19581553],[8.48468854,56.19941745],[8.48222506,56.20201023],[8.4840539,56.20544018],[8.4697421,56.21406228],[8.47809425,56.22226882],[8.45928557,56.23117443],[8.45805585,56.23857347],[8.43574569,56.24513263],[8.41867211,56.24549674],[8.3865672,56.25388396],[8.35975116,56.24753014],[8.34589922,56.23933688],[8.34570016,56.23526579],[8.34231684,56.23407111],[8.33339709,56.23709404],[8.29449194,56.23428325],[8.29080675,56.23186323],[8.29307038,56.22768743],[8.27682286,56.22711105],[8.24969609,56.23169121],[8.24814474,56.23755657],[8.22417777,56.24298772],[8.22081369,56.24587572],[8.22274612,56.24710146],[8.20368342,56.25098071],[8.19889027,56.25502785],[8.19272671,56.2535539],[8.1597499,56.25737433],[8.15112527,56.25503115],[8.12962796,56.26230756],[8.13075463,56.22864696],[8.12781091,56.20704593],[8.11067229,56.13543615],[8.09764923,56.06036545],[8.09826377,56.04421682],[8.11116721,56.00295993],[8.11147552,56.00002754],[8.10833227,55.99844562],[8.12126389,56.00182106],[8.12064785,56.00574542],[8.12364309,56.00296035],[8.14395881,56.00759075],[8.13107659,56.00832992],[8.13443722,56.00952712],[8.13020383,56.01791433],[8.13233065,56.01893189],[8.12774969,56.02406505],[8.12291596,56.02393671],[8.12781665,56.02424757],[8.12366656,56.03781066],[8.12901047,56.05149991],[8.12650889,56.0586707],[8.13221755,56.07672951],[8.13220059,56.08812084],[8.14927004,56.1015898],[8.1425712,56.10137114],[8.1394365,56.10410536],[8.13918079,56.11041971],[8.12697302,56.11807412],[8.14077676,56.11489501],[8.16030572,56.10498247],[8.1713747,56.10557495],[8.2288844,56.09400233],[8.23467622,56.09057927],[8.23362835,56.08595631],[8.23868433,56.08914226],[8.24119985,56.08771105],[8.23964389,56.08571119],[8.24589958,56.08537604],[8.30333243,56.05820326],[8.30261872,56.05572455],[8.30675395,56.05241535],[8.30178912,56.04564062],[8.30223759,56.0385723],[8.30888212,56.0273904],[8.30647854,56.01430872],[8.31111503,56.00996242],[8.31121246,56.00076295],[8.31505943,55.99161885],[8.33255287,55.97616752],[8.34164908,55.97433187],[8.34430669,55.96893712],[8.35407849,55.96594614],[8.35156814,55.96467081],[8.35770375,55.96461811],[8.35306817,55.96038169],[8.3545041,55.95854788],[8.36280154,55.95687578],[8.36553873,55.95164846],[8.37305838,55.95468163],[8.36188419,55.94785571],[8.36890077,55.94916694],[8.37603325,55.94546208],[8.37589726,55.93644453],[8.38000251,55.93383887],[8.3749258,55.92726388],[8.3793103,55.92756513],[8.37465437,55.92666732],[8.37597517,55.92298278],[8.36972024,55.9183415],[8.37219437,55.91659078],[8.36323635,55.91483624],[8.3609597,55.91099223],[8.3802279,55.91114362],[8.37253616,55.90895072],[8.38373429,55.90617807],[8.37715113,55.90471369],[8.37727662,55.90078443],[8.3698306,55.89642471],[8.35692518,55.8943806],[8.3611319,55.89329784],[8.33160933,55.87573644],[8.3274966,55.87103681],[8.3287889,55.86940241],[8.32700788,55.87089926],[8.32628769,55.86842076],[8.31504573,55.8661041],[8.29529275,55.85511793],[8.28185824,55.85056922],[8.27671793,55.8515551],[8.28053343,55.84939472],[8.27699947,55.84841841],[8.27636475,55.85047261],[8.2745227,55.84897603],[8.27651887,55.84699148],[8.2714522,55.84205168],[8.26230707,55.84329864],[8.2580274,55.84687383],[8.26326379,55.85488472],[8.26050388,55.86633959],[8.27869122,55.87626109],[8.27875887,55.87951824],[8.27120659,55.88351099],[8.26677013,55.88176018],[8.25871769,55.88420927],[8.24805824,55.88257362],[8.2482157,55.87770198],[8.24355253,55.87686365],[8.23357427,55.88061121],[8.2352814,55.88233957],[8.22936618,55.88738843],[8.23526846,55.89032374],[8.22851229,55.8887087],[8.22388222,55.89063662],[8.22334104,55.89262707],[8.23293441,55.89069371],[8.23037318,55.89284572],[8.23184583,55.89524387],[8.20855203,55.89683908],[8.20525693,55.89310616],[8.20870282,55.88943804],[8.20526942,55.88760518],[8.21263177,55.88078249],[8.19825493,55.88075782],[8.19479448,55.87822254],[8.20790676,55.87169486],[8.20428012,55.86820623],[8.20823436,55.86683377],[8.20584399,55.86536883],[8.20899754,55.86239977],[8.20274381,55.85480255],[8.18512868,55.85075809],[8.18394831,55.8464879],[8.18702199,55.84644139],[8.17945168,55.830956],[8.20409917,55.832444],[8.22909033,55.82526315],[8.22358162,55.81743546],[8.2257937,55.81283965],[8.24265532,55.81240891],[8.26354116,55.80341204],[8.27109876,55.79717297],[8.27925112,55.79723387],[8.28410317,55.80146356],[8.29274099,55.79780648],[8.30369455,55.79742861],[8.32773652,55.80035526],[8.32758983,55.80407246],[8.35081284,55.82229452],[8.37331559,55.8077977],[8.37423206,55.80340139],[8.42397638,55.79905505],[8.41462117,55.79737149],[8.41454637,55.7951166],[8.44068245,55.78805748],[8.44317516,55.78017312],[8.44937939,55.77639484],[8.46888911,55.77310683],[8.46220722,55.78084801],[8.49471388,55.77671361],[8.49333143,55.77909148],[8.49997828,55.77710524],[8.49984717,55.77997339],[8.50488944,55.77965289],[8.50448501,55.78229926],[8.51389855,55.78758879],[8.50857258,55.79843722],[8.51275594,55.81026637],[8.53251417,55.81525533],[8.53714687,55.81315132],[8.53329046,55.81782134],[8.54641,55.82235957],[8.54340905,55.83144726],[8.53234874,55.84117021],[8.56659507,55.84988929],[8.57976419,55.84130093],[8.59240583,55.83783363],[8.59266478,55.83491976],[8.61948431,55.84353056],[8.62611978,55.84247069],[8.62575912,55.84493883],[8.65727061,55.84430318],[8.67619028,55.84831789],[8.69230113,55.84016013],[8.70797239,55.83775901],[8.70937481,55.82949169],[8.70691218,55.82465844],[8.72223845,55.8213549],[8.72235975,55.81384575],[8.72860746,55.81381063],[8.74457588,55.806393],[8.7588802,55.80608106],[8.82675229,55.81942884],[8.79452461,55.83783164],[8.82314302,55.84753985],[8.8427266,55.88792567],[8.80999647,55.89131803],[8.75255631,55.90884041],[8.72827288,55.94682624],[8.72821466,55.95068899],[8.73189954,55.95340174],[8.73835479,55.97165541],[8.75882536,55.98331037],[8.76313714,55.9938733],[8.74503046,56.00456248],[8.76320665,56.00495056],[8.78039217,56.01574121],[8.79559054,56.01944289],[8.79921276,56.0231359],[8.8029798,56.03075643],[8.78967439,56.03792249],[8.77740366,56.04937316],[8.8225582,56.05475129],[8.85665591,56.05215764],[8.86442018,56.05788932],[8.86366824,56.06816071],[8.82838738,56.07193186],[8.83351398,56.08407911],[8.83007072,56.0970079],[8.80966818,56.10189562],[8.78144901,56.09755452],[8.78089539,56.10101117],[8.75983592,56.11467557],[8.76708444,56.12781749],[8.76581544,56.13653599],[8.74242909,56.13445144],[8.73104228,56.14482436],[8.67438586,56.14553579],[8.66513141,56.14297259],[8.66052383,56.13605304],[8.65608602,56.13495657],[8.65352224,56.12879832],[8.64114933,56.12528722],[8.63556367,56.13024559],[8.63555991,56.13025268]],[[8.63556367,56.13024559],[8.6356748,56.12994376],[8.6356727,56.1299106],[8.635657,56.12986967],[8.63556367,56.13024559]]],[[[8.12284533,56.00094906],[8.11619824,55.9991686],[8.11778275,55.99695823],[8.10888937,55.99711838],[8.11868755,55.99684411],[8.12688862,55.98773857],[8.14111989,55.95122549],[8.15345468,55.89773375],[8.15650321,55.86527944],[8.17031888,55.81646961],[8.18166885,55.819035],[8.18986359,55.81742602],[8.17592497,55.82528124],[8.17399097,55.84363613],[8.18102544,55.85269957],[8.19689486,55.86393303],[8.18497226,55.86835099],[8.18426109,55.8718144],[8.17936823,55.87401576],[8.18370884,55.88265916],[8.17049176,55.90175323],[8.17470834,55.90509341],[8.16716622,55.90649612],[8.17590291,55.91191075],[8.17395184,55.91570012],[8.16863792,55.91349107],[8.17079431,55.91716833],[8.17360965,55.91595364],[8.1751631,55.92483643],[8.16813541,55.92829932],[8.17049433,55.93727645],[8.16802253,55.93952015],[8.1703532,55.94020168],[8.16365603,55.94602368],[8.17039935,55.94414693],[8.17187962,55.94993125],[8.15677391,55.95626072],[8.15578086,55.96351752],[8.14589865,55.9741413],[8.14805665,55.97828662],[8.13486042,55.98909548],[8.13366684,55.9981622],[8.12281634,56.00094041],[8.12284533,56.00094906]]],[[[8.25468133,55.89289659],[8.25208443,55.89112196],[8.25418238,55.88952333],[8.25080087,55.88901858],[8.25329695,55.88591599],[8.27427976,55.88407851],[8.2657738,55.89058157],[8.25471909,55.89289538],[8.25468133,55.89289659]]],[[[8.29011088,56.0046178],[8.28079289,55.9931836],[8.27906687,55.98487423],[8.28227695,55.98542084],[8.28770158,56.00010269],[8.29180492,56.0037337],[8.29015996,56.0046082],[8.29011088,56.0046178]]],[[[8.23833868,55.89833249],[8.23303056,55.89729803],[8.23284243,55.89461059],[8.23984588,55.89265297],[8.24552695,55.89488951],[8.23842762,55.89832307],[8.23833868,55.89833249]]],[[[8.17897933,55.84638943],[8.17554545,55.84193284],[8.17862003,55.83097318],[8.18072191,55.83466686],[8.17840697,55.83938266],[8.18394641,55.84588487],[8.17903551,55.84636079],[8.17897933,55.84638943]]],[[[8.19791035,55.86782254],[8.19546028,55.86736716],[8.19836383,55.86371231],[8.18931404,55.85663043],[8.20076156,55.86296386],[8.2007369,55.86725435],[8.19798303,55.86781618],[8.19791035,55.86782254]]],[[[8.28072484,55.98464823],[8.27797704,55.98400078],[8.2779272,55.98011275],[8.2808033,55.9822862],[8.2831582,55.980499],[8.28092798,55.98463647],[8.28072484,55.98464823]]],[[[8.13271519,56.00218031],[8.12525153,56.00174455],[8.13367132,55.99867853],[8.13862495,56.00031172],[8.13316679,56.00215006],[8.13271519,56.00218031]]],[[[8.18802695,55.85488128],[8.18804978,55.8548976],[8.18811901,55.85490992],[8.18816151,55.85491694],[8.18802695,55.85488128]]],[[[8.36819825,55.90374197],[8.36999431,55.90498314],[8.36669208,55.90569303],[8.36541422,55.90180346],[8.36808075,55.90133726],[8.36806312,55.90369096],[8.36819825,55.90374197]]],[[[8.29174079,56.00743298],[8.28914355,56.0057892],[8.29201579,56.00395316],[8.29193376,56.00727263],[8.29174079,56.00743298]]],[[[8.25002875,55.89638163],[8.2496872,55.89664498],[8.249432,55.89680929],[8.24893478,55.89703476],[8.25002875,55.89638163]]],[[[8.27517045,55.88316527],[8.27527772,55.88319061],[8.27533913,55.88322395],[8.27536875,55.88325584],[8.27517045,55.88316527]]],[[[8.17758025,55.92084708],[8.17754603,55.92086086],[8.17751316,55.92087933],[8.17748552,55.92090763],[8.17758025,55.92084708]]],[[[8.15735077,56.10451596],[8.15745943,56.10453935],[8.15754573,56.10454838],[8.15768622,56.10457189],[8.15735077,56.10451596]]],[[[8.2747531,55.88269072],[8.27466215,55.88269899],[8.27436233,55.88271178],[8.27430186,55.88270559],[8.2747531,55.88269072]]],[[[8.23005851,56.09262747],[8.2300098,56.09265215],[8.22997883,56.09265762],[8.2298998,56.09266359],[8.23005851,56.09262747]]],[[[8.17464411,55.93241878],[8.17461283,55.93242172],[8.17456425,55.93241043],[8.17448562,55.93238996],[8.17464411,55.93241878]]],[[[8.34671662,55.96514396],[8.34649523,55.96516291],[8.34636888,55.96516907],[8.3461787,55.96515189],[8.34671662,55.96514396]]],[[[8.21594831,55.89704382],[8.2158561,55.89703272],[8.21582992,55.89703848],[8.21577783,55.89702063],[8.21594831,55.89704382]]],[[[8.25095396,55.88929662],[8.25123388,55.88931558],[8.25153753,55.88941384],[8.25163604,55.88962901],[8.25095396,55.88929662]]],[[[8.25815979,55.885197],[8.25819717,55.88524026],[8.25814917,55.88525875],[8.25794881,55.88527812],[8.25815979,55.885197]]],[[[8.37261299,55.89966365],[8.37285988,55.89979502],[8.37290984,55.89986033],[8.37290589,55.89993659],[8.37261299,55.89966365]]],[[[8.20658435,55.86282641],[8.20649017,55.86282185],[8.20640989,55.86281747],[8.20632196,55.8628045],[8.20658435,55.86282641]]],[[[8.25089006,55.89040593],[8.25117703,55.89049897],[8.25139096,55.89063217],[8.25144773,55.89070692],[8.25089006,55.89040593]]],[[[8.25303923,55.8856747],[8.25291941,55.88565385],[8.25284228,55.8856656],[8.25281466,55.88563865],[8.25303923,55.8856747]]],[[[8.26404184,55.89135916],[8.26400892,55.8914428],[8.26392721,55.89150206],[8.26369746,55.8915767],[8.26404184,55.89135916]]],[[[8.36126542,55.94699208],[8.36127034,55.9470045],[8.3612723,55.94702168],[8.36127305,55.94703435],[8.36126542,55.94699208]]],[[[8.35270828,55.96371008],[8.35277931,55.9637251],[8.352829,55.96375268],[8.35288431,55.96378837],[8.35270828,55.96371008]]],[[[8.35464071,55.96412266],[8.35471646,55.96412405],[8.35481823,55.96413087],[8.35491315,55.96415437],[8.35464071,55.96412266]]],[[[8.16980225,55.94219506],[8.16989732,55.94222643],[8.16999231,55.9422693],[8.17001517,55.94232328],[8.16980225,55.94219506]]],[[[8.37532469,55.93704876],[8.37549772,55.9371102],[8.37576836,55.93718309],[8.37584702,55.93720928],[8.37532469,55.93704876]]],[[[8.18279944,55.87994788],[8.18281773,55.87997495],[8.18289951,55.88015323],[8.18268575,55.88023843],[8.18279944,55.87994788]]],[[[8.24829843,55.88976619],[8.24840664,55.88980908],[8.24846535,55.88989849],[8.24843741,55.8900455],[8.24829843,55.88976619]]],[[[8.25247528,55.89036983],[8.25259503,55.89044531],[8.25261163,55.8905385],[8.25252285,55.8906404],[8.25247528,55.89036983]]],[[[8.25027011,55.89184297],[8.25024283,55.89186472],[8.25016437,55.89188689],[8.25010294,55.89191329],[8.25027011,55.89184297]]],[[[8.26251068,55.89183134],[8.26262281,55.89195556],[8.2625978,55.89203494],[8.26255192,55.89205928],[8.26251068,55.89183134]]],[[[8.3496218,55.96699869],[8.34960173,55.9670011],[8.34958636,55.9670003],[8.3495688,55.96699652],[8.3496218,55.96699869]]],[[[8.34035033,55.97426778],[8.34032691,55.97428805],[8.3403,55.97428746],[8.34025884,55.97427691],[8.34035033,55.97426778]]],[[[8.2521212,55.88593465],[8.25208277,55.88597089],[8.25204709,55.88600581],[8.25205858,55.88603993],[8.2521212,55.88593465]]],[[[8.25101502,55.88794451],[8.25107947,55.88802658],[8.25111764,55.88816142],[8.25113866,55.88827386],[8.25101502,55.88794451]]],[[[8.37847763,55.93342263],[8.37849085,55.93344633],[8.37848448,55.9334746],[8.37850318,55.93350614],[8.37847763,55.93342263]]],[[[8.27405084,55.88555157],[8.27413495,55.88562764],[8.27414835,55.88567183],[8.27413107,55.88569833],[8.27405084,55.88555157]]],[[[8.36301048,55.95374012],[8.36306409,55.95382072],[8.36300724,55.95393742],[8.36291276,55.95396622],[8.36301048,55.95374012]]],[[[8.24904916,55.89067407],[8.24910242,55.89071474],[8.24910537,55.8907605],[8.24899077,55.89089898],[8.24904916,55.89067407]]],[[[8.27657421,55.88335333],[8.2766244,55.88335416],[8.27665582,55.88335767],[8.27669693,55.88336501],[8.27657421,55.88335333]]],[[[8.35297375,55.9658398],[8.35304167,55.96587853],[8.35309952,55.96593517],[8.35313542,55.96598199],[8.35297375,55.9658398]]],[[[8.27551762,55.88553667],[8.27553851,55.88554803],[8.27558254,55.88557901],[8.27560205,55.88562172],[8.27551762,55.88553667]]],[[[8.25208606,55.88671419],[8.25212073,55.88675744],[8.25210687,55.8868295],[8.2520518,55.88688335],[8.25208606,55.88671419]]],[[[8.2512099,55.8863923],[8.25126715,55.88645807],[8.25128645,55.88649377],[8.2512745,55.8865246],[8.2512099,55.8863923]]],[[[8.26537187,55.89155283],[8.26535267,55.89157024],[8.26534357,55.89159516],[8.26530028,55.89161844],[8.26537187,55.89155283]]]]}},{"type":"Feature","properties":{"kode":"0766","navn":"Hedensted"},"geometry":{"type":"MultiPolygon","coordinates":[[[[9.64120448,55.91751849],[9.63268806,55.92482837],[9.61741761,55.91640104],[9.61796203,55.91078539],[9.60139661,55.90911481],[9.58629039,55.91238783],[9.57873655,55.91797024],[9.5697581,55.91452124],[9.55902738,55.91591558],[9.55833671,55.90539674],[9.54008946,55.90575314],[9.54018808,55.91145609],[9.53256735,55.90932428],[9.5335963,55.90640251],[9.5234923,55.90665603],[9.52097578,55.900767],[9.51731127,55.89970988],[9.50969099,55.90559741],[9.50218789,55.90689129],[9.43510966,55.90988709],[9.41047046,55.91468609],[9.39868236,55.92221644],[9.38929545,55.92392219],[9.38712223,55.92277606],[9.3912952,55.91757477],[9.3862945,55.91909817],[9.3940888,55.91426202],[9.39628635,55.90657383],[9.40865643,55.89964906],[9.4125232,55.89243608],[9.43044161,55.8867342],[9.44321678,55.87386723],[9.45903355,55.86523241],[9.45982572,55.86011586],[9.44919459,55.86046744],[9.44925496,55.85730926],[9.44018049,55.85378793],[9.45556285,55.84999436],[9.4553571,55.84511531],[9.44784356,55.84335068],[9.4456716,55.83972653],[9.44810915,55.83849281],[9.44419079,55.83634291],[9.48339005,55.83273096],[9.48296882,55.82741753],[9.48709198,55.8268219],[9.50245955,55.82806064],[9.50531301,55.82298769],[9.50400342,55.81957001],[9.51002196,55.81220589],[9.50669148,55.80869568],[9.50800937,55.80248217],[9.51489942,55.80020969],[9.51435014,55.79557069],[9.51938598,55.79586473],[9.52029706,55.78571907],[9.5317569,55.78641403],[9.54090331,55.78365677],[9.54138012,55.78104971],[9.53672076,55.77857875],[9.54049672,55.77542118],[9.53925482,55.77332979],[9.5557721,55.77814736],[9.56392447,55.77551426],[9.5643347,55.77291361],[9.57626452,55.77644767],[9.57950083,55.77472954],[9.58516284,55.77760421],[9.58169098,55.78018343],[9.585712,55.78135176],[9.59859173,55.77190074],[9.5848613,55.76410024],[9.59209246,55.76079383],[9.59346321,55.75216413],[9.60213035,55.75201262],[9.62458358,55.75830722],[9.6478173,55.75388892],[9.65195461,55.75961615],[9.65754899,55.75500733],[9.66237124,55.75680864],[9.67361583,55.75420157],[9.68151515,55.74945211],[9.68196793,55.74686823],[9.67838342,55.74543501],[9.68628284,55.73347234],[9.6805101,55.7317537],[9.68226983,55.72625376],[9.6754798,55.72121146],[9.67683442,55.71833931],[9.67203255,55.7121746],[9.69306904,55.70738231],[9.69944375,55.70309265],[9.71508474,55.70277192],[9.71888967,55.69747243],[9.74640143,55.68046806],[9.7845058,55.68161878],[9.80822,55.67805281],[9.8204322,55.66885854],[9.84767422,55.67364482],[9.86906494,55.68383521],[9.91925878,55.69276369],[9.97472236,55.69525096],[10.00860651,55.70166039],[10.02992938,55.69649282],[10.02030633,55.71034566],[10.01978245,55.71634845],[10.01626237,55.71649426],[10.01979989,55.71597287],[10.01588066,55.71382079],[10.00954292,55.7177926],[9.99996844,55.71852176],[9.99896197,55.7235091],[10.00199747,55.72860505],[10.01656812,55.73324704],[10.03663979,55.7346417],[10.05398511,55.74568343],[10.08237721,55.74597703],[10.0768098,55.75277929],[10.03000842,55.75702776],[10.01764736,55.76512568],[10.01574279,55.77225109],[10.01853501,55.77978603],[10.06594704,55.80812881],[10.05544864,55.81341134],[10.05389511,55.82202611],[10.04624971,55.8260727],[10.04813288,55.8238813],[10.03034393,55.82350664],[10.01374757,55.81707992],[10.02116024,55.82474948],[10.01606493,55.82714323],[10.02028642,55.82759649],[10.02290092,55.83154188],[10.02354644,55.84376679],[10.01861875,55.83377487],[10.00557511,55.82531376],[9.96041254,55.83124854],[9.94653048,55.82248037],[9.94457706,55.81144419],[9.94712846,55.80693039],[9.89528964,55.80640304],[9.8957376,55.80439275],[9.883722,55.80215743],[9.85098345,55.79899492],[9.83896408,55.80824748],[9.81959081,55.79808118],[9.81416809,55.7979879],[9.81699037,55.80233815],[9.81392572,55.80401837],[9.7968864,55.8117754],[9.78974597,55.81140561],[9.78247204,55.82013013],[9.77331717,55.8255628],[9.75313844,55.83049154],[9.74449168,55.83760279],[9.74704487,55.84155754],[9.74258084,55.84693558],[9.74531138,55.84924298],[9.73438384,55.85336254],[9.7276085,55.8651434],[9.68836399,55.86513344],[9.69177499,55.86945893],[9.68927772,55.88622166],[9.6931811,55.89211786],[9.69470352,55.90363702],[9.66188729,55.91308286],[9.64024232,55.91570838],[9.64120448,55.91751849]]],[[[10.00889515,55.71759385],[10.00837291,55.71765178],[10.00824116,55.7176543],[10.00815669,55.7176443],[10.00889515,55.71759385]]],[[[10.05697474,55.82842496],[10.05698476,55.82844123],[10.05697329,55.82847152],[10.05694142,55.82848527],[10.05697474,55.82842496]]],[[[10.07446144,55.83443798],[10.06185399,55.833016],[10.05687898,55.82953858],[10.06243713,55.82655865],[10.0634438,55.82241056],[10.07182576,55.82080574],[10.06772367,55.8183377],[10.07296567,55.81764933],[10.09092639,55.81849093],[10.10186388,55.82524782],[10.08333976,55.83401282],[10.08034081,55.8345043],[10.09613265,55.82895381],[10.07453849,55.83441817],[10.07446144,55.83443798]]]]}},{"type":"Feature","properties":{"kode":"0773","navn":"Morsø"},"geometry":{"type":"MultiPolygon","coordinates":[[[[8.93843036,56.9837955],[8.93472923,56.9842048],[8.93965782,56.98056285],[8.93745917,56.97843114],[8.92097503,56.97466868],[8.92158382,56.96881279],[8.91831002,56.96372332],[8.8986689,56.95073337],[8.86795477,56.9502285],[8.85949427,56.95631356],[8.85092131,56.94374514],[8.83083843,56.9314038],[8.82548327,56.91198203],[8.81794881,56.90381998],[8.7566678,56.89785809],[8.73674788,56.88878095],[8.72516911,56.89137405],[8.68753947,56.88741051],[8.67014229,56.89038073],[8.63372979,56.88495376],[8.64551856,56.87896336],[8.64258959,56.8750152],[8.64839479,56.86655075],[8.64898986,56.85728963],[8.63128995,56.83905771],[8.64822454,56.83911267],[8.6481733,56.83417719],[8.63971279,56.83053744],[8.62182113,56.83384987],[8.60983606,56.82603561],[8.60901284,56.82278296],[8.66296626,56.81690234],[8.66741275,56.81226461],[8.66656874,56.80652636],[8.65712846,56.80120778],[8.62222806,56.79174691],[8.5874598,56.79614788],[8.57536904,56.79481688],[8.56279122,56.78585001],[8.55648729,56.78618675],[8.55197805,56.79065298],[8.54190684,56.78781685],[8.54937094,56.78058072],[8.55424258,56.7651226],[8.55914514,56.76238672],[8.5585495,56.75809774],[8.55317331,56.75522493],[8.54277707,56.75700516],[8.52548635,56.74845287],[8.51028909,56.74638943],[8.50288174,56.73837837],[8.50711181,56.73115379],[8.5030595,56.72271456],[8.5173704,56.72655531],[8.54003131,56.74014742],[8.56206613,56.73237702],[8.57160438,56.72824671],[8.57547392,56.72296102],[8.5543157,56.71946237],[8.56285067,56.7033336],[8.5582477,56.70001349],[8.59002405,56.70859132],[8.58102379,56.71718512],[8.59230237,56.72162252],[8.57642476,56.72159572],[8.57620198,56.72728183],[8.58181548,56.72642009],[8.57613617,56.72897643],[8.57896531,56.731317],[8.59220475,56.73076322],[8.59796482,56.72321167],[8.59368713,56.71780786],[8.60231165,56.71570953],[8.62406982,56.72125692],[8.62811357,56.71802746],[8.61336063,56.71490501],[8.61171948,56.70681118],[8.63493598,56.69285482],[8.62973916,56.68392024],[8.63241228,56.68335147],[8.63573104,56.68983636],[8.63902684,56.68699686],[8.63459298,56.67983705],[8.64165638,56.6739557],[8.64280989,56.66870506],[8.70441895,56.68229688],[8.7306687,56.67940866],[8.72881702,56.68093291],[8.77573562,56.69413831],[8.76810228,56.70339353],[8.77532337,56.7106621],[8.79927178,56.72700241],[8.81035716,56.72942269],[8.81578239,56.73430602],[8.83091384,56.7396859],[8.82969122,56.74683918],[8.84119134,56.75275415],[8.83805573,56.75671918],[8.83972557,56.76128648],[8.83539722,56.76371376],[8.83899396,56.76536825],[8.84336927,56.77428309],[8.86545463,56.78297807],[8.86399319,56.78653039],[8.86381362,56.78436492],[8.85441198,56.78714845],[8.85515684,56.79225921],[8.86759197,56.79141687],[8.86286119,56.7930354],[8.86540709,56.79470206],[8.86355196,56.7948128],[8.86904815,56.79529905],[8.86893426,56.79307535],[8.87160783,56.79492574],[8.87785012,56.78390043],[8.87802664,56.80107421],[8.87467393,56.80659762],[8.85353098,56.81895648],[8.84401423,56.83052978],[8.83866415,56.85305786],[8.8281122,56.86415232],[8.82864695,56.86977164],[8.84040521,56.88004892],[8.84380992,56.87905199],[8.84162897,56.88327229],[8.84524317,56.88342433],[8.84248417,56.88411442],[8.8440416,56.88543643],[8.85932671,56.88710559],[8.86483557,56.88458771],[8.8619527,56.88040114],[8.87288312,56.87528782],[8.87173507,56.87818541],[8.86404958,56.88067798],[8.88657858,56.88130021],[8.88447537,56.87796004],[8.88839875,56.86707574],[8.88557591,56.86246716],[8.88132122,56.8622404],[8.88559897,56.86071662],[8.89058264,56.86387795],[8.89999581,56.8884252],[8.90694222,56.89798773],[8.90833036,56.90698838],[8.92369858,56.91847105],[8.92122835,56.91838786],[8.92323067,56.91900529],[8.91343922,56.93143265],[8.91239129,56.94016899],[8.90796051,56.94498721],[8.91006665,56.95480733],[8.92441339,56.96414938],[8.92739996,56.97495475],[8.94009323,56.97990708],[8.94118849,56.98230153],[8.93851762,56.98376339],[8.93843036,56.9837955]]],[[[8.63028085,56.67996385],[8.63015345,56.68002322],[8.62999946,56.68006382],[8.62991796,56.68008612],[8.63028085,56.67996385]]],[[[8.62772925,56.68066006],[8.626089,56.6822632],[8.63766113,56.67477103],[8.62774019,56.68065973],[8.62772925,56.68066006]]],[[[8.63501011,56.68279617],[8.63502108,56.68284364],[8.63503701,56.68290029],[8.63503067,56.68294851],[8.63501011,56.68279617]]],[[[8.62992504,56.68297595],[8.62994543,56.68299424],[8.62993991,56.68300761],[8.62991568,56.683015],[8.62992504,56.68297595]]],[[[8.63168103,56.68361641],[8.63166117,56.68364429],[8.63161691,56.68368028],[8.63157005,56.68369775],[8.63168103,56.68361641]]],[[[8.63369553,56.68362981],[8.62909849,56.68092827],[8.63344282,56.68025386],[8.63370496,56.68358267],[8.63369553,56.68362981]]],[[[8.63568138,56.68432731],[8.63570415,56.68436969],[8.63569429,56.68437694],[8.63567456,56.68437419],[8.63568138,56.68432731]]],[[[8.62828544,56.68431319],[8.62830042,56.68435007],[8.62830185,56.68438735],[8.62829103,56.68440807],[8.62828544,56.68431319]]],[[[8.62826145,56.68469314],[8.62829203,56.68472099],[8.62832174,56.68477058],[8.62836073,56.68483952],[8.62826145,56.68469314]]],[[[8.63516769,56.68520381],[8.63518749,56.68521582],[8.63520237,56.68522997],[8.63521461,56.6852477],[8.63516769,56.68520381]]],[[[8.63712632,56.68697912],[8.63712109,56.68699653],[8.63710157,56.68702289],[8.63708746,56.68704683],[8.63712632,56.68697912]]],[[[8.63695043,56.68751252],[8.6369892,56.68753743],[8.63700854,56.68754701],[8.63703353,56.687562],[8.63695043,56.68751252]]],[[[8.62290591,56.68995497],[8.61852065,56.68934868],[8.62888437,56.6886768],[8.62474024,56.68633447],[8.62594894,56.68233034],[8.62639919,56.6874506],[8.63045732,56.6876608],[8.62300366,56.68994314],[8.62290591,56.68995497]]],[[[8.61281993,56.70880851],[8.61274603,56.70881502],[8.61267717,56.70882414],[8.61261744,56.70883465],[8.61281993,56.70880851]]],[[[8.61141142,56.71188312],[8.61151506,56.71192378],[8.61162322,56.71198521],[8.61167485,56.71203154],[8.61141142,56.71188312]]],[[[8.60949438,56.71285036],[8.60943788,56.71284875],[8.60938445,56.71284894],[8.60931669,56.71283013],[8.60949438,56.71285036]]],[[[8.54417606,56.71331837],[8.54409556,56.7133418],[8.54401136,56.71338865],[8.54395651,56.71342538],[8.54417606,56.71331837]]],[[[8.54987243,56.71670467],[8.54972447,56.71680871],[8.54958044,56.7168576],[8.54951252,56.7168543],[8.54987243,56.71670467]]],[[[8.55466552,56.71838401],[8.5546086,56.71841714],[8.55450393,56.71846717],[8.55436522,56.71852201],[8.55466552,56.71838401]]],[[[8.54244034,56.71882101],[8.54244165,56.71883494],[8.54241294,56.71885774],[8.5423604,56.71887848],[8.54244034,56.71882101]]],[[[8.55341388,56.71786942],[8.55346647,56.71791229],[8.55349841,56.71794726],[8.55351464,56.71801173],[8.55341388,56.71786942]]],[[[8.54304171,56.71985018],[8.54308053,56.71986928],[8.54312837,56.71989883],[8.54316062,56.7199206],[8.54304171,56.71985018]]],[[[8.5503281,56.7198393],[8.55036744,56.71988374],[8.55032584,56.71993282],[8.55009183,56.7199901],[8.5503281,56.7198393]]],[[[8.54650471,56.72126855],[8.54646362,56.72136983],[8.54638863,56.72140981],[8.54550694,56.72154504],[8.54650471,56.72126855]]],[[[8.50256072,56.72322744],[8.50259408,56.72325013],[8.50262811,56.72330875],[8.50260612,56.72335358],[8.50256072,56.72322744]]],[[[8.58731817,56.73101172],[8.5873735,56.73107856],[8.58742066,56.73113002],[8.58743679,56.7311643],[8.58731817,56.73101172]]],[[[8.56252339,56.73025769],[8.56230134,56.73061824],[8.56226445,56.73071235],[8.56221499,56.73079169],[8.56252339,56.73025769]]],[[[8.8410905,56.74995321],[8.84107867,56.74996676],[8.8410654,56.74997213],[8.8406109,56.74998979],[8.8410905,56.74995321]]],[[[8.87252858,56.87803502],[8.87253524,56.87805488],[8.87254355,56.87807026],[8.87253363,56.87809199],[8.87252858,56.87803502]]],[[[8.8703441,56.87934215],[8.87037886,56.87935206],[8.87039205,56.87937921],[8.87040028,56.87941991],[8.8703441,56.87934215]]],[[[8.86973525,56.87974919],[8.86976254,56.87978165],[8.86977079,56.87981463],[8.86975877,56.87982773],[8.86973525,56.87974919]]],[[[8.87365044,56.87889446],[8.87369832,56.8789035],[8.87373634,56.87891791],[8.87378498,56.87894554],[8.87365044,56.87889446]]],[[[8.86925921,56.87999197],[8.86928225,56.88001787],[8.86927772,56.88004859],[8.86925585,56.88006204],[8.86925921,56.87999197]]],[[[9.01226454,56.8996081],[9.01219579,56.89972444],[9.01205029,56.90009647],[9.01195301,56.90032134],[9.01226454,56.8996081]]],[[[8.94820685,56.93472882],[8.94809074,56.93479561],[8.94800722,56.93482307],[8.94786159,56.93485454],[8.94820685,56.93472882]]],[[[8.91206092,56.96161828],[8.91147457,56.96179834],[8.91123967,56.96189655],[8.9105585,56.96204681],[8.91206092,56.96161828]]]]}},{"type":"Feature","properties":{"kode":"0779","navn":"Skive"},"geometry":{"type":"MultiPolygon","coordinates":[[[[9.06695963,56.80266915],[9.05466837,56.79979269],[9.02520674,56.8002656],[9.03368501,56.79593772],[9.03057798,56.7939797],[9.03210581,56.79176454],[9.04028904,56.78989013],[9.03964102,56.78589641],[9.03312544,56.78425499],[9.02025309,56.78829273],[9.02736345,56.78692044],[9.02474896,56.78863123],[9.0082374,56.78923309],[8.96166924,56.80158925],[8.92646112,56.78767824],[8.90867774,56.77384652],[8.87769965,56.76334233],[8.86315543,56.76455648],[8.87081731,56.75360939],[8.85438943,56.74386006],[8.82496883,56.70673812],[8.850863,56.70745934],[8.86185236,56.71192264],[8.87565347,56.70506357],[8.8838652,56.71702693],[8.88909436,56.70788068],[8.90178489,56.71062271],[8.9153838,56.70759792],[8.9186088,56.70308825],[8.91750199,56.69772277],[8.90594735,56.69314078],[8.89170145,56.69244544],[8.88336525,56.69744161],[8.88206067,56.7024164],[8.86926584,56.69889065],[8.86712612,56.69527909],[8.86988052,56.69358044],[8.86863587,56.69128346],[8.85239825,56.69342565],[8.84130137,56.6866497],[8.83509873,56.68720054],[8.8215839,56.69497424],[8.81332779,56.69443326],[8.78492565,56.67513518],[8.77386228,56.65420927],[8.7573829,56.6398852],[8.72519655,56.62297598],[8.68304555,56.62639475],[8.67689779,56.6224184],[8.67456756,56.610496],[8.69109686,56.6063836],[8.70029975,56.58728619],[8.70903104,56.57944032],[8.71073512,56.58098939],[8.75188597,56.56502353],[8.759358,56.55927929],[8.76177687,56.55256334],[8.76692479,56.55211976],[8.76651508,56.5569999],[8.80301589,56.56617562],[8.82358339,56.56589214],[8.82361367,56.56301987],[8.84336221,56.5579178],[8.84164414,56.55403744],[8.85504679,56.54571326],[8.85370466,56.53007681],[8.86873837,56.51820473],[8.86886663,56.51033767],[8.86099871,56.49763001],[8.86537494,56.49617238],[8.90744464,56.49958218],[8.9245448,56.49622205],[8.96335572,56.4961172],[8.96121316,56.49293398],[8.96674039,56.4892126],[8.9873977,56.49168645],[8.98678261,56.49792647],[8.98187206,56.50102307],[8.98714963,56.50199681],[8.98041046,56.50460341],[8.97797202,56.51533706],[8.97222724,56.51749858],[8.97422017,56.52351464],[8.98066398,56.52424092],[8.98615269,56.51799208],[9.00413895,56.51564359],[9.01937622,56.52498517],[9.02514469,56.52583691],[9.02987549,56.52255664],[9.04407401,56.52542412],[9.04983755,56.52217236],[9.08584245,56.5360833],[9.09658582,56.52864622],[9.10513434,56.52953797],[9.10470431,56.52704918],[9.11783646,56.51883782],[9.12800984,56.51663912],[9.17634942,56.52517214],[9.19380769,56.52482379],[9.20902399,56.53342746],[9.21100519,56.53885397],[9.2190215,56.54158549],[9.22023828,56.54562829],[9.22699237,56.54585278],[9.23066629,56.54963294],[9.22364765,56.55478246],[9.22258097,56.5596333],[9.22857103,56.56359765],[9.24107555,56.56464639],[9.24698028,56.5722795],[9.24556222,56.57444138],[9.25515846,56.58311017],[9.25675517,56.59372126],[9.2617367,56.59156898],[9.28318893,56.59878457],[9.29010029,56.60249616],[9.28723307,56.60380614],[9.29041072,56.60954122],[9.29553236,56.6098923],[9.28404289,56.62260126],[9.27208773,56.6255398],[9.26305985,56.6229895],[9.25814814,56.62569851],[9.27312693,56.62556663],[9.26407236,56.62833045],[9.22446648,56.62734689],[9.21068268,56.62990619],[9.18602369,56.62103933],[9.16346959,56.62357503],[9.15023493,56.63602184],[9.15132576,56.64270517],[9.156157,56.64552468],[9.15633627,56.65172719],[9.1522673,56.65392972],[9.14839664,56.66442635],[9.15162846,56.65532096],[9.14462399,56.64768624],[9.1395822,56.63507627],[9.11369835,56.62008274],[9.10358161,56.62032749],[9.12637704,56.61595833],[9.14985767,56.61936193],[9.15342865,56.61533784],[9.15174374,56.60986125],[9.13574428,56.59977876],[9.12252931,56.60165083],[9.11904408,56.60477151],[9.12012244,56.60641815],[9.12065915,56.60333987],[9.12065113,56.60639392],[9.11663879,56.60777752],[9.10864111,56.60799669],[9.09521047,56.60300105],[9.08970211,56.59044891],[9.097251,56.57906183],[9.09448522,56.57033077],[9.07515502,56.55623825],[9.05927827,56.55614091],[9.05145669,56.5603805],[9.05112456,56.56238536],[9.05862292,56.56314849],[9.05450073,56.56438361],[9.05537317,56.56735625],[9.05214397,56.56560655],[9.05515325,56.56774976],[9.05190582,56.57005729],[9.05512859,56.57038086],[9.05494694,56.57428894],[9.0512906,56.57615102],[9.0557301,56.57492314],[9.0485804,56.58000961],[9.0427374,56.59331117],[9.0439714,56.60969148],[9.05017753,56.61481966],[9.05514966,56.62812211],[9.08395713,56.6430238],[9.09307459,56.64513143],[9.10516612,56.6434409],[9.09959547,56.64842495],[9.10026679,56.6565057],[9.09512409,56.66563665],[9.10118501,56.66912592],[9.11043803,56.66605884],[9.11771895,56.66702208],[9.12075304,56.67807997],[9.14285524,56.69675785],[9.17206608,56.70757218],[9.18513468,56.70439407],[9.17535757,56.70808633],[9.17451081,56.71192913],[9.16458371,56.719446],[9.13141979,56.74028946],[9.11903872,56.75577804],[9.10763643,56.77661634],[9.11258663,56.78690733],[9.06703667,56.80261997],[9.06695963,56.80266915]]],[[[8.71586786,56.62298423],[8.71585327,56.62303918],[8.71576729,56.62313835],[8.71564685,56.62326825],[8.71586786,56.62298423]]],[[[8.84801289,56.69515671],[8.84457036,56.69691251],[8.8507819,56.69414945],[8.84811931,56.69508676],[8.84801289,56.69515671]]],[[[9.18001011,56.71684665],[9.17998334,56.71685091],[9.17995323,56.71683964],[9.17991512,56.71683116],[9.18001011,56.71684665]]],[[[9.19291585,56.72214052],[9.19295692,56.7221534],[9.19302341,56.72218105],[9.19308267,56.72220333],[9.19291585,56.72214052]]],[[[9.19261825,56.72225984],[9.19247687,56.7222845],[9.19232929,56.72231087],[9.19221498,56.72235479],[9.19261825,56.72225984]]],[[[9.19806424,56.72537465],[9.19804781,56.72538977],[9.19803439,56.72538584],[9.19800709,56.72535291],[9.19806424,56.72537465]]],[[[9.18871361,56.72929967],[9.19060538,56.72427317],[9.19694426,56.72166437],[9.18490466,56.71916722],[9.19141361,56.71877495],[9.19999316,56.7239867],[9.19986275,56.72632605],[9.19937497,56.72373632],[9.19375552,56.72473881],[9.18898474,56.72910314],[9.18871361,56.72929967]]],[[[9.03040685,56.79430999],[9.03021912,56.79437588],[9.03005498,56.79444959],[9.02993552,56.79451834],[9.03040685,56.79430999]]],[[[9.03794875,56.80791798],[9.03795517,56.80794341],[9.03794128,56.8079806],[9.03790841,56.80802059],[9.03794875,56.80791798]]],[[[9.03427547,56.82168567],[9.03432135,56.82169491],[9.03433889,56.82170613],[9.0343366,56.82171485],[9.03427547,56.82168567]]],[[[9.03434835,56.82219727],[9.03447567,56.82222113],[9.03451959,56.82223846],[9.03456302,56.82225093],[9.03434835,56.82219727]]],[[[9.03785988,56.84663164],[8.95890691,56.83791821],[8.9507595,56.83301589],[8.96402864,56.82859036],[8.97885515,56.81126707],[9.01010175,56.79621793],[9.01062707,56.80237286],[9.02370097,56.80411364],[9.02303839,56.81127571],[9.03372894,56.82079391],[9.03359339,56.8234667],[9.03580415,56.82302067],[9.03412274,56.81749964],[9.04716846,56.82056334],[9.05514003,56.81748853],[9.07413435,56.82434794],[9.07760167,56.82865534],[9.06189571,56.82980765],[9.05940776,56.83698048],[9.06718129,56.84199862],[9.083797,56.84539233],[9.06414149,56.84350472],[9.03805939,56.8466234],[9.03785988,56.84663164]]]]}},{"type":"Feature","properties":{"kode":"0787","navn":"Thisted"},"geometry":{"type":"MultiPolygon","coordinates":[[[[9.02680577,57.15905953],[9.00569638,57.15530969],[8.9737702,57.15743467],[8.86563816,57.11783007],[8.82014022,57.10800656],[8.75304332,57.09859261],[8.73313751,57.10050157],[8.67931883,57.11419741],[8.62740141,57.12313325],[8.62110057,57.12572854],[8.62082632,57.12911175],[8.62082702,57.12634397],[8.60907782,57.12349395],[8.60175566,57.12767496],[8.59269282,57.12674975],[8.60444411,57.12606933],[8.59370554,57.12240652],[8.59996432,57.12437541],[8.60298046,57.121642],[8.59445601,57.12205959],[8.59642059,57.11889828],[8.59090684,57.11675],[8.5940232,57.1200159],[8.59079647,57.12111441],[8.59310624,57.12351484],[8.59010814,57.12819845],[8.59091697,57.12011648],[8.53462157,57.06763317],[8.49913393,57.04534042],[8.47441353,57.04388253],[8.4336923,57.00471726],[8.38896696,56.96816872],[8.37170714,56.95984028],[8.36058188,56.96246835],[8.36285579,56.96102225],[8.35517048,56.95154972],[8.29289586,56.88264782],[8.25719681,56.83713531],[8.24089986,56.80677233],[8.23689753,56.80401837],[8.22745773,56.78098719],[8.22223351,56.72675069],[8.22039401,56.7230466],[8.21200104,56.72171626],[8.22473597,56.72369682],[8.23253141,56.71933804],[8.23452494,56.71317751],[8.23860158,56.71206131],[8.23821662,56.70124123],[8.24037393,56.70071768],[8.24301691,56.70137138],[8.24124184,56.7019318],[8.24571905,56.70904107],[8.24081708,56.71549224],[8.24526538,56.71555385],[8.24760213,56.71226493],[8.24492644,56.70139294],[8.24307594,56.70166866],[8.24823908,56.70132097],[8.25076134,56.7242158],[8.25626402,56.72237537],[8.25039399,56.72743541],[8.25332715,56.77523792],[8.25565852,56.77840932],[8.255336,56.7756482],[8.26442225,56.77617593],[8.26733234,56.7724421],[8.28297377,56.76865302],[8.29886604,56.75794098],[8.30262792,56.75310338],[8.30485861,56.73422348],[8.31116209,56.72176719],[8.3166468,56.71545295],[8.33400966,56.70608304],[8.3403867,56.69647561],[8.34870124,56.69191551],[8.35695155,56.67649346],[8.40406072,56.67040346],[8.40523202,56.67573774],[8.39963775,56.67618167],[8.40245158,56.68157095],[8.3982569,56.68338748],[8.41810762,56.68198431],[8.4215453,56.68548203],[8.42512114,56.68495792],[8.42591131,56.68966214],[8.45212244,56.69744145],[8.48027783,56.69178054],[8.49058211,56.68364525],[8.5141253,56.67990418],[8.51164852,56.68414998],[8.51284758,56.69017508],[8.52763043,56.7006527],[8.52292794,56.70243689],[8.50980491,56.69892728],[8.50910464,56.70110028],[8.51958517,56.71125779],[8.51490581,56.71442477],[8.49984176,56.71430584],[8.50714039,56.71663977],[8.49768458,56.71455617],[8.48365978,56.71645954],[8.4717215,56.71360298],[8.46902168,56.71547421],[8.48044734,56.72432519],[8.48533709,56.73849998],[8.48985232,56.74328168],[8.48883927,56.747608],[8.4998921,56.75485141],[8.47782635,56.77019339],[8.46903129,56.78193379],[8.4869026,56.795845],[8.52061111,56.80685469],[8.53458445,56.80583464],[8.5357434,56.80969151],[8.5313612,56.81484024],[8.53358683,56.81717297],[8.57453748,56.81866064],[8.60999532,56.84191374],[8.61067478,56.84655554],[8.63294885,56.86445237],[8.62387144,56.86809927],[8.62328082,56.87094759],[8.63089638,56.87651715],[8.62496504,56.8882097],[8.63969782,56.89962023],[8.64131567,56.91331541],[8.66197246,56.92366852],[8.65738369,56.93716188],[8.66995117,56.95197482],[8.69558026,56.94984099],[8.69852156,56.95168032],[8.69318339,56.95228218],[8.69772864,56.95470732],[8.70068912,56.95277856],[8.69914583,56.95171677],[8.70740008,56.95282013],[8.72129565,56.94847909],[8.72942693,56.95036706],[8.75100639,56.94566701],[8.77159008,56.94799891],[8.78531433,56.95214875],[8.79184813,56.96010559],[8.84668095,56.97322451],[8.84829422,56.97515551],[8.84599,56.97969765],[8.82533528,56.98978984],[8.83068608,56.99371158],[8.84014783,56.99184063],[8.84382421,56.9950991],[8.85248527,56.99597543],[8.85567378,56.99369626],[8.8539233,56.99077872],[8.85670129,56.99010044],[8.86479609,56.9951757],[8.8902433,56.99113385],[8.89547268,56.98544332],[8.8860158,56.98134793],[8.89217064,56.97479927],[8.90238976,56.97373871],[8.91192839,56.98064325],[8.90058467,56.97893857],[8.9067967,56.97959546],[8.89660716,56.98215648],[8.91778536,56.9802454],[8.91103195,56.98398924],[8.92240138,56.99826818],[8.93300294,57.00383419],[8.94931429,57.00689193],[8.96624806,57.00360905],[8.98296957,57.01701507],[9.02013847,57.02313531],[9.03326745,57.01875334],[9.03275237,57.00875263],[9.03600675,57.00841162],[9.03401915,57.00704956],[9.0433059,57.00809839],[9.08429093,57.02835103],[9.09593827,57.0312453],[9.07687601,57.05429933],[9.06092302,57.05049249],[9.0595015,57.08999645],[9.03542883,57.12266044],[9.03002175,57.15864279],[9.02686611,57.15905116],[9.02680577,57.15905953]]],[[[8.5432411,56.69707488],[8.54327311,56.69708802],[8.54328771,56.69710964],[8.54328247,56.69712381],[8.5432411,56.69707488]]],[[[8.5397381,56.69768108],[8.53974921,56.69770744],[8.53976074,56.69773974],[8.53975303,56.69775552],[8.5397381,56.69768108]]],[[[8.54277937,56.69754125],[8.5429153,56.69756215],[8.54298479,56.69756896],[8.54304212,56.69758076],[8.54277937,56.69754125]]],[[[8.54129011,56.69786442],[8.54133946,56.69787565],[8.54141424,56.69788931],[8.54143935,56.69790629],[8.54129011,56.69786442]]],[[[8.53850754,56.69801253],[8.53848783,56.69804821],[8.53841792,56.69811614],[8.53830884,56.69816937],[8.53850754,56.69801253]]],[[[8.54060893,56.69811175],[8.5405079,56.69813465],[8.54033858,56.6981466],[8.54022362,56.69815983],[8.54060893,56.69811175]]],[[[8.54311798,56.70334286],[8.5302675,56.7015201],[8.54500673,56.69522452],[8.53734583,56.69815996],[8.54193815,56.69921602],[8.54392909,56.69761213],[8.54208622,56.69639495],[8.54689868,56.69647732],[8.54330562,56.7033166],[8.54311798,56.70334286]]],[[[8.25332633,56.70784454],[8.25324892,56.70782746],[8.25318256,56.70782921],[8.25311451,56.70783465],[8.25332633,56.70784454]]],[[[8.26538269,56.77339274],[8.26527429,56.77343019],[8.26516689,56.77345849],[8.26499377,56.77348388],[8.26538269,56.77339274]]],[[[8.82994209,56.96812942],[8.82998214,56.96814682],[8.83004973,56.96818635],[8.83014984,56.96826976],[8.82994209,56.96812942]]],[[[8.83054068,56.96873025],[8.83061572,56.96875856],[8.83069778,56.96879838],[8.83075828,56.96884005],[8.83054068,56.96873025]]],[[[8.83134179,56.96899985],[8.8316993,56.96908558],[8.83173937,56.96910082],[8.83174489,56.96911583],[8.83134179,56.96899985]]],[[[8.90163956,56.97901145],[8.90166652,56.97902144],[8.90165693,56.97903617],[8.90150422,56.97904934],[8.90163956,56.97901145]]],[[[8.90076825,56.97993885],[8.90077776,56.97995323],[8.90074229,56.97998887],[8.90067887,56.98001792],[8.90076825,56.97993885]]],[[[8.91019002,56.98116997],[8.91005297,56.98116484],[8.91003639,56.98115162],[8.91005189,56.9811352],[8.91019002,56.98116997]]],[[[8.90898371,56.98102051],[8.90889753,56.98107264],[8.90876675,56.98112906],[8.90872065,56.9811434],[8.90898371,56.98102051]]],[[[8.89898066,56.98128162],[8.89882497,56.98129578],[8.89845642,56.98135693],[8.89828246,56.98137314],[8.89898066,56.98128162]]],[[[8.90593993,56.98178501],[8.90588737,56.98181138],[8.90582499,56.98181951],[8.90574373,56.98181405],[8.90593993,56.98178501]]],[[[8.85491023,56.98858448],[8.85511062,56.98868137],[8.85517389,56.98870624],[8.85536718,56.98876602],[8.85491023,56.98858448]]],[[[8.85410766,56.99034988],[8.8541032,56.99039524],[8.85407727,56.99041902],[8.85404002,56.99043353],[8.85410766,56.99034988]]],[[[8.594397,57.12275893],[8.59442351,57.12276692],[8.5944424,57.12277588],[8.59445202,57.12278741],[8.594397,57.12275893]]]]}},{"type":"Feature","properties":{"kode":"0791","navn":"Viborg"},"geometry":{"type":"MultiPolygon","coordinates":[[[[9.51318304,56.68265925],[9.49545934,56.68237577],[9.49238721,56.67525746],[9.47717477,56.67463208],[9.4751261,56.6676237],[9.46403288,56.66247668],[9.46579067,56.65647817],[9.45586066,56.647454],[9.45540291,56.63689924],[9.41885357,56.64136089],[9.42371394,56.64630384],[9.39476486,56.65345779],[9.39086025,56.6600239],[9.39583874,56.66535117],[9.36491355,56.66261026],[9.3540216,56.67137535],[9.33496292,56.67083827],[9.33094505,56.66803422],[9.31958796,56.67216769],[9.32203643,56.66664627],[9.32496681,56.66666849],[9.32248752,56.66478793],[9.32484916,56.65228948],[9.32037355,56.63993542],[9.31561322,56.63865675],[9.31316681,56.63399076],[9.31152515,56.62699979],[9.31387256,56.62449183],[9.31061015,56.61598732],[9.30196888,56.60810545],[9.29237037,56.6053822],[9.29744542,56.60296306],[9.29809258,56.59839345],[9.29186929,56.58676891],[9.2868787,56.56394057],[9.29510783,56.55378456],[9.30873511,56.55187844],[9.33882246,56.55791105],[9.35820695,56.56628946],[9.37502267,56.56669197],[9.36797532,56.56192894],[9.36611145,56.5553545],[9.36596241,56.54141036],[9.3703523,56.53843723],[9.36921578,56.53534096],[9.36355881,56.53408924],[9.33662813,56.54094648],[9.30697025,56.52563554],[9.30645699,56.52065128],[9.30053261,56.52051661],[9.30074221,56.5277316],[9.30620071,56.52920094],[9.30813036,56.53392322],[9.2938904,56.53403308],[9.27745947,56.5422824],[9.26064222,56.55580504],[9.25542046,56.57172197],[9.2470218,56.57228247],[9.24056585,56.56417535],[9.22857103,56.56359765],[9.22261676,56.55968768],[9.22364765,56.55478246],[9.23070986,56.5496829],[9.22699237,56.54585278],[9.22023828,56.54562829],[9.2190215,56.54158549],[9.21100519,56.53885397],[9.20902399,56.53342746],[9.19360439,56.52473651],[9.17634942,56.52517214],[9.12800984,56.51663912],[9.11783646,56.51883782],[9.10470431,56.52704918],[9.10513434,56.52953797],[9.09658582,56.52864622],[9.08584245,56.5360833],[9.04983755,56.52217236],[9.04407401,56.52542412],[9.02987549,56.52255664],[9.02514469,56.52583691],[9.01937622,56.52498517],[9.00413895,56.51564359],[8.98615269,56.51799208],[8.98066398,56.52424092],[8.97403528,56.52338828],[8.97222724,56.51749858],[8.97797202,56.51533706],[8.98041046,56.50460341],[8.98707486,56.50211341],[8.98187206,56.50102307],[8.98542282,56.49976476],[8.98865277,56.49227342],[8.98834033,56.48156006],[8.98330722,56.47526314],[8.98601577,56.47360462],[8.98266684,56.47197383],[8.98406854,56.45985568],[8.9865335,56.45876807],[8.98274392,56.45662278],[8.98540692,56.45697199],[8.98349161,56.45474248],[8.99088145,56.4505819],[8.98874685,56.44932985],[9.00093027,56.44516309],[8.99902403,56.44363459],[9.00215079,56.44052762],[9.00187866,56.43448389],[8.99720539,56.43295465],[8.99955555,56.43107336],[8.99466031,56.42743865],[8.9952647,56.42251221],[9.00112477,56.41807439],[8.99803137,56.41502186],[9.00076914,56.41021301],[9.009123,56.40548358],[9.01688395,56.40488396],[9.01949589,56.40721987],[9.02626709,56.4021253],[9.0342439,56.40173523],[9.03445671,56.39965628],[9.0366765,56.40136528],[9.06054147,56.39190653],[9.06063317,56.3886581],[9.06495121,56.38739864],[9.06248225,56.38720252],[9.06363301,56.38469223],[9.07396646,56.38007742],[9.07218371,56.37894293],[9.07508309,56.37996777],[9.077318,56.3718622],[9.07414755,56.3708507],[9.08793815,56.36680598],[9.08734053,56.36483585],[9.09604912,56.36095982],[9.09556786,56.35846926],[9.10742386,56.34973962],[9.10549355,56.34452752],[9.11215106,56.33511153],[9.0981623,56.33099154],[9.07981181,56.31906875],[9.05876107,56.32947754],[9.05367596,56.3359996],[9.05077874,56.3315899],[9.04486188,56.32971847],[9.04249366,56.31456439],[9.06044029,56.30477174],[9.06718013,56.30472891],[9.06244399,56.30300385],[9.06310272,56.29929292],[9.05739543,56.30170803],[9.06106189,56.29344332],[9.0645175,56.29289647],[9.0657656,56.28942995],[9.06338375,56.28876202],[9.07539347,56.29168021],[9.08665473,56.28697267],[9.08783284,56.27647746],[9.11873847,56.27737682],[9.11129603,56.26726479],[9.18683154,56.26834336],[9.19452977,56.27603999],[9.19950948,56.27444459],[9.19787422,56.27039805],[9.1999666,56.26932705],[9.19767438,56.26921905],[9.20127065,56.26823322],[9.20153705,56.26387096],[9.19519183,56.26175807],[9.19724472,56.25264714],[9.19055427,56.25000977],[9.19221595,56.24593717],[9.19023866,56.24211243],[9.19395839,56.24169354],[9.19589193,56.23634186],[9.20524894,56.23196143],[9.20363878,56.23089878],[9.20649495,56.22849758],[9.21004516,56.22891047],[9.20972909,56.22585137],[9.21258703,56.2253908],[9.21037962,56.22430563],[9.2140785,56.22292562],[9.2128274,56.22086329],[9.22058994,56.21841225],[9.2250527,56.21945748],[9.22783247,56.22509457],[9.23242384,56.22575207],[9.22224164,56.23390726],[9.22473984,56.24317703],[9.22253273,56.25759879],[9.23201377,56.2702209],[9.23108278,56.27231587],[9.24955168,56.27308001],[9.23095928,56.28196723],[9.2385051,56.28454345],[9.2489972,56.28303001],[9.25249289,56.27950395],[9.26189423,56.28394777],[9.25620869,56.2899158],[9.27759117,56.30704045],[9.29754115,56.31221469],[9.29395239,56.31753015],[9.30837569,56.32484309],[9.30652933,56.32872781],[9.29841598,56.33103633],[9.30791296,56.33272384],[9.31660741,56.33958568],[9.32645402,56.34358743],[9.33904185,56.3414368],[9.37530322,56.3448094],[9.37173967,56.34875859],[9.37851684,56.34671593],[9.37031781,56.3508008],[9.36597856,56.35725341],[9.36933709,56.36084552],[9.40366481,56.34964092],[9.4226325,56.36226653],[9.43251133,56.36349389],[9.4383362,56.36954957],[9.48093506,56.3525637],[9.48145454,56.34690267],[9.46073178,56.34208961],[9.46884628,56.32696924],[9.47209839,56.32387562],[9.48130744,56.32490101],[9.48071258,56.32136545],[9.48909074,56.31317689],[9.50817109,56.30849188],[9.51315752,56.31097111],[9.51316903,56.31557838],[9.52579539,56.31652812],[9.54714846,56.31321206],[9.55668982,56.31753663],[9.57044864,56.31644467],[9.58520703,56.31973799],[9.59774206,56.31480082],[9.6008218,56.30949637],[9.60659406,56.30707284],[9.61655677,56.31039713],[9.62428325,56.30927075],[9.63871662,56.31455475],[9.66078514,56.31517414],[9.66700615,56.31907646],[9.66712973,56.32717416],[9.70034434,56.32661945],[9.72172076,56.33025007],[9.72260856,56.33520177],[9.70544453,56.3429277],[9.70523116,56.34806727],[9.70155823,56.34927202],[9.7017986,56.35214037],[9.70622461,56.35352152],[9.70121284,56.3579442],[9.70184498,56.36631182],[9.6885937,56.37576027],[9.70629242,56.37720922],[9.71994936,56.38326541],[9.73016552,56.38436596],[9.71575696,56.39230721],[9.72525565,56.39119085],[9.73272207,56.39351478],[9.73208534,56.39669264],[9.74264147,56.39927461],[9.7365327,56.40200059],[9.74097573,56.40953129],[9.74639289,56.41010582],[9.74603277,56.41520748],[9.75515554,56.41547224],[9.75927314,56.41873171],[9.74937342,56.42610978],[9.75028629,56.42906083],[9.75654634,56.42895167],[9.7694998,56.44145984],[9.76908175,56.43913541],[9.77276418,56.43905216],[9.77197145,56.4455359],[9.78633483,56.46027718],[9.78676031,56.47634306],[9.78368566,56.48041059],[9.78403367,56.48696542],[9.78874301,56.49400744],[9.78539639,56.52088153],[9.79147404,56.52997419],[9.78060266,56.54612922],[9.79582392,56.56161017],[9.75074354,56.55537529],[9.7463385,56.56412767],[9.73141454,56.57104108],[9.72652399,56.57886739],[9.70312261,56.58951601],[9.69431976,56.59008241],[9.69483219,56.58783652],[9.68998391,56.58722697],[9.67734123,56.59009705],[9.66763184,56.58516638],[9.6589214,56.58474556],[9.65463756,56.58072388],[9.64140468,56.58056292],[9.63581809,56.58608802],[9.64285377,56.59060169],[9.64689767,56.60397767],[9.64459803,56.60837186],[9.6766073,56.61500789],[9.67630999,56.62107246],[9.67066855,56.62842374],[9.63934783,56.63189405],[9.59712534,56.62889244],[9.56419033,56.63508328],[9.57172789,56.64004626],[9.56803594,56.64255842],[9.57058616,56.64419967],[9.568416,56.64842174],[9.53769158,56.6505951],[9.53880951,56.65314069],[9.53649532,56.65395036],[9.53129049,56.65091636],[9.52772429,56.65584424],[9.54156638,56.66343202],[9.53831869,56.66714684],[9.53428773,56.66667429],[9.53304363,56.67111257],[9.52189662,56.66901401],[9.5290252,56.67939634],[9.51638304,56.6801559],[9.5132921,56.68263688],[9.51318304,56.68265925]]],[[[8.98328489,56.47436606],[8.98316731,56.47447628],[8.98296916,56.4746934],[8.9829448,56.47473563],[8.98328489,56.47436606]]],[[[9.3708746,56.56600032],[9.37086292,56.56600385],[9.37081248,56.56602152],[9.37076711,56.5660416],[9.3708746,56.56600032]]],[[[9.29088684,56.60624591],[9.29081653,56.60625434],[9.29076276,56.6062524],[9.29073491,56.6062318],[9.29088684,56.60624591]]]]}},{"type":"Feature","properties":{"kode":"0810","navn":"Brønderslev"},"geometry":{"type":"MultiPolygon","coordinates":[[[[9.88959191,57.33886342],[9.86667861,57.34272833],[9.86313698,57.33705871],[9.85245736,57.33272154],[9.8315883,57.33865493],[9.83056066,57.32836],[9.82483864,57.31640353],[9.79223551,57.31531478],[9.78513776,57.31271106],[9.78555326,57.3081317],[9.78326543,57.30712842],[9.77127804,57.30710367],[9.7838937,57.29317022],[9.78070821,57.28283566],[9.78300156,57.27108597],[9.74681363,57.25256107],[9.74574893,57.25060226],[9.74832419,57.25058857],[9.74019483,57.24378405],[9.73902515,57.23750019],[9.83888462,57.21662952],[9.83727691,57.22246959],[9.89045024,57.22391107],[9.89243287,57.23059841],[9.90135509,57.2297305],[9.90072981,57.22724482],[9.9061989,57.22958893],[9.93401632,57.22606313],[9.92905011,57.21729409],[9.94095854,57.21860213],[9.93690507,57.21331581],[9.94053604,57.21214918],[9.94515162,57.21711314],[9.96246343,57.20800678],[9.99194045,57.19910432],[9.98533772,57.19500132],[10.01993226,57.19276705],[10.03937784,57.18334903],[10.07879079,57.15021745],[10.08463405,57.15427758],[10.09227312,57.15095769],[10.10087007,57.15296144],[10.11066177,57.1493193],[10.12199353,57.1410399],[10.13488767,57.13916844],[10.13722217,57.13510323],[10.14443732,57.13321304],[10.15394051,57.12665827],[10.16050577,57.11649618],[10.22285073,57.10832511],[10.23820294,57.11010963],[10.27233375,57.10633919],[10.27681259,57.11006255],[10.29563527,57.10765106],[10.3048557,57.1096821],[10.32620901,57.09885314],[10.33609891,57.10007385],[10.3312226,57.09837145],[10.33399645,57.09059233],[10.32831182,57.08259769],[10.3354164,57.07457839],[10.33377716,57.07119948],[10.33955885,57.07054259],[10.35365465,57.07892386],[10.36409937,57.08917475],[10.38939935,57.08862803],[10.40013578,57.11319061],[10.40600481,57.11271309],[10.4006397,57.11367859],[10.40205183,57.12008756],[10.40572403,57.12137866],[10.41591899,57.14047132],[10.41871618,57.1406964],[10.41784996,57.14343799],[10.42223986,57.14420327],[10.41870799,57.14051276],[10.42049406,57.14022687],[10.4289471,57.14373245],[10.42617566,57.14319627],[10.42798904,57.1453637],[10.42178294,57.14766098],[10.44228262,57.17008877],[10.430152,57.17123259],[10.40646192,57.18427166],[10.42063259,57.18857003],[10.42162996,57.19354658],[10.40986763,57.20766332],[10.40621406,57.20811981],[10.41438588,57.21773927],[10.39795478,57.22641598],[10.38601824,57.22908675],[10.37511525,57.23838495],[10.36896192,57.2387675],[10.37077849,57.24370634],[10.36682338,57.24361503],[10.3833239,57.25485293],[10.37628262,57.26510771],[10.36665524,57.26206839],[10.34401997,57.26701837],[10.32421317,57.27724883],[10.32051938,57.2766446],[10.31663385,57.26874676],[10.31857757,57.26304008],[10.30072257,57.26792605],[10.28864927,57.2677985],[10.25913306,57.25562674],[10.26240757,57.25309355],[10.26027725,57.2512777],[10.24268736,57.24692377],[10.24094418,57.24994093],[10.2337816,57.24739227],[10.22469639,57.2501466],[10.21489865,57.24858165],[10.21687116,57.25321042],[10.2115685,57.26602056],[10.21278571,57.28523308],[10.21828594,57.28649605],[10.21946657,57.29365988],[10.22253067,57.29413592],[10.22058248,57.29804829],[10.21031123,57.29920434],[10.21284816,57.30307199],[10.203535,57.30668196],[10.2058864,57.30978179],[10.20452473,57.31666965],[10.19325815,57.31856813],[10.19021971,57.32738741],[10.19788372,57.33380522],[10.19360236,57.33775055],[10.18221903,57.33800138],[10.17976991,57.33448574],[10.17328771,57.33580632],[10.17371412,57.33186178],[10.16795233,57.32761405],[10.15948215,57.32580975],[10.1441978,57.32954749],[10.13662428,57.32683449],[10.13408274,57.33069232],[10.11469732,57.32807915],[10.1164312,57.33033666],[10.11021042,57.3317548],[10.09863185,57.32405875],[10.08923796,57.32536877],[10.08121644,57.33042201],[10.06869793,57.33171767],[10.06259365,57.32584303],[10.06974364,57.32496978],[10.06554605,57.32092457],[10.06908893,57.31902052],[10.06769449,57.31530548],[10.04150869,57.31418823],[10.02816708,57.32183767],[10.01902355,57.3213098],[9.99057898,57.327576],[9.96831562,57.33607777],[9.94623306,57.33510493],[9.94576381,57.33007059],[9.9375203,57.32957108],[9.94156735,57.32536882],[9.94084042,57.32017567],[9.93144577,57.3212697],[9.90057727,57.32878004],[9.8942896,57.3388578],[9.88973678,57.33884973],[9.88959191,57.33886342]]]]}},{"type":"Feature","properties":{"kode":"0813","navn":"Frederikshavn"},"geometry":{"type":"MultiPolygon","coordinates":[[[[10.61410162,57.75255928],[10.57445455,57.74738534],[10.52359376,57.73064653],[10.33303069,57.64044956],[10.27094582,57.61858268],[10.27624403,57.61219976],[10.28308075,57.61026143],[10.33691325,57.60672256],[10.33624665,57.59775574],[10.32073995,57.57348238],[10.31846785,57.56057025],[10.31401173,57.55883621],[10.31199923,57.55444246],[10.32270695,57.53955641],[10.33570055,57.53195151],[10.33855913,57.52663222],[10.3460513,57.52294888],[10.34774177,57.52611119],[10.36644796,57.51191561],[10.36382083,57.51063796],[10.37496367,57.5056168],[10.37008806,57.50009015],[10.39080746,57.49217764],[10.38760091,57.48878326],[10.39271295,57.48414899],[10.41183571,57.4791714],[10.40328481,57.47473515],[10.3678925,57.47079269],[10.36810223,57.46133243],[10.36146111,57.45685694],[10.36050097,57.45263741],[10.34912953,57.45377219],[10.33446132,57.4506898],[10.33142357,57.44755331],[10.31654957,57.44964528],[10.31256148,57.44783466],[10.3135187,57.43974283],[10.30487452,57.43664982],[10.30527856,57.43309612],[10.29872195,57.42729381],[10.32277913,57.41901263],[10.32438527,57.4145251],[10.31992429,57.40988133],[10.33029735,57.4067672],[10.32634066,57.40088789],[10.33411289,57.39399851],[10.35162518,57.39015451],[10.37656803,57.39112441],[10.38257902,57.38710838],[10.38866838,57.39023269],[10.39066347,57.38620901],[10.37366408,57.38306368],[10.37405271,57.38076591],[10.35459969,57.38134511],[10.35469402,57.37901832],[10.34951383,57.37932927],[10.34686988,57.3757912],[10.34611945,57.37866862],[10.34017559,57.37591914],[10.32788789,57.38194001],[10.3216,57.38010839],[10.31984008,57.3764844],[10.30340553,57.37589259],[10.24102836,57.38486484],[10.23644477,57.37536867],[10.22757501,57.37247112],[10.23097692,57.36548622],[10.22441882,57.36005082],[10.18774043,57.35747405],[10.19142616,57.34734117],[10.18285697,57.34747338],[10.19245943,57.34454622],[10.19294652,57.33897245],[10.19076292,57.33823894],[10.19788372,57.33380522],[10.19021971,57.32738741],[10.19277108,57.31937671],[10.20452473,57.31666965],[10.2058864,57.30978179],[10.203535,57.30668196],[10.21284816,57.30307199],[10.21031123,57.29920434],[10.22058248,57.29804829],[10.22253067,57.29413592],[10.21946657,57.29365988],[10.21828594,57.28649605],[10.21278571,57.28523308],[10.2115685,57.26602056],[10.21687116,57.25321042],[10.21489865,57.24858165],[10.22469639,57.2501466],[10.2337816,57.24739227],[10.24094418,57.24994093],[10.24268736,57.24692377],[10.26027725,57.2512777],[10.26240757,57.25309355],[10.25913306,57.25562674],[10.28864927,57.2677985],[10.30072257,57.26792605],[10.31857757,57.26304008],[10.31663385,57.26874676],[10.32051938,57.2766446],[10.32421317,57.27724883],[10.34401997,57.26701837],[10.36665524,57.26206839],[10.37628262,57.26510771],[10.3833239,57.25485293],[10.36682338,57.24361503],[10.37077849,57.24370634],[10.36910657,57.24247766],[10.37135899,57.24126924],[10.36811622,57.24015462],[10.38174556,57.23436337],[10.38601824,57.22908675],[10.39795478,57.22641598],[10.41438588,57.21773927],[10.40621406,57.20811981],[10.40986763,57.20766332],[10.42162996,57.19354658],[10.42063259,57.18857003],[10.40638826,57.18442773],[10.43151941,57.17082393],[10.44405622,57.1707024],[10.46897657,57.19063797],[10.49053356,57.20321187],[10.50611156,57.19989183],[10.49402983,57.20501573],[10.51240564,57.20899427],[10.52781554,57.21610637],[10.54090257,57.22498822],[10.54250849,57.22903643],[10.54042669,57.22552073],[10.54584685,57.22670047],[10.54487871,57.22152769],[10.5499556,57.24704773],[10.54934127,57.25922533],[10.52732298,57.32433109],[10.52909345,57.32901298],[10.53640444,57.33281486],[10.52932058,57.33390741],[10.53624442,57.33314411],[10.52828138,57.33573002],[10.52208917,57.34525838],[10.5159451,57.37041514],[10.51557685,57.3872214],[10.52470103,57.40558575],[10.52444844,57.41346932],[10.52983942,57.41976589],[10.52791311,57.42404644],[10.53396036,57.42614634],[10.52850107,57.42449984],[10.52799664,57.4267026],[10.53374817,57.42695849],[10.52620208,57.42709917],[10.52708345,57.42910203],[10.55150185,57.43251012],[10.53509184,57.43148006],[10.54029151,57.43170869],[10.53570246,57.43355876],[10.54673648,57.43394122],[10.53892286,57.43570264],[10.53945879,57.43801906],[10.54544686,57.43686677],[10.54287387,57.4396197],[10.54995612,57.43713788],[10.54755839,57.43564155],[10.5533892,57.43742866],[10.54529997,57.44197296],[10.54827561,57.44390866],[10.56028842,57.43688021],[10.56041602,57.43045425],[10.56449753,57.43158813],[10.56235934,57.44095542],[10.5664937,57.44446214],[10.5567255,57.45013964],[10.54595378,57.4506339],[10.54056968,57.45931252],[10.5423642,57.46039312],[10.53953984,57.46460655],[10.54214831,57.46561809],[10.53680591,57.46301367],[10.53776481,57.46467187],[10.5348909,57.46483644],[10.54211459,57.46610392],[10.52953394,57.46999753],[10.50505254,57.4870551],[10.50361393,57.48937856],[10.50993345,57.49149609],[10.50951574,57.49410522],[10.50554027,57.49175559],[10.50643807,57.49433193],[10.50327642,57.49232173],[10.5017477,57.49438453],[10.50405419,57.49526957],[10.5009301,57.49620204],[10.50968484,57.49476173],[10.49923342,57.49735007],[10.46904826,57.51719984],[10.45206861,57.53253098],[10.44526457,57.53433578],[10.44808346,57.53514338],[10.43487502,57.55305232],[10.42843118,57.56724478],[10.42617552,57.58524775],[10.4279326,57.59151613],[10.43061939,57.59198793],[10.42765951,57.59281289],[10.43084812,57.59224866],[10.42857058,57.59392458],[10.43242946,57.6036013],[10.44825711,57.62584778],[10.51070826,57.67809034],[10.54920196,57.70225993],[10.57574058,57.71476688],[10.58527928,57.71147944],[10.60634496,57.7115615],[10.58321459,57.71276671],[10.59259945,57.71395347],[10.5859677,57.71561412],[10.59175552,57.71792178],[10.58113641,57.71564984],[10.59450599,57.72105492],[10.59150543,57.71904756],[10.59263645,57.71599218],[10.59573763,57.71650206],[10.59493814,57.71818036],[10.60156692,57.71970805],[10.59873631,57.72166028],[10.6008583,57.72239028],[10.6049624,57.71950173],[10.59695218,57.71590566],[10.60103433,57.71394016],[10.60935897,57.71861769],[10.60504292,57.72207524],[10.60881987,57.72538983],[10.65223191,57.74721951],[10.61745386,57.752431],[10.61410162,57.75255928]]],[[[10.54038853,57.22553513],[10.54043224,57.22556235],[10.5404685,57.22560971],[10.54048439,57.22566108],[10.54038853,57.22553513]]],[[[10.54140136,57.22642672],[10.54148605,57.22645156],[10.54154034,57.22649815],[10.54154159,57.22654818],[10.54140136,57.22642672]]],[[[10.54114722,57.22663235],[10.54115896,57.22668351],[10.54115742,57.22674974],[10.54114708,57.22684735],[10.54114722,57.22663235]]],[[[10.55370014,57.43375548],[10.55371122,57.43376522],[10.55372823,57.43378523],[10.5537567,57.4338006],[10.55370014,57.43375548]]],[[[10.57799345,57.45254326],[10.57616907,57.45210519],[10.58175685,57.449417],[10.5780928,57.45253977],[10.57799345,57.45254326]]],[[[10.60535959,57.47313287],[10.60462519,57.47542728],[10.6029954,57.47310671],[10.60532868,57.47300991],[10.60535959,57.47313287]]],[[[10.6212969,57.48702671],[10.61849753,57.48600503],[10.62475557,57.48323656],[10.62021618,57.48347464],[10.62732441,57.48172408],[10.62742679,57.48555205],[10.62165592,57.48701563],[10.6212969,57.48702671]]],[[[10.61401218,57.48885644],[10.6140147,57.48887941],[10.61400225,57.48893752],[10.613997,57.48896984],[10.61401218,57.48885644]]],[[[10.60087347,57.49225938],[10.60092093,57.49229139],[10.60090379,57.49229628],[10.6008811,57.49229648],[10.60087347,57.49225938]]],[[[10.59993484,57.49375612],[10.5998729,57.49380488],[10.59975815,57.49384407],[10.59968059,57.49386778],[10.59993484,57.49375612]]],[[[10.60026278,57.49538197],[10.60037143,57.49544357],[10.60045291,57.49552474],[10.60045275,57.49556293],[10.60026278,57.49538197]]],[[[10.60039195,57.49592765],[10.60047326,57.4959896],[10.60053462,57.4960801],[10.60044969,57.49609555],[10.60039195,57.49592765]]],[[[10.59882454,57.4977477],[10.59878916,57.49777052],[10.59874324,57.49778134],[10.59865422,57.49778346],[10.59882454,57.4977477]]],[[[10.60097497,57.49770336],[10.60596313,57.49268927],[10.60100725,57.4925291],[10.6035106,57.49011395],[10.61462255,57.48978812],[10.6164159,57.49286069],[10.61169051,57.49219648],[10.60110577,57.49769128],[10.60097497,57.49770336]]],[[[10.60407365,57.49770631],[10.60413369,57.49771687],[10.60418661,57.49774019],[10.60425694,57.49778763],[10.60407365,57.49770631]]],[[[10.5984838,57.49906516],[10.59853499,57.4990947],[10.59855508,57.49911519],[10.5986154,57.49925432],[10.5984838,57.49906516]]]]}},{"type":"Feature","properties":{"kode":"0820","navn":"Vesthimmerlands"},"geometry":{"type":"MultiPolygon","coordinates":[[[[9.39313023,57.01214502],[9.35159301,57.00782673],[9.30181604,56.99727295],[9.29539396,56.99880227],[9.28788357,56.99278534],[9.2834157,56.97737544],[9.27826807,56.97343566],[9.24185277,56.96721962],[9.22953908,56.95051234],[9.22374242,56.94905564],[9.21475806,56.94072006],[9.19804457,56.93594483],[9.19611546,56.92889717],[9.17802396,56.91760219],[9.17008662,56.89921421],[9.16351929,56.89230664],[9.16748318,56.89180118],[9.16407509,56.89212255],[9.1657676,56.88713008],[9.20003484,56.87353864],[9.20961557,56.86412544],[9.2115141,56.8516912],[9.20710792,56.84073833],[9.1887741,56.82174376],[9.16848704,56.80615809],[9.17490209,56.80444918],[9.18770709,56.78734203],[9.18863217,56.78048185],[9.18464152,56.76812274],[9.18746035,56.76540164],[9.18540458,56.76557334],[9.19882007,56.76785829],[9.231743,56.76142832],[9.24022345,56.75648346],[9.24336804,56.74488052],[9.24059833,56.73527932],[9.22245445,56.71650699],[9.20091333,56.70630783],[9.20340697,56.70535274],[9.20103162,56.70411044],[9.20090601,56.70600715],[9.19876438,56.70199979],[9.19152977,56.70112171],[9.17514654,56.68691928],[9.16065108,56.68259319],[9.16289804,56.67245105],[9.18051386,56.66537137],[9.19910139,56.67578469],[9.22352314,56.68155212],[9.23229385,56.68797587],[9.25167399,56.68928187],[9.27594393,56.69826863],[9.29097052,56.69859381],[9.30675483,56.69220185],[9.32284689,56.66962786],[9.33094505,56.66803422],[9.33496292,56.67083827],[9.3532457,56.67151654],[9.36617883,56.66252093],[9.39583874,56.66535117],[9.39086025,56.6600239],[9.39476486,56.65345779],[9.42371394,56.64630384],[9.41885357,56.64136089],[9.45540291,56.63689924],[9.45586066,56.647454],[9.46579067,56.65647817],[9.46406352,56.66251376],[9.4751261,56.6676237],[9.47719319,56.67464288],[9.49238721,56.67525746],[9.49545934,56.68237577],[9.51466548,56.68253804],[9.51638304,56.6801559],[9.5290252,56.67939634],[9.52189662,56.66901401],[9.54113399,56.67243419],[9.54014162,56.67465659],[9.54548536,56.67611613],[9.56388414,56.67155741],[9.56894348,56.67431939],[9.56697246,56.67955921],[9.57178015,56.68626742],[9.58007798,56.68290089],[9.59404403,56.68442805],[9.61099479,56.67992155],[9.62084898,56.6865361],[9.62233501,56.6973023],[9.62606576,56.70060432],[9.61591927,56.70052983],[9.58794829,56.70884111],[9.58430244,56.72163462],[9.57695575,56.73172525],[9.53398745,56.73770035],[9.51835197,56.74296278],[9.52002484,56.74758042],[9.52800553,56.74855947],[9.54506851,56.76281105],[9.54990708,56.77232838],[9.54710356,56.77562004],[9.56558753,56.77872063],[9.56682592,56.78505321],[9.58853377,56.80299207],[9.5890334,56.80077948],[9.6178646,56.79508769],[9.63826423,56.80115711],[9.62852089,56.80191459],[9.61642057,56.80784975],[9.62301646,56.81345678],[9.61264411,56.8187844],[9.62453765,56.82959488],[9.62244569,56.83906919],[9.63705678,56.84829406],[9.63521971,56.85194389],[9.64714402,56.8548055],[9.65753195,56.8533599],[9.65983817,56.85634541],[9.64247888,56.86356716],[9.63042839,56.86311819],[9.6272906,56.8668137],[9.61860268,56.86776341],[9.61076844,56.87347016],[9.61446362,56.87623138],[9.61043116,56.88206047],[9.59062897,56.8829995],[9.59025305,56.88574054],[9.57609625,56.88842728],[9.56809389,56.89441903],[9.56317728,56.89531073],[9.56362761,56.88868475],[9.55495318,56.8865193],[9.55709069,56.88150239],[9.54604713,56.88164753],[9.53274732,56.8777553],[9.50902404,56.88549861],[9.51101548,56.88688719],[9.50794433,56.89013118],[9.51360461,56.89631333],[9.50428412,56.90243599],[9.5213273,56.92042865],[9.51735114,56.92578978],[9.5196226,56.92987856],[9.5169837,56.93136796],[9.50295261,56.92917754],[9.4787511,56.9329361],[9.46051389,56.92681607],[9.46318811,56.92033091],[9.43377144,56.91887865],[9.43510435,56.9238156],[9.42285982,56.92719972],[9.42515538,56.93087094],[9.41782416,56.93544732],[9.42067562,56.93661292],[9.40953946,56.93512715],[9.40404977,56.94010723],[9.40685592,56.94727643],[9.40354345,56.95217939],[9.40662146,56.95462681],[9.40241517,56.95430416],[9.4033207,56.96002202],[9.40629856,56.96023473],[9.40911667,56.96702562],[9.40665126,56.97339783],[9.3907153,56.97910639],[9.40060903,56.98708049],[9.39447035,56.99253093],[9.39320974,57.01212779],[9.39313023,57.01214502]]],[[[9.32277515,56.66493946],[9.32289078,56.66497186],[9.32305826,56.66502039],[9.32320947,56.66507328],[9.32277515,56.66493946]]],[[[9.2038374,56.70696555],[9.2038546,56.70697406],[9.20396324,56.70706848],[9.20407277,56.70717692],[9.2038374,56.70696555]]],[[[9.08581419,56.90467736],[9.08143234,56.90454033],[9.06999791,56.89625213],[9.06989585,56.8912641],[9.07799041,56.88598645],[9.09157803,56.88270619],[9.13243061,56.86018736],[9.09816434,56.88027991],[9.0970376,56.88403516],[9.101472,56.89007871],[9.08596227,56.90466873],[9.08581419,56.90467736]]],[[[9.23946078,56.96459059],[9.23947684,56.96460628],[9.2395345,56.96467265],[9.2395703,56.96471723],[9.23946078,56.96459059]]],[[[9.24002864,56.96525267],[9.24004223,56.96526837],[9.24036403,56.96569411],[9.24037469,56.96571466],[9.24002864,56.96525267]]],[[[9.24052106,56.96591912],[9.24054615,56.96593263],[9.24057126,56.96596336],[9.24071789,56.96614279],[9.24052106,56.96591912]]],[[[9.26452257,56.99065146],[9.24834534,56.98876132],[9.24573108,56.98551893],[9.24867925,56.98209882],[9.26467946,56.99063577],[9.26452257,56.99065146]]],[[[9.26625145,56.99120882],[9.26618384,56.99121354],[9.26609125,56.99122299],[9.26599676,56.99121969],[9.26625145,56.99120882]]],[[[9.31149703,57.00180263],[9.29692192,56.99829144],[9.30945771,56.9993294],[9.31161895,57.00179496],[9.31149703,57.00180263]]],[[[9.29748201,57.00352194],[9.29750964,57.00356051],[9.29734121,57.00370276],[9.29723808,57.00371441],[9.29748201,57.00352194]]],[[[9.25868025,57.03046808],[9.24519729,57.02479222],[9.20786999,57.01830135],[9.20908763,57.02015666],[9.20019183,57.02793057],[9.17074724,57.02244675],[9.20909056,57.00060533],[9.23274281,56.99102237],[9.25489095,56.99177247],[9.28887672,57.00022807],[9.27814302,56.99942868],[9.28348485,57.00096141],[9.29116429,56.99926522],[9.30102793,57.00736614],[9.2926475,57.00436809],[9.29827997,57.00759515],[9.2894759,57.00815384],[9.28204635,57.01416182],[9.27342076,57.02539778],[9.27525834,57.02869857],[9.25930157,57.03030914],[9.25868025,57.03046808]]]]}},{"type":"Feature","properties":{"kode":"0825","navn":"Læsø"},"geometry":{"type":"MultiPolygon","coordinates":[[[[10.91720694,57.24313792],[10.91728616,57.24312197],[10.91746571,57.24310701],[10.9176454,57.24310768],[10.91720694,57.24313792]]],[[[10.92146852,57.22536568],[10.92151499,57.22537054],[10.92156693,57.22538188],[10.9216293,57.22539296],[10.92146852,57.22536568]]],[[[10.92016428,57.24455204],[10.92006455,57.24447962],[10.91992526,57.2444051],[10.9198661,57.24438282],[10.92016428,57.24455204]]],[[[10.9709959,57.21523223],[10.97104292,57.21523212],[10.97108316,57.21525988],[10.97112618,57.2152903],[10.9709959,57.21523223]]],[[[10.91805145,57.24398815],[10.9181003,57.24399064],[10.9181614,57.24399581],[10.91822159,57.24399948],[10.91805145,57.24398815]]],[[[10.90142491,57.35484066],[10.90141566,57.35481285],[10.9014135,57.35477102],[10.90150433,57.35467593],[10.90142491,57.35484066]]],[[[10.95460543,57.21311182],[10.95462766,57.21307805],[10.95472946,57.21303648],[10.95481913,57.21301918],[10.95460543,57.21311182]]],[[[10.97455228,57.21872953],[10.97476648,57.21865895],[10.97487391,57.21865789],[10.974892,57.21868942],[10.97455228,57.21872953]]],[[[10.89633326,57.24717093],[10.89636836,57.24715081],[10.89636677,57.24711975],[10.89635996,57.24706792],[10.89633326,57.24717093]]],[[[10.97194315,57.22143937],[10.97194518,57.22140609],[10.97198683,57.22137336],[10.97203529,57.22133791],[10.97194315,57.22143937]]],[[[10.97542226,57.215831],[10.9753756,57.21583192],[10.97534594,57.21582223],[10.97533396,57.2157872],[10.97542226,57.215831]]],[[[10.99528263,57.19971563],[10.99531495,57.19972249],[10.99531668,57.19974537],[10.9952885,57.19976918],[10.99528263,57.19971563]]],[[[10.99990869,57.21135572],[10.99987662,57.2113202],[10.99987213,57.21129215],[10.99992515,57.21124988],[10.99990869,57.21135572]]],[[[10.99102191,57.21897589],[10.99104016,57.21891504],[10.99107683,57.21887321],[10.99115953,57.21886498],[10.99102191,57.21897589]]],[[[11.01176345,57.21331314],[11.011767,57.21330239],[11.01180994,57.21330009],[11.01186249,57.21331335],[11.01176345,57.21331314]]],[[[10.99010274,57.21660896],[10.99009378,57.21655025],[10.99008557,57.21651157],[10.99011397,57.21645765],[10.99010274,57.21660896]]],[[[11.17022026,57.27294378],[11.17030243,57.27296168],[11.17038729,57.27303956],[11.17041313,57.27311217],[11.17022026,57.27294378]]],[[[11.16115889,57.26361404],[11.16115798,57.26357011],[11.16118702,57.26357321],[11.16120942,57.26358765],[11.16115889,57.26361404]]],[[[11.16111878,57.26298599],[11.16114764,57.26298595],[11.16116601,57.26300225],[11.16118049,57.26302303],[11.16111878,57.26298599]]],[[[11.17617153,57.27882378],[11.17626607,57.27882609],[11.17644455,57.27887332],[11.17658671,57.2789432],[11.17617153,57.27882378]]],[[[11.16100595,57.26339247],[11.16101144,57.26337306],[11.16103025,57.26338262],[11.16104814,57.26339085],[11.16100595,57.26339247]]],[[[11.16931541,57.27454872],[11.16932107,57.27459427],[11.16932857,57.27464841],[11.16935535,57.27468335],[11.16931541,57.27454872]]],[[[11.15865804,57.2640019],[11.15864369,57.26398336],[11.15859625,57.26396621],[11.15859323,57.2639429],[11.15865804,57.2640019]]],[[[10.95879236,57.22018372],[10.95279881,57.22035758],[10.95554173,57.2181887],[10.95895779,57.2200611],[10.95879236,57.22018372]]],[[[10.95763741,57.2336809],[10.95767939,57.23370073],[10.95769627,57.23373479],[10.95769896,57.23376377],[10.95763741,57.2336809]]],[[[10.94366178,57.23716051],[10.94372402,57.23716233],[10.94375049,57.23717405],[10.94377666,57.2371802],[10.94366178,57.23716051]]],[[[10.94176723,57.23783828],[10.94173612,57.23783597],[10.94170849,57.23783361],[10.94170589,57.23781874],[10.94176723,57.23783828]]],[[[10.92740474,57.24293649],[10.92738798,57.24292974],[10.9273647,57.2429124],[10.92734612,57.24290891],[10.92740474,57.24293649]]],[[[10.91909425,57.24464764],[10.9191285,57.24461145],[10.91919789,57.24459134],[10.91924918,57.24460223],[10.91909425,57.24464764]]],[[[10.9919371,57.19749239],[10.99193692,57.19745529],[10.99193493,57.19744292],[10.99190843,57.19741809],[10.9919371,57.19749239]]],[[[11.00404845,57.20000775],[11.00400915,57.20000963],[11.00397271,57.1999909],[11.00391674,57.19995693],[11.00404845,57.20000775]]],[[[11.00971733,57.20100885],[11.0097267,57.20101365],[11.00976417,57.20103605],[11.00984532,57.20103664],[11.00971733,57.20100885]]],[[[11.00721493,57.2120994],[11.0072699,57.2121448],[11.00726991,57.21220006],[11.0072159,57.21225753],[11.00721493,57.2120994]]],[[[10.99406906,57.2067193],[11.00100085,57.21072354],[10.99309614,57.2095941],[10.98740651,57.20541666],[10.99181339,57.20299956],[10.99397449,57.20649473],[10.99406906,57.2067193]]],[[[10.99185159,57.21056855],[10.99183911,57.21050288],[10.99171004,57.21043386],[10.99161786,57.21036721],[10.99185159,57.21056855]]],[[[10.99706505,57.21252623],[10.9953263,57.21202428],[10.9993019,57.21307262],[10.99713362,57.21254797],[10.99706505,57.21252623]]],[[[10.99953709,57.21270595],[10.99951304,57.21253984],[10.99951566,57.21244751],[10.99953564,57.21240658],[10.99953709,57.21270595]]],[[[10.99963193,57.21324986],[10.99963352,57.21321794],[10.99969941,57.21319308],[10.99988866,57.2131251],[10.99963193,57.21324986]]],[[[11.01653973,57.21467096],[11.01251161,57.21346136],[11.02356765,57.21593878],[11.01668528,57.21471912],[11.01653973,57.21467096]]],[[[11.01122434,57.21971251],[11.01118893,57.21972215],[11.01108227,57.21970104],[11.01078637,57.21963272],[11.01122434,57.21971251]]],[[[11.00491999,57.21773742],[11.0049216,57.21772418],[11.0049496,57.21770613],[11.00497231,57.21768519],[11.00491999,57.21773742]]],[[[11.00313817,57.21732737],[11.00324349,57.21732703],[11.00327238,57.21732531],[11.00328788,57.21732713],[11.00313817,57.21732737]]],[[[10.91880191,57.24464815],[10.91871151,57.24464055],[10.91858856,57.24461565],[10.91847969,57.24458721],[10.91880191,57.24464815]]],[[[10.91721342,57.24392978],[10.91720927,57.24393927],[10.91716984,57.24394581],[10.91713454,57.2439459],[10.91721342,57.24392978]]],[[[10.89050592,57.24520987],[10.89053571,57.24512146],[10.89061258,57.24497833],[10.89067905,57.24492684],[10.89050592,57.24520987]]],[[[10.91707439,57.22393643],[10.92095319,57.22530896],[10.91413699,57.22508543],[10.91694641,57.22397927],[10.91707439,57.22393643]]],[[[10.91630514,57.2295103],[10.92100175,57.22820551],[10.91134429,57.231888],[10.91626659,57.22954315],[10.91630514,57.2295103]]],[[[10.91629431,57.22344696],[10.91628747,57.22341732],[10.91626389,57.22339073],[10.91622998,57.22336609],[10.91629431,57.22344696]]],[[[10.87135966,57.2545201],[10.86418224,57.25783277],[10.89370459,57.23778028],[10.90643716,57.23821737],[10.89578931,57.24019326],[10.87152005,57.25442346],[10.87135966,57.2545201]]],[[[10.86211911,57.26234557],[10.86020091,57.2628979],[10.86673341,57.26323123],[10.85930425,57.26524288],[10.86814971,57.2651011],[10.85830113,57.26778764],[10.86011173,57.26178686],[10.86222651,57.26233463],[10.86211911,57.26234557]]],[[[11.03805655,57.22831148],[11.03805755,57.22827553],[11.03809862,57.2282453],[11.03813411,57.22823385],[11.03805655,57.22831148]]],[[[11.06776017,57.24077782],[11.06806664,57.24069262],[11.06831491,57.24059508],[11.06862646,57.24044385],[11.06776017,57.24077782]]],[[[11.06812441,57.24199323],[11.0681387,57.241985],[11.0682061,57.24196043],[11.06861406,57.24191454],[11.06812441,57.24199323]]],[[[10.9121858,57.18133258],[10.91219368,57.18131234],[10.91220638,57.18129858],[10.91224733,57.18129067],[10.9121858,57.18133258]]],[[[10.93364479,57.17918227],[10.93546724,57.18058123],[10.93235876,57.17977193],[10.92984265,57.18448239],[10.93356625,57.17917701],[10.93364479,57.17918227]]],[[[10.95527535,57.2214246],[10.95531966,57.22140109],[10.95534421,57.22137042],[10.95534396,57.22133125],[10.95527535,57.2214246]]],[[[10.94974447,57.22329517],[10.94973036,57.22328847],[10.94970855,57.22328],[10.949678,57.22326934],[10.94974447,57.22329517]]],[[[10.95172815,57.22334945],[10.9516738,57.22335865],[10.95163126,57.22336865],[10.95157193,57.22337739],[10.95172815,57.22334945]]],[[[10.95561239,57.22815601],[10.95561799,57.22812717],[10.95563052,57.22810101],[10.95564888,57.22806927],[10.95561239,57.22815601]]],[[[10.96114409,57.22818378],[10.96287702,57.22900735],[10.95828401,57.2289723],[10.96130164,57.22814016],[10.96114409,57.22818378]]],[[[10.94758331,57.23302547],[10.94757354,57.23306956],[10.94746072,57.23311704],[10.94736862,57.23313626],[10.94758331,57.23302547]]],[[[10.9208699,57.35810013],[10.92086349,57.35806977],[10.92084935,57.35804734],[10.92081945,57.35802866],[10.9208699,57.35810013]]],[[[10.92257517,57.35924458],[10.92254007,57.3592346],[10.92251382,57.35923177],[10.92248923,57.35923852],[10.92257517,57.35924458]]],[[[10.91787272,57.35939459],[10.91785297,57.35941753],[10.9178508,57.35944281],[10.91783769,57.35946565],[10.91787272,57.35939459]]],[[[10.92946944,57.36004279],[10.93301156,57.36461847],[10.92780743,57.35977256],[10.92293227,57.36169753],[10.91916503,57.35954372],[10.9294204,57.36000823],[10.92946944,57.36004279]]],[[[10.97067316,57.21569887],[10.97068169,57.21566639],[10.97071356,57.21564603],[10.97069659,57.21562285],[10.97067316,57.21569887]]],[[[10.97127605,57.21574036],[10.97127782,57.21572074],[10.97134757,57.21569628],[10.9714702,57.21566668],[10.97127605,57.21574036]]],[[[10.96951143,57.21522443],[10.96955501,57.21523426],[10.96958856,57.21523922],[10.96963247,57.21523017],[10.96951143,57.21522443]]],[[[10.97215686,57.21603023],[10.97220059,57.21603664],[10.97220444,57.21607154],[10.97219905,57.21613497],[10.97215686,57.21603023]]],[[[10.97139559,57.21805284],[10.97135198,57.21803331],[10.97126368,57.21799867],[10.97125567,57.21796662],[10.97139559,57.21805284]]],[[[10.96983964,57.21329722],[10.96982677,57.21327317],[10.96981319,57.21324525],[10.96983943,57.21322166],[10.96983964,57.21329722]]],[[[10.95816839,57.20955795],[10.95822902,57.2095739],[10.95820346,57.20961662],[10.95814751,57.20963878],[10.95816839,57.20955795]]],[[[10.98308195,57.21490769],[10.98290538,57.21298706],[10.99225365,57.21560452],[10.98310825,57.21492569],[10.98308195,57.21490769]]],[[[10.97880685,57.21233064],[10.97900369,57.21230795],[10.97923032,57.21229728],[10.97938105,57.21228861],[10.97880685,57.21233064]]],[[[10.980314,57.21285059],[10.98032351,57.21281782],[10.98033938,57.21275243],[10.98041006,57.21263118],[10.980314,57.21285059]]],[[[10.9993926,57.20974054],[10.99427195,57.20517328],[10.99553347,57.19975639],[11.03072918,57.20330283],[11.0410338,57.20895494],[11.02960846,57.21472151],[10.99946996,57.20981766],[10.9993926,57.20974054]]],[[[11.12840599,57.29277914],[11.12847891,57.29277737],[11.12850367,57.29275781],[11.12851501,57.29272715],[11.12840599,57.29277914]]],[[[10.89740463,57.27550642],[10.89738168,57.27551503],[10.89735282,57.27551493],[10.89733907,57.27550561],[10.89740463,57.27550642]]],[[[10.8970251,57.27624821],[10.89680257,57.27616262],[10.89658133,57.27609264],[10.89648559,57.27606955],[10.8970251,57.27624821]]],[[[10.89989912,57.27748303],[10.89993823,57.27748549],[10.89995636,57.27748953],[10.89997749,57.27750044],[10.89989912,57.27748303]]],[[[11.18746403,57.28691346],[11.18757327,57.28693375],[11.18760371,57.28694337],[11.18764359,57.28694996],[11.18746403,57.28691346]]],[[[11.19120271,57.28991879],[11.19379668,57.29329012],[11.18726764,57.28986484],[11.18845131,57.28774192],[11.19116417,57.28985395],[11.19120271,57.28991879]]],[[[11.17560238,57.2782713],[11.17563402,57.27826482],[11.1757169,57.27829169],[11.17585092,57.27837276],[11.17560238,57.2782713]]],[[[11.17397485,57.27843704],[11.17399152,57.27839901],[11.1740521,57.27837127],[11.17410471,57.27834907],[11.17397485,57.27843704]]],[[[11.17271417,57.27862067],[11.16918737,57.27887488],[11.17447603,57.27869839],[11.18020069,57.28431309],[11.1730374,57.27870305],[11.17271417,57.27862067]]],[[[11.16516524,57.26806472],[11.16520898,57.26799038],[11.16523,57.26796989],[11.16524725,57.26799825],[11.16516524,57.26806472]]],[[[11.16298953,57.26972511],[11.16287461,57.26973967],[11.16275375,57.269783],[11.16253336,57.26989129],[11.16298953,57.26972511]]],[[[11.16771921,57.27360562],[11.1677161,57.27358096],[11.16771495,57.27356714],[11.16772607,57.27353056],[11.16771921,57.27360562]]],[[[11.16986764,57.27232428],[11.16989407,57.27228303],[11.16990987,57.27228365],[11.16991739,57.27229871],[11.16986764,57.27232428]]],[[[11.17006612,57.27410731],[11.17000476,57.27412176],[11.16999326,57.27413499],[11.16995164,57.27414649],[11.17006612,57.27410731]]],[[[11.17092802,57.27379958],[11.17099306,57.27380825],[11.17110675,57.27388258],[11.17121364,57.27398209],[11.17092802,57.27379958]]],[[[10.95490378,57.21718751],[10.95497444,57.21718946],[10.95506417,57.21721062],[10.95517436,57.21724287],[10.95490378,57.21718751]]],[[[10.88920692,57.24947409],[10.88926018,57.249459],[10.88935288,57.24942409],[10.88937734,57.24939677],[10.88920692,57.24947409]]],[[[10.90354749,57.23986406],[10.91722126,57.24073891],[10.89234622,57.24610647],[10.89649363,57.24105805],[10.9035104,57.23986786],[10.90354749,57.23986406]]],[[[10.92467495,57.35887168],[10.92465139,57.35879648],[10.92461885,57.35873695],[10.92458989,57.35870784],[10.92467495,57.35887168]]],[[[10.92258822,57.17771206],[10.92254685,57.17771198],[10.92250544,57.17771099],[10.92244295,57.17770225],[10.92258822,57.17771206]]],[[[10.92506417,57.17725287],[10.92501503,57.17724644],[10.92496849,57.17723268],[10.92494096,57.1772155],[10.92506417,57.17725287]]],[[[10.92559879,57.17673915],[10.92551707,57.17670114],[10.92548962,57.17668548],[10.9254322,57.17665985],[10.92559879,57.17673915]]],[[[10.924235,57.17616794],[10.92427146,57.17618823],[10.9243032,57.17620059],[10.92433189,57.17621138],[10.924235,57.17616794]]],[[[10.92090281,57.17600874],[10.92087669,57.17598991],[10.92084027,57.17597357],[10.92076848,57.17595464],[10.92090281,57.17600874]]],[[[10.96452411,57.2104493],[10.95996742,57.21275176],[10.95461107,57.21121717],[10.96433963,57.21043035],[10.96452411,57.2104493]]],[[[10.95677212,57.2128449],[10.9570422,57.21280089],[10.95723147,57.21280064],[10.9575567,57.21289431],[10.95677212,57.2128449]]],[[[10.95924359,57.21384857],[10.95923279,57.21391676],[10.95919152,57.21395658],[10.95910201,57.21398323],[10.95924359,57.21384857]]],[[[10.95747942,57.21463086],[10.95745517,57.21463887],[10.95738704,57.21464092],[10.95732481,57.21463543],[10.95747942,57.21463086]]],[[[10.96456474,57.21761386],[10.96465116,57.21756021],[10.96468383,57.21754236],[10.96474579,57.21753959],[10.96456474,57.21761386]]],[[[10.96174931,57.21643111],[10.96330224,57.21779552],[10.95902801,57.21747708],[10.96165546,57.21641649],[10.96174931,57.21643111]]],[[[10.95270199,57.22028693],[10.95005595,57.21780345],[10.95495456,57.21640976],[10.95275455,57.22023778],[10.95270199,57.22028693]]],[[[10.92439311,57.1785823],[10.92433878,57.17857469],[10.92426103,57.17855908],[10.92419085,57.17854245],[10.92439311,57.1785823]]],[[[10.89367192,57.27323386],[10.87326836,57.26607903],[10.87082285,57.25636789],[10.88339848,57.25041722],[10.90658321,57.24717663],[10.91305137,57.24367353],[10.9244191,57.24685535],[10.94232942,57.24482166],[10.94662812,57.24312672],[10.94540161,57.24087639],[10.94865488,57.24268646],[10.94747644,57.2361931],[10.96802603,57.23369439],[10.96605011,57.23072145],[10.97029376,57.22905124],[10.97354553,57.21947578],[10.9785402,57.21836916],[10.97751525,57.2158703],[10.99108224,57.22033559],[10.99498469,57.21915847],[10.99197063,57.21676642],[10.99758683,57.21970844],[11.00427791,57.21760085],[11.06179777,57.23514331],[11.06778133,57.23902789],[11.06681625,57.24198726],[11.08715534,57.25468493],[11.09493448,57.27188068],[11.09406089,57.27883975],[11.07632204,57.28023576],[11.07307302,57.28291128],[11.08738064,57.29172645],[11.1095871,57.297524],[11.14653043,57.30096558],[11.16994869,57.29824022],[11.17402586,57.29994798],[11.17159211,57.30197831],[11.1863462,57.30926113],[11.18243385,57.30135145],[11.19316627,57.29803242],[11.19461766,57.29368429],[11.19032734,57.28616414],[11.18553878,57.28552315],[11.19441117,57.28594168],[11.19823494,57.29313118],[11.19592893,57.30542327],[11.20036793,57.32106344],[11.1947672,57.32414323],[11.17327685,57.32358899],[11.14693048,57.32820786],[11.13161377,57.32153606],[11.12104249,57.32004813],[11.12697982,57.32304205],[11.10884235,57.31836947],[11.02920473,57.31877748],[11.00963451,57.30621743],[10.97403617,57.30658876],[10.97573966,57.3049779],[10.96677892,57.30277277],[10.94916817,57.30295329],[10.92638341,57.29671775],[10.9229219,57.29839571],[10.92627166,57.29658972],[10.92370839,57.29515414],[10.92024203,57.29791687],[10.92212248,57.29483776],[10.91782663,57.28940813],[10.89391015,57.27337367],[10.89367192,57.27323386]]]]}},{"type":"Feature","properties":{"kode":"0840","navn":"Rebild"},"geometry":{"type":"MultiPolygon","coordinates":[[[[9.74787222,56.97094162],[9.72909028,56.97054264],[9.70971592,56.96030584],[9.71212204,56.95476819],[9.71546855,56.95509767],[9.71291449,56.94556611],[9.72027134,56.93914677],[9.70975038,56.93298695],[9.71232039,56.9253437],[9.71691929,56.92564856],[9.71522175,56.92099723],[9.67479195,56.92390888],[9.6680355,56.92111705],[9.64601892,56.92638183],[9.63753694,56.92315768],[9.62858127,56.91345791],[9.61264192,56.9133924],[9.59182177,56.89133347],[9.57477308,56.88902766],[9.59025305,56.88574054],[9.59072498,56.88297955],[9.61043116,56.88206047],[9.61446362,56.87623138],[9.61076844,56.87347016],[9.61855761,56.86778564],[9.6272906,56.8668137],[9.63042839,56.86311819],[9.64891929,56.86162677],[9.65978738,56.8563853],[9.65922804,56.85433515],[9.63521971,56.85194389],[9.63705678,56.84829406],[9.62244569,56.83906919],[9.62453765,56.82959488],[9.61264411,56.8187844],[9.62301646,56.81345678],[9.61642057,56.80784975],[9.62852089,56.80191459],[9.63826423,56.80115711],[9.6178646,56.79508769],[9.5890334,56.80077948],[9.58853377,56.80299207],[9.56682592,56.78505321],[9.56558753,56.77872063],[9.54710356,56.77562004],[9.54990708,56.77232838],[9.54506851,56.76281105],[9.52800553,56.74855947],[9.52002484,56.74758042],[9.51835197,56.74296278],[9.53398745,56.73770035],[9.57720011,56.73157669],[9.58430244,56.72163462],[9.58794829,56.70884111],[9.61591927,56.70052983],[9.62606576,56.70060432],[9.62233501,56.6973023],[9.62084898,56.6865361],[9.61099479,56.67992155],[9.61849989,56.67485724],[9.64030455,56.67135014],[9.64795191,56.66736347],[9.65133676,56.66170526],[9.67253078,56.65478553],[9.69465094,56.65615332],[9.7128467,56.6515243],[9.72208467,56.66761201],[9.72365329,56.67986667],[9.71702289,56.68282839],[9.71984791,56.68962726],[9.72795273,56.69895655],[9.72711378,56.7022396],[9.74202827,56.7062872],[9.74540837,56.71227828],[9.74975865,56.71361473],[9.74723688,56.71823598],[9.75284148,56.72135553],[9.76036446,56.73457719],[9.77861098,56.73546747],[9.79879678,56.72963002],[9.80002723,56.73773659],[9.81243456,56.74866445],[9.80641999,56.75272689],[9.80956715,56.75459084],[9.79319982,56.75391817],[9.7839971,56.75813398],[9.78313553,56.7623182],[9.77863992,56.76491249],[9.77217173,56.76407711],[9.77535969,56.7741786],[9.78809707,56.77812179],[9.78346744,56.78146664],[9.78541097,56.78510261],[9.77671349,56.79223529],[9.77703896,56.79709691],[9.79706369,56.81622384],[9.82504553,56.80352029],[9.84282295,56.80097981],[9.87048284,56.80302457],[9.90546203,56.79659273],[9.91197177,56.80063171],[9.93304745,56.80369371],[9.94738926,56.79741499],[9.98441766,56.79023245],[10.0465094,56.7956699],[10.05455546,56.78994963],[10.05796932,56.78083596],[10.04511483,56.77021253],[10.04978163,56.76888434],[10.0485786,56.76541084],[10.05371277,56.75894477],[10.06605951,56.75531343],[10.08561993,56.76193874],[10.09438236,56.76121581],[10.10977903,56.76548988],[10.11994856,56.76232007],[10.12431274,56.76846763],[10.15139882,56.77819695],[10.15336582,56.78337211],[10.16590972,56.78524774],[10.17971617,56.79774043],[10.22534921,56.79253753],[10.22820091,56.79589427],[10.21242453,56.80192915],[10.17557954,56.82372029],[10.17569715,56.8265803],[10.16940104,56.82995076],[10.15316167,56.84975207],[10.1621433,56.86177875],[10.16460339,56.87041656],[10.13717925,56.8700714],[10.1030526,56.87763164],[10.09383502,56.8698478],[10.08781018,56.88171973],[10.05962851,56.89090441],[10.06186818,56.89399072],[10.05925938,56.89577809],[10.06107252,56.90219678],[10.05728569,56.91105868],[10.03574532,56.91090813],[10.02212919,56.90377796],[10.00373172,56.90049744],[9.96333825,56.90623311],[9.92316334,56.89626225],[9.91210081,56.8920524],[9.90569897,56.88538065],[9.88782057,56.8887807],[9.87577302,56.88720186],[9.87296774,56.8923248],[9.8620994,56.89567943],[9.84977358,56.90402494],[9.83643428,56.90724701],[9.83070301,56.91489126],[9.83003112,56.9214579],[9.82358506,56.9228882],[9.83329147,56.92935119],[9.8366647,56.9422159],[9.81290816,56.9486111],[9.81510252,56.95005824],[9.81336726,56.95360605],[9.81636139,56.95441532],[9.81333171,56.95885128],[9.79689538,56.95817052],[9.80046943,56.96059483],[9.78157527,56.96197878],[9.77588885,56.95674207],[9.76981367,56.95726959],[9.76720604,56.957947],[9.76780752,56.96068043],[9.7715709,56.96298832],[9.76421869,56.96422695],[9.75518391,56.97086832],[9.74882877,56.97091011],[9.74787222,56.97094162]]]]}},{"type":"Feature","properties":{"kode":"0846","navn":"Mariagerfjord"},"geometry":{"type":"MultiPolygon","coordinates":[[[[10.23723203,56.85528772],[10.22254992,56.86083722],[10.19315627,56.84704927],[10.19187741,56.84373793],[10.20776435,56.83807417],[10.21444587,56.83969046],[10.22477597,56.83266237],[10.21600227,56.81301824],[10.19802131,56.81111868],[10.22820091,56.79589427],[10.22597467,56.79264954],[10.17971617,56.79774043],[10.16590972,56.78524774],[10.15336582,56.78337211],[10.15139882,56.77819695],[10.12431274,56.76846763],[10.11994856,56.76232007],[10.10977903,56.76548988],[10.09438236,56.76121581],[10.08561993,56.76193874],[10.06605951,56.75531343],[10.05371277,56.75894477],[10.0485786,56.76541084],[10.04978163,56.76888434],[10.04511483,56.77021253],[10.05796932,56.78083596],[10.05455546,56.78994963],[10.0465094,56.7956699],[9.98441766,56.79023245],[9.94738926,56.79741499],[9.93304745,56.80369371],[9.91197177,56.80063171],[9.90546203,56.79659273],[9.87048284,56.80302457],[9.84282295,56.80097981],[9.82504553,56.80352029],[9.79706369,56.81622384],[9.77703896,56.79709691],[9.77671349,56.79223529],[9.78541097,56.78510261],[9.78346744,56.78146664],[9.78809707,56.77812179],[9.77535969,56.7741786],[9.77217173,56.76407711],[9.77863992,56.76491249],[9.78313553,56.7623182],[9.7839971,56.75813398],[9.79319982,56.75391817],[9.80956715,56.75459084],[9.80641999,56.75272689],[9.81243456,56.74866445],[9.80002723,56.73773659],[9.79871376,56.72959947],[9.77861098,56.73546747],[9.76036446,56.73457719],[9.75284148,56.72135553],[9.74723688,56.71823598],[9.74975865,56.71361473],[9.74540837,56.71227828],[9.74202827,56.7062872],[9.72711378,56.7022396],[9.72795273,56.69895655],[9.71710306,56.68391188],[9.72368567,56.67967386],[9.72168279,56.66612673],[9.7128467,56.6515243],[9.69465094,56.65615332],[9.67074718,56.65508112],[9.64881143,56.6628792],[9.6488261,56.66659104],[9.64030455,56.67135014],[9.61849989,56.67485724],[9.60582623,56.68223694],[9.59397394,56.68443449],[9.58007798,56.68290089],[9.57221651,56.68627817],[9.56697246,56.67955921],[9.56894348,56.67431939],[9.56388414,56.67155741],[9.54548536,56.67611613],[9.54014162,56.67465659],[9.54113399,56.67243419],[9.53302063,56.67121724],[9.53428773,56.66667429],[9.53831869,56.66714684],[9.54156638,56.66343202],[9.52772429,56.65584424],[9.53129049,56.65091636],[9.53649532,56.65395036],[9.53880951,56.65314069],[9.53769158,56.6505951],[9.568416,56.64842174],[9.57058616,56.64419967],[9.56803594,56.64255842],[9.57172789,56.64004626],[9.56419033,56.63508328],[9.57716616,56.63167395],[9.59712534,56.62889244],[9.64518275,56.63182953],[9.67066855,56.62842374],[9.67630999,56.62107246],[9.67613855,56.61427112],[9.64459803,56.60837186],[9.64689767,56.60397767],[9.64285377,56.59060169],[9.63581809,56.58608802],[9.64364295,56.57988553],[9.65463756,56.58072388],[9.6589214,56.58474556],[9.66763184,56.58516638],[9.67734123,56.59009705],[9.68998391,56.58722697],[9.69483219,56.58783652],[9.69431976,56.59008241],[9.70308036,56.58952056],[9.72652399,56.57886739],[9.73141454,56.57104108],[9.7463385,56.56412767],[9.75074354,56.55537529],[9.79397163,56.5618681],[9.81141594,56.56100537],[9.81714538,56.55726516],[9.82363468,56.55713385],[9.83283344,56.55043257],[9.84588998,56.55547359],[9.87880704,56.55561597],[9.88108051,56.55747405],[9.87720576,56.56570937],[9.88847382,56.57422837],[9.90002482,56.57182892],[9.91064961,56.57595742],[9.94885663,56.58107106],[9.95835275,56.59156178],[9.95937586,56.59668247],[9.97177084,56.59569436],[9.98005237,56.59184967],[10.00173869,56.59374437],[10.00920423,56.59771443],[10.05296856,56.60398472],[10.09322614,56.62182025],[10.11584293,56.62369076],[10.11649792,56.62799511],[10.1246309,56.63665502],[10.11875894,56.64089067],[10.12364281,56.6466896],[10.13510139,56.64862401],[10.14103725,56.64597487],[10.15870619,56.65208282],[10.15580284,56.66045193],[10.16367695,56.66143367],[10.1611519,56.6647292],[10.16659255,56.66494394],[10.16636179,56.67104303],[10.1799078,56.67232728],[10.19677677,56.67860945],[10.1929607,56.68131363],[10.19422288,56.68466245],[10.18577202,56.68790274],[10.18263122,56.69349853],[10.16457799,56.7061615],[10.14748811,56.70743981],[10.1556763,56.70509606],[10.15311761,56.70458356],[10.13640714,56.71013531],[10.12455631,56.70961803],[10.11891658,56.71288187],[10.11257179,56.70617032],[10.11204895,56.69667936],[10.08771525,56.68334624],[10.07687311,56.68226302],[10.05875065,56.69155351],[10.05045626,56.69070137],[10.03209236,56.67782704],[10.03141779,56.67276256],[10.01918171,56.66951629],[10.01066415,56.67144335],[10.00118154,56.66525315],[9.99261275,56.66518545],[9.98256732,56.65849368],[9.98633679,56.6564677],[9.98264988,56.65300745],[9.9683508,56.65551663],[9.95971713,56.6498449],[9.94840913,56.6476504],[9.94019872,56.64995619],[9.92511389,56.64555342],[9.90725987,56.64524188],[9.90463072,56.64733049],[9.86022081,56.64448122],[9.84481568,56.63668063],[9.83115154,56.63959146],[9.7996703,56.63866681],[9.82550447,56.64679363],[9.84583876,56.64580371],[9.85534075,56.65017897],[9.88723601,56.64954212],[9.90147979,56.6525326],[9.91807136,56.65128175],[9.92977997,56.65508307],[9.93548562,56.65352717],[9.93633813,56.65671608],[9.94864074,56.66032366],[9.95721709,56.65797022],[9.9487971,56.66675535],[9.96329693,56.66574019],[9.9857932,56.67882624],[10.01504575,56.68135195],[10.01322026,56.68662032],[10.02461764,56.69443571],[10.03893085,56.69488302],[10.04274422,56.6988056],[10.06126184,56.70202159],[10.0718599,56.69893147],[10.07504599,56.69322866],[10.08203986,56.69389002],[10.08266557,56.69625058],[10.10041803,56.70047979],[10.09987797,56.70424316],[10.10382619,56.70908966],[10.11774633,56.71596043],[10.14347891,56.72056285],[10.15242457,56.71942637],[10.15091438,56.71744009],[10.16274388,56.71952423],[10.16007489,56.71718372],[10.16563898,56.70819235],[10.18302225,56.70301283],[10.19955427,56.70553059],[10.20962012,56.71560279],[10.22567525,56.72010593],[10.25308293,56.71281007],[10.30007739,56.71092242],[10.32942211,56.70516545],[10.33283944,56.70871472],[10.33116688,56.71415155],[10.3346581,56.71645548],[10.33276831,56.72375911],[10.29901007,56.75199362],[10.27649672,56.80134847],[10.28509655,56.8048564],[10.27942216,56.8039361],[10.28493398,56.80517901],[10.27859531,56.80515885],[10.27552363,56.80848424],[10.27089808,56.83096238],[10.27151063,56.84887541],[10.26954677,56.85004182],[10.26904498,56.846422],[10.26705941,56.85804468],[10.24599879,56.8551038],[10.23723203,56.85528772]]],[[[10.17742741,56.70250105],[10.17748338,56.70252029],[10.17749579,56.70254623],[10.17746364,56.7025734],[10.17742741,56.70250105]]],[[[10.17835077,56.70314623],[10.17826994,56.70321977],[10.17806184,56.70331338],[10.17762624,56.70352792],[10.17835077,56.70314623]]],[[[10.18850411,56.70354691],[10.18873656,56.70358432],[10.18881186,56.70361532],[10.18885268,56.70366174],[10.18850411,56.70354691]]],[[[10.2829012,56.70567281],[10.28291132,56.70569167],[10.28290503,56.70571797],[10.28287806,56.70574628],[10.2829012,56.70567281]]],[[[10.27923064,56.70584407],[10.27948488,56.70584164],[10.27952177,56.7058506],[10.27951919,56.70587066],[10.27923064,56.70584407]]],[[[10.27226735,56.70626757],[10.26935419,56.70632935],[10.27883143,56.70334051],[10.28700421,56.70447092],[10.27247824,56.70625337],[10.27226735,56.70626757]]],[[[10.2846378,56.7074057],[10.28462817,56.70742503],[10.28452113,56.70749576],[10.28438817,56.70752481],[10.2846378,56.7074057]]],[[[10.29344232,56.71013953],[10.29354771,56.71015416],[10.29366985,56.71017167],[10.2937342,56.71018565],[10.29344232,56.71013953]]],[[[10.28085011,56.71121606],[10.28078702,56.71123944],[10.28071023,56.71125838],[10.28061723,56.71125224],[10.28085011,56.71121606]]],[[[10.27671812,56.71143053],[10.27676271,56.7114785],[10.27675979,56.71149847],[10.27675633,56.7115216],[10.27671812,56.71143053]]],[[[10.27648006,56.71161293],[10.27642482,56.71163147],[10.27640389,56.71165495],[10.27633422,56.71168172],[10.27648006,56.71161293]]],[[[10.27542833,56.7116237],[10.27549161,56.71163994],[10.27547776,56.71166039],[10.27543344,56.71169741],[10.27542833,56.7116237]]],[[[10.27426668,56.71177566],[10.27420476,56.71181897],[10.27419805,56.71182362],[10.27414798,56.71185998],[10.27426668,56.71177566]]],[[[10.27109873,56.71211826],[10.26448954,56.71209404],[10.27849343,56.71092912],[10.27149885,56.71207051],[10.27109873,56.71211826]]],[[[10.25908322,56.71243998],[10.25899023,56.71245853],[10.25892699,56.71246294],[10.25880785,56.71245192],[10.25908322,56.71243998]]],[[[10.26291493,56.71237568],[10.26297441,56.71241488],[10.26296976,56.71244701],[10.26290222,56.71249854],[10.26291493,56.71237568]]],[[[10.26934924,56.84995605],[10.26939546,56.84997481],[10.26938008,56.85000973],[10.26938705,56.85004614],[10.26934924,56.84995605]]],[[[10.26883092,56.85224781],[10.26873587,56.8522883],[10.26864122,56.8522969],[10.26844738,56.85222385],[10.26883092,56.85224781]]]]}},{"type":"Feature","properties":{"kode":"0849","navn":"Jammerbugt"},"geometry":{"type":"MultiPolygon","coordinates":[[[[9.69426113,57.35457129],[9.68976056,57.35565533],[9.62409654,57.29374474],[9.56664588,57.245962],[9.5325523,57.22133072],[9.42342727,57.17287856],[9.39304939,57.16194232],[9.36389516,57.15640146],[9.31738017,57.1540803],[9.27704248,57.14446182],[9.18249334,57.13819447],[9.1060667,57.14277536],[9.03002175,57.15864279],[9.03542883,57.12266044],[9.0595015,57.08999645],[9.06092302,57.05049249],[9.07687601,57.05429933],[9.09593827,57.0312453],[9.13539523,57.04078458],[9.14553763,57.03625013],[9.15251962,57.02811629],[9.15542421,57.02730547],[9.15115019,57.03182201],[9.15703177,57.02552447],[9.16611201,57.0221886],[9.15765278,57.02583209],[9.16435156,57.02472669],[9.1616688,57.02691406],[9.1648773,57.02776492],[9.16079515,57.0302953],[9.17082597,57.02262604],[9.20019183,57.02793057],[9.20908763,57.02015666],[9.20786999,57.01830135],[9.24519729,57.02479222],[9.25630492,57.03049713],[9.27523042,57.02871013],[9.27342079,57.02539775],[9.28204635,57.01416182],[9.2894759,57.00815384],[9.29827997,57.00759515],[9.35339304,57.02372234],[9.37570933,57.02364552],[9.39736681,57.02948139],[9.40248896,57.02771414],[9.40035736,57.02957895],[9.40289436,57.02784867],[9.40198445,57.03089648],[9.41434234,57.03466504],[9.44280966,57.03912813],[9.45253811,57.03979875],[9.45603993,57.03631256],[9.45861333,57.04050549],[9.4880981,57.04587916],[9.4973311,57.04187831],[9.5078673,57.04474411],[9.54485805,57.04475919],[9.58008757,57.04168869],[9.5841652,57.0439939],[9.57981222,57.0429819],[9.58345984,57.04877952],[9.61180509,57.04967373],[9.62552151,57.06211983],[9.65116072,57.07117192],[9.64241695,57.06819648],[9.62323395,57.0688312],[9.61270817,57.07531339],[9.62564692,57.08166869],[9.62661044,57.08480185],[9.62996037,57.08326728],[9.65650594,57.09431662],[9.67257381,57.09695277],[9.6876615,57.0974465],[9.6885362,57.09445994],[9.6820365,57.0940188],[9.66700424,57.08287098],[9.65299081,57.08350031],[9.64893199,57.07896931],[9.65121119,57.07131342],[9.66627891,57.07450291],[9.68650652,57.06911064],[9.70140662,57.06141096],[9.69962181,57.06268063],[9.74686407,57.0666116],[9.76012393,57.0728158],[9.77606403,57.0939492],[9.7879186,57.09340208],[9.79130458,57.09569316],[9.78326872,57.09891882],[9.77982891,57.09755228],[9.78075179,57.10188162],[9.77723946,57.10306853],[9.77755142,57.10566809],[9.78041171,57.1052103],[9.75498057,57.11555436],[9.7503333,57.12128354],[9.75682112,57.12276082],[9.74291466,57.13234171],[9.77389378,57.13206735],[9.78463687,57.1295382],[9.79071999,57.12380104],[9.80875458,57.13486271],[9.8359794,57.1345794],[9.8356718,57.13730844],[9.83926247,57.13683547],[9.84340893,57.14055673],[9.84244851,57.14262188],[9.89732619,57.13696954],[9.91908823,57.14778834],[9.91214343,57.15597838],[9.91470128,57.16560586],[9.88281762,57.18053238],[9.87439706,57.18779746],[9.87740821,57.19257139],[9.87187482,57.19460259],[9.86986661,57.19955779],[9.86468921,57.20237865],[9.86601931,57.20468205],[9.8404028,57.21092971],[9.84834909,57.2145557],[9.73902515,57.23750019],[9.74019483,57.24378405],[9.74832419,57.25058857],[9.74574893,57.25060226],[9.74681363,57.25256107],[9.78295864,57.27101707],[9.78070821,57.28283566],[9.7838937,57.29317022],[9.75987096,57.31858602],[9.74443318,57.3284007],[9.73725989,57.33728073],[9.70510663,57.35303874],[9.69436171,57.354564],[9.69426113,57.35457129]]],[[[9.16473722,57.02414109],[9.16474175,57.02419723],[9.16470187,57.02426753],[9.16458866,57.02433011],[9.16473722,57.02414109]]],[[[9.49139657,57.03107958],[9.48698521,57.02950088],[9.49395652,57.03033421],[9.49149314,57.03105683],[9.49139657,57.03107958]]],[[[9.5060361,57.03277102],[9.50599592,57.03277289],[9.50595107,57.03278224],[9.50591709,57.03279198],[9.5060361,57.03277102]]],[[[9.52363628,57.03438319],[9.52369821,57.03439362],[9.52374639,57.03439818],[9.52379585,57.03441163],[9.52363628,57.03438319]]],[[[9.13446807,57.0395933],[9.13440006,57.03974124],[9.13439334,57.03984483],[9.13434302,57.03987453],[9.13446807,57.0395933]]],[[[9.78774404,57.07646807],[9.78105487,57.07414956],[9.78810256,57.0741057],[9.79009451,57.07632661],[9.78794455,57.07644103],[9.78774404,57.07646807]]],[[[9.62680712,57.08250385],[9.6268969,57.08252469],[9.62700245,57.08255174],[9.62705995,57.08259592],[9.62680712,57.08250385]]],[[[9.67240799,57.08681682],[9.6724349,57.08686303],[9.67245175,57.08689151],[9.67243794,57.08690335],[9.67240799,57.08681682]]],[[[9.67250661,57.08754316],[9.67252089,57.08757542],[9.67251192,57.08760862],[9.67246293,57.08763682],[9.67250661,57.08754316]]],[[[9.67387707,57.08779318],[9.67379443,57.08783135],[9.67372223,57.08783515],[9.67366761,57.08781667],[9.67387707,57.08779318]]],[[[9.67362575,57.0879654],[9.67366693,57.08798844],[9.67368489,57.08802374],[9.67367625,57.08808398],[9.67362575,57.0879654]]],[[[9.79400142,57.09390982],[9.79397802,57.0939194],[9.79393212,57.0939338],[9.79387919,57.09395138],[9.79400142,57.09390982]]],[[[9.79227616,57.09423679],[9.79233029,57.09423671],[9.79235915,57.09424336],[9.79239336,57.09426102],[9.79227616,57.09423679]]],[[[9.68093962,57.09496158],[9.68089392,57.09498033],[9.68085228,57.09500436],[9.68082125,57.09503175],[9.68093962,57.09496158]]],[[[9.7916095,57.09452767],[9.79169916,57.09458388],[9.79174896,57.09463639],[9.79180977,57.09469422],[9.7916095,57.09452767]]]]}},{"type":"Feature","properties":{"kode":"0851","navn":"Aalborg"},"geometry":{"type":"MultiPolygon","coordinates":[[[[10.00649894,57.07882578],[9.99623411,57.07784779],[9.97463529,57.06857894],[9.96922695,57.0614094],[9.95832891,57.05484109],[9.95896895,57.05291058],[9.95662383,57.05460284],[9.94230974,57.04754162],[9.91365856,57.05330483],[9.90674717,57.05770117],[9.89364763,57.05778559],[9.8984634,57.05936869],[9.89389593,57.05969953],[9.87055011,57.0548601],[9.87426224,57.05683936],[9.85607914,57.04656623],[9.8440908,57.04315531],[9.77800857,57.05254259],[9.68915166,57.03848918],[9.67189542,57.02804632],[9.67101682,57.01092727],[9.64072884,56.9889718],[9.63143472,56.98819325],[9.63531903,56.98768335],[9.63083095,56.98535313],[9.6311495,56.98782204],[9.63010783,56.98243643],[9.61828583,56.96856359],[9.60619246,56.96458431],[9.57725204,56.96155199],[9.57895165,56.96084386],[9.57465114,56.95784533],[9.57754652,56.94907779],[9.57351096,56.94136665],[9.57251793,56.92840943],[9.56770272,56.92541328],[9.56026333,56.93375422],[9.55199275,56.93659923],[9.54942721,56.94329093],[9.53812607,56.95217915],[9.53736276,56.95558627],[9.55065997,56.96587211],[9.55698149,56.9648393],[9.56506349,56.95523072],[9.5723561,56.96013745],[9.57062,56.96243506],[9.57649368,56.96151417],[9.56830177,56.96527998],[9.56501151,56.97041057],[9.57157356,56.98136424],[9.58364943,56.9877641],[9.5551256,57.00067125],[9.50073519,57.014844],[9.41908942,57.01659079],[9.39336356,57.01211357],[9.39447035,56.99253093],[9.40060903,56.98708049],[9.3907153,56.97910639],[9.40665126,56.97339783],[9.40911667,56.96702562],[9.40629856,56.96023473],[9.4033207,56.96002202],[9.40241517,56.95430416],[9.40662146,56.95462681],[9.40354345,56.95217939],[9.40685592,56.94727643],[9.40435502,56.93954988],[9.40953946,56.93512715],[9.42067562,56.93661292],[9.41782416,56.93544732],[9.42515538,56.93087094],[9.42285982,56.92719972],[9.43510435,56.9238156],[9.43379513,56.91886806],[9.46318811,56.92033091],[9.46051389,56.92681607],[9.4787511,56.9329361],[9.50295261,56.92917754],[9.51920049,56.93044611],[9.51735114,56.92578978],[9.5213273,56.92042865],[9.50428412,56.90243599],[9.51360461,56.89631333],[9.50794433,56.89013118],[9.51101548,56.88688719],[9.50899182,56.88551832],[9.53274732,56.8777553],[9.54604713,56.88164753],[9.55709069,56.88150239],[9.55495318,56.8865193],[9.56362761,56.88868475],[9.56317728,56.89531073],[9.57052799,56.89382884],[9.56976208,56.89158692],[9.5741964,56.89140824],[9.57477308,56.88902766],[9.59182177,56.89133347],[9.61264192,56.9133924],[9.62858127,56.91345791],[9.63753694,56.92315768],[9.64601892,56.92638183],[9.6680355,56.92111705],[9.67479195,56.92390888],[9.71522175,56.92099723],[9.71691929,56.92564856],[9.71232039,56.9253437],[9.70975038,56.93298695],[9.72027134,56.93914677],[9.71291449,56.94556611],[9.71546855,56.95509767],[9.71212204,56.95476819],[9.70971592,56.96030584],[9.72909028,56.97054264],[9.73833737,56.97137925],[9.75518391,56.97086832],[9.76421869,56.96422695],[9.7715709,56.96298832],[9.76780752,56.96068043],[9.76720604,56.957947],[9.76981367,56.95726959],[9.77588885,56.95674207],[9.78157527,56.96197878],[9.80046943,56.96059483],[9.79689538,56.95817052],[9.81333171,56.95885128],[9.81636139,56.95441532],[9.81336726,56.95360605],[9.81510252,56.95005824],[9.81290816,56.9486111],[9.8366647,56.9422159],[9.83329147,56.92935119],[9.82358506,56.9228882],[9.83003112,56.9214579],[9.83070301,56.91489126],[9.83643428,56.90724701],[9.84977358,56.90402494],[9.8620994,56.89567943],[9.87296774,56.8923248],[9.87577302,56.88720186],[9.88782057,56.8887807],[9.90569897,56.88538065],[9.91210081,56.8920524],[9.92316334,56.89626225],[9.96333825,56.90623311],[10.00373172,56.90049744],[10.02212919,56.90377796],[10.03574532,56.91090813],[10.05728569,56.91105868],[10.06107252,56.90219678],[10.05925938,56.89577809],[10.06186818,56.89399072],[10.05962851,56.89090441],[10.08781018,56.88171973],[10.09383502,56.8698478],[10.1030526,56.87763164],[10.13717925,56.8700714],[10.16460339,56.87041656],[10.1621433,56.86177875],[10.15325789,56.84947922],[10.17143188,56.82780931],[10.17569715,56.8265803],[10.17557954,56.82372029],[10.19802131,56.81111868],[10.21600227,56.81301824],[10.22477597,56.83266237],[10.21444587,56.83969046],[10.20776435,56.83807417],[10.19426733,56.84243454],[10.19187741,56.84373793],[10.19315627,56.84704927],[10.22254992,56.86083722],[10.23723203,56.85528772],[10.26686379,56.85814306],[10.26622291,56.88492786],[10.26179728,56.89360586],[10.26571644,56.89686139],[10.26300204,56.89740429],[10.26418661,56.90624008],[10.2691314,56.90597425],[10.26449838,56.9071317],[10.27011089,56.91824792],[10.27187653,56.93717465],[10.28984503,56.95398808],[10.28841033,56.95651205],[10.28304658,56.95575454],[10.2840093,56.96104621],[10.29814922,56.96843312],[10.30259961,56.97866527],[10.307999,56.980845],[10.30441052,56.98308904],[10.30734202,56.98465903],[10.30259818,56.98645131],[10.30070757,56.98270901],[10.23284737,56.97890731],[10.19248178,56.9868509],[10.137124,57.00892413],[10.11292956,57.02627155],[10.07444844,57.04100509],[10.07646014,57.04294985],[10.06313236,57.04985382],[10.05375463,57.04707991],[10.05203492,57.04861913],[10.05793507,57.0505727],[10.03750287,57.06038334],[10.02512838,57.07633294],[10.00655927,57.07882368],[10.00649894,57.07882578]]],[[[10.26661702,56.89815852],[10.26661975,56.89816649],[10.26661468,56.89819592],[10.26659786,56.89821334],[10.26661702,56.89815852]]],[[[10.31926374,56.95209457],[10.31929408,56.95212947],[10.31932491,56.95218296],[10.31933351,56.95223103],[10.31926374,56.95209457]]],[[[10.31914775,56.95248815],[10.31902358,56.95244992],[10.31897698,56.9523736],[10.31894565,56.95230591],[10.31914775,56.95248815]]],[[[10.31906907,56.9526763],[10.3191314,56.95270008],[10.31918749,56.95271935],[10.31919411,56.95279502],[10.31906907,56.9526763]]],[[[10.31946419,56.95252308],[10.31954824,56.95258922],[10.31962438,56.95274313],[10.31975284,56.95284662],[10.31946419,56.95252308]]],[[[10.29020942,56.95731028],[10.28837711,56.95662173],[10.29056174,56.95455318],[10.29024675,56.95729606],[10.29020942,56.95731028]]],[[[10.32132194,56.9548726],[10.32143912,56.95494054],[10.32154201,56.95504619],[10.32155506,56.95516869],[10.32132194,56.9548726]]],[[[10.32359812,56.95913352],[10.3236249,56.95918373],[10.32365902,56.95929738],[10.32369381,56.95940662],[10.32359812,56.95913352]]],[[[10.32377241,56.96064009],[10.32383578,56.96072045],[10.32383913,56.96082877],[10.32390146,56.96094015],[10.32377241,56.96064009]]],[[[10.32436035,56.96154867],[10.32437662,56.96157158],[10.32433712,56.96160785],[10.32432547,56.96163627],[10.32436035,56.96154867]]],[[[10.29567236,56.96687133],[10.29572276,56.96691133],[10.29577825,56.96698883],[10.29576993,56.9670333],[10.29567236,56.96687133]]],[[[10.32596487,56.96726271],[10.3260732,56.96728411],[10.3261495,56.96733416],[10.32619642,56.96739089],[10.32596487,56.96726271]]],[[[10.298601,56.96800041],[10.29484045,56.96562131],[10.2987516,56.96568688],[10.2986347,56.9679856],[10.298601,56.96800041]]],[[[10.328768,56.96763475],[10.32882621,56.9676849],[10.32886422,56.96771316],[10.32882023,56.96776196],[10.328768,56.96763475]]],[[[10.32944269,56.96830295],[10.32944785,56.96839697],[10.32948674,56.96846358],[10.32955816,56.96852454],[10.32944269,56.96830295]]],[[[10.32699038,56.96813034],[10.32713509,56.9681616],[10.32729373,56.96820529],[10.3274064,56.96824659],[10.32699038,56.96813034]]],[[[10.33138955,56.97096601],[10.33141639,56.9710173],[10.33147098,56.97109039],[10.33154033,56.97114374],[10.33138955,56.97096601]]],[[[10.33372744,56.97297116],[10.33360079,56.97299039],[10.33347737,56.97284211],[10.33362129,56.97281839],[10.33372744,56.97297116]]],[[[9.60684201,56.98392178],[9.60685293,56.98392577],[9.60685994,56.98394155],[9.60685624,56.98395684],[9.60684201,56.98392178]]],[[[9.59388752,56.9854109],[9.59137663,56.98329563],[9.59769362,56.98040709],[9.61164904,56.98074662],[9.60779873,56.98348017],[9.60162358,56.98130181],[9.59410965,56.98539933],[9.59388752,56.9854109]]],[[[9.5904788,56.98651334],[9.59052259,56.98654565],[9.59059561,56.98659472],[9.59066169,56.98661129],[9.5904788,56.98651334]]],[[[10.3364224,56.98263229],[10.33643976,56.98266229],[10.33643947,56.98269545],[10.33642047,56.98273024],[10.3364224,56.98263229]]],[[[10.33078454,56.9831814],[10.33076452,56.98318755],[10.33075411,56.98320014],[10.33075047,56.98321348],[10.33078454,56.9831814]]],[[[10.34256293,56.99580136],[10.34252094,56.99579193],[10.34249911,56.99575254],[10.34247609,56.99573051],[10.34256293,56.99580136]]],[[[9.5722117,57.00700425],[9.5721526,57.00709112],[9.57210535,57.0071659],[9.5720548,57.0072194],[9.5722117,57.00700425]]],[[[10.34731667,57.00256987],[10.34746921,57.0028091],[10.34764147,57.00306052],[10.34769883,57.00312603],[10.34731667,57.00256987]]],[[[9.55611207,57.01290197],[9.54998657,57.01068734],[9.55867706,57.00707041],[9.56147851,57.00277141],[9.57245719,57.00528931],[9.56477568,57.01160207],[9.55690901,57.01279736],[9.55611207,57.01290197]]],[[[9.51007746,57.01820983],[9.50571808,57.01686362],[9.51582477,57.01671162],[9.51023477,57.01819993],[9.51007746,57.01820983]]],[[[9.51613336,57.01825427],[9.51612269,57.01826905],[9.516102,57.01827354],[9.51608966,57.01827422],[9.51613336,57.01825427]]],[[[9.61211841,57.02530856],[9.61203807,57.02535145],[9.61190848,57.02539493],[9.61175922,57.02542441],[9.61211841,57.02530856]]],[[[9.87909033,57.05808478],[9.87911789,57.05811361],[9.87911837,57.05812025],[9.87912099,57.05814036],[9.87909033,57.05808478]]],[[[9.90717959,57.06136283],[9.90722924,57.06136373],[9.90727852,57.06136948],[9.90735255,57.0613826],[9.90717959,57.06136283]]],[[[10.04485669,57.06909026],[10.04487713,57.06910743],[10.04487909,57.06913023],[10.04474074,57.06924854],[10.04485669,57.06909026]]],[[[9.8434705,57.07495432],[9.81453966,57.07181713],[9.81319195,57.06837899],[9.8211981,57.05971179],[9.83985861,57.05378358],[9.85727734,57.05509752],[9.87651839,57.06122738],[9.8759205,57.06425228],[9.86458041,57.06774453],[9.86085674,57.07273587],[9.8435604,57.07492551],[9.8434705,57.07495432]]],[[[9.83245137,57.08040272],[9.83234451,57.08041969],[9.83227231,57.08042232],[9.83221754,57.08042251],[9.83245137,57.08040272]]],[[[9.83246803,57.08161047],[9.83273387,57.08167896],[9.83291212,57.08174111],[9.83304648,57.08178792],[9.83246803,57.08161047]]],[[[9.84420169,57.08322498],[9.84421945,57.08324409],[9.84422429,57.08326849],[9.84422252,57.08330668],[9.84420169,57.08322498]]],[[[9.82292118,57.08485448],[9.82255671,57.08487727],[9.82229922,57.08488803],[9.82204172,57.08489817],[9.82292118,57.08485448]]],[[[9.89255072,57.23006682],[9.89045024,57.22391107],[9.83727691,57.22246959],[9.83943114,57.21743547],[9.83694023,57.21683788],[9.84847043,57.21435957],[9.84046183,57.21086077],[9.86601931,57.20468205],[9.86468921,57.20237865],[9.86986661,57.19955779],[9.87187482,57.19460259],[9.87740821,57.19257139],[9.87439706,57.18779746],[9.88281762,57.18053238],[9.9136003,57.16663721],[9.91544939,57.16180595],[9.91214343,57.15597838],[9.91908823,57.14778834],[9.89732619,57.13696954],[9.84244851,57.14262188],[9.84340893,57.14055673],[9.83926247,57.13683547],[9.8356718,57.13730844],[9.8359794,57.1345794],[9.80875458,57.13486271],[9.79071999,57.12380104],[9.78463687,57.1295382],[9.77389378,57.13206735],[9.74291466,57.13234171],[9.75682112,57.12276082],[9.7503333,57.12128354],[9.75557397,57.11512811],[9.78041171,57.1052103],[9.77844541,57.10698449],[9.79087341,57.10553365],[9.82386739,57.09349907],[9.83768502,57.09119336],[9.8458018,57.08417573],[9.86598962,57.07661475],[9.87237562,57.07297397],[9.86967969,57.07170955],[9.87979453,57.06743227],[9.90547455,57.06321101],[9.92454848,57.05493601],[9.93548515,57.05358153],[9.95577403,57.05785279],[9.95412625,57.0589533],[9.956325,57.05851097],[9.95929691,57.0697645],[9.95550354,57.07062781],[9.95921282,57.07195829],[9.95960943,57.06987225],[9.96499113,57.07529565],[9.96007998,57.07517318],[9.97618766,57.08261383],[9.99128086,57.08787233],[10.01328646,57.08877848],[10.0385934,57.07600942],[10.03629941,57.074115],[10.03938601,57.07150699],[10.07706116,57.05561266],[10.09430285,57.0534305],[10.10941176,57.04685682],[10.19972478,56.99823998],[10.22241617,56.98968674],[10.24006799,56.98664607],[10.25772598,56.98621451],[10.27214943,56.99133411],[10.29923912,56.9941239],[10.31037033,56.98944608],[10.31566445,56.99208327],[10.33261748,56.98902859],[10.35128018,57.00831523],[10.37427974,57.04588132],[10.37535581,57.04992663],[10.3717283,57.04582969],[10.37316285,57.05062623],[10.38338641,57.05628447],[10.37621546,57.05513456],[10.38338849,57.0564424],[10.38060212,57.05772171],[10.382668,57.06668914],[10.37933391,57.05842326],[10.37675142,57.05853612],[10.38939935,57.08862803],[10.36409937,57.08917475],[10.34540172,57.07381985],[10.33955885,57.07054259],[10.33377716,57.07119948],[10.3354164,57.07457839],[10.32831182,57.08259769],[10.33399645,57.09059233],[10.3312226,57.09837145],[10.33609891,57.10007385],[10.32620901,57.09885314],[10.30651691,57.1093385],[10.29563527,57.10765106],[10.27681259,57.11006255],[10.27233375,57.10633919],[10.23820294,57.11010963],[10.22285073,57.10832511],[10.16050577,57.11649618],[10.15394051,57.12665827],[10.14443732,57.13321304],[10.13722217,57.13510323],[10.13488767,57.13916844],[10.12199353,57.1410399],[10.11066177,57.1493193],[10.10087007,57.15296144],[10.09227312,57.15095769],[10.08463405,57.15427758],[10.07879079,57.15021745],[10.03937784,57.18334903],[10.01993226,57.19276705],[9.98533772,57.19500132],[9.99194045,57.19910432],[9.96246343,57.20800678],[9.94515162,57.21711314],[9.94053604,57.21214918],[9.93690507,57.21331581],[9.94095854,57.21860213],[9.92905011,57.21729409],[9.93401632,57.22606313],[9.9061989,57.22958893],[9.90072981,57.22724482],[9.90135509,57.2297305],[9.89254928,57.23006198],[9.89255072,57.23006682]]]]}},{"type":"Feature","properties":{"kode":"0860","navn":"Hjørring"},"geometry":{"type":"MultiPolygon","coordinates":[[[[10.2766084,57.61210805],[10.27094582,57.61858268],[10.17651531,57.59601661],[10.12103522,57.58871852],[10.05208154,57.592034],[10.00411962,57.58946863],[9.99105155,57.59576518],[9.96098378,57.59775351],[9.98406452,57.59236124],[9.97236838,57.5937998],[9.97526258,57.59115952],[9.96269077,57.59448726],[9.96538634,57.59263135],[9.95925372,57.59383256],[9.9539576,57.59148897],[9.96282312,57.59509576],[9.95885415,57.59449119],[9.95602018,57.59949427],[9.9577102,57.59558808],[9.93441502,57.58282197],[9.88290832,57.52938615],[9.83937867,57.50033457],[9.79507936,57.47712407],[9.73316658,57.39853341],[9.7136751,57.37769431],[9.70177839,57.37302683],[9.70360878,57.37191886],[9.68981063,57.35569333],[9.70510663,57.35303874],[9.73147056,57.34100027],[9.77127804,57.30710367],[9.78326543,57.30712842],[9.78555326,57.3081317],[9.78513776,57.31271106],[9.79223551,57.31531478],[9.82483864,57.31640353],[9.83056066,57.32836],[9.8315883,57.33865493],[9.85245736,57.33272154],[9.86313698,57.33705871],[9.86667861,57.34272833],[9.8942896,57.3388578],[9.90057727,57.32878004],[9.93144577,57.3212697],[9.94084042,57.32017567],[9.94156735,57.32536882],[9.9375203,57.32957108],[9.94576381,57.33007059],[9.94623306,57.33510493],[9.96831562,57.33607777],[9.99057898,57.327576],[10.01902355,57.3213098],[10.02816708,57.32183767],[10.04150869,57.31418823],[10.0539572,57.31421957],[10.06769449,57.31530548],[10.06908893,57.31902052],[10.06554605,57.32092457],[10.06974364,57.32496978],[10.06259365,57.32584303],[10.06877797,57.3317284],[10.08121644,57.33042201],[10.08923796,57.32536877],[10.09863185,57.32405875],[10.11021042,57.3317548],[10.1164312,57.33033666],[10.11640424,57.32793097],[10.13408274,57.33069232],[10.13662428,57.32683449],[10.1441978,57.32954749],[10.15935912,57.32580567],[10.1667817,57.32694789],[10.17371412,57.33186178],[10.17328771,57.33580632],[10.17976991,57.33448574],[10.18221903,57.33800138],[10.19199439,57.33721948],[10.19245943,57.34454622],[10.18282066,57.34761557],[10.19142616,57.34734117],[10.18774043,57.35747405],[10.22441882,57.36005082],[10.23097692,57.36548622],[10.22757501,57.37247112],[10.23644477,57.37536867],[10.24102836,57.38486484],[10.30340553,57.37589259],[10.31984008,57.3764844],[10.3216,57.38010839],[10.32788789,57.38194001],[10.34017559,57.37591914],[10.34611945,57.37866862],[10.34686988,57.3757912],[10.34951383,57.37932927],[10.35469402,57.37901832],[10.35459969,57.38134511],[10.37405271,57.38076591],[10.37366408,57.38306368],[10.39066347,57.38620901],[10.38866838,57.39023269],[10.38257902,57.38710838],[10.37656803,57.39112441],[10.35162518,57.39015451],[10.33411289,57.39399851],[10.32634066,57.40088789],[10.33029735,57.4067672],[10.31992429,57.40988133],[10.32438527,57.4145251],[10.32277913,57.41901263],[10.29914384,57.42609758],[10.30527856,57.43309612],[10.30487452,57.43664982],[10.3135187,57.43974283],[10.31256148,57.44783466],[10.31654957,57.44964528],[10.33142357,57.44755331],[10.33446132,57.4506898],[10.34912953,57.45377219],[10.36050097,57.45263741],[10.36146111,57.45685694],[10.36810223,57.46133243],[10.3678925,57.47079269],[10.40328481,57.47473515],[10.41183571,57.4791714],[10.39271295,57.48414899],[10.38760091,57.48878326],[10.39080746,57.49217764],[10.37008806,57.50009015],[10.37496367,57.5056168],[10.36382083,57.51063796],[10.36644796,57.51191561],[10.34774177,57.52611119],[10.3460513,57.52294888],[10.33855913,57.52663222],[10.33570055,57.53195151],[10.32270695,57.53955641],[10.31199923,57.55444246],[10.31401173,57.55883621],[10.31846785,57.56057025],[10.32073995,57.57348238],[10.33624665,57.59775574],[10.33691325,57.60672256],[10.27785968,57.61173696],[10.2766084,57.61210805]]]]}}]}