{"type":"FeatureCollection","metadata":{"source":"SCB Digitala gränser - Kommun_Sweref99TM, downloaded 2026-08-31","license":"CC0 according to SCB Digitala gränser page","sourceCrs":"SWEREF99 TM / EPSG:3006","generatedCrs":"WGS84 / EPSG:4326"},"features":[{"type":"Feature","properties":{"kode":"0114","navn":"Upplands Väsby"},"geometry":{"type":"Polygon","coordinates":[[[17.927942,59.499208],[17.905518,59.491318],[17.88079,59.492897],[17.875971,59.484264],[17.838068,59.476274],[17.843315,59.497787],[17.807046,59.506203],[17.81366,59.515252],[17.829586,59.523626],[17.83223,59.530293],[17.812863,59.546187],[17.806157,59.557765],[17.81007,59.57481],[17.854654,59.570116],[17.863788,59.563185],[17.883704,59.559036],[17.928794,59.56371],[17.964645,59.561526],[17.980874,59.564059],[17.985994,59.558667],[17.976722,59.551494],[18.016582,59.525676],[18.02227,59.517812],[18.02158,59.511332],[17.991201,59.496703],[18.00259,59.480637],[17.997127,59.466316],[17.97961,59.46774],[17.963845,59.473155],[17.966196,59.483182],[17.952046,59.491919],[17.938523,59.493918],[17.927942,59.499208]]]}},{"type":"Feature","properties":{"kode":"0115","navn":"Vallentuna"},"geometry":{"type":"Polygon","coordinates":[[[18.231517,59.507924],[18.215459,59.499258],[18.201907,59.500944],[18.178469,59.502215],[18.161242,59.500623],[18.143419,59.493453],[18.118245,59.496657],[18.104965,59.507065],[18.085777,59.505183],[18.060635,59.508815],[18.02158,59.511332],[18.02227,59.517812],[18.016582,59.525676],[17.976722,59.551494],[17.985994,59.558667],[17.980874,59.564059],[18.004778,59.568644],[18.018887,59.571666],[18.011029,59.577904],[18.016612,59.587185],[18.01973,59.603915],[18.014972,59.632936],[18.043708,59.631236],[18.057151,59.633934],[18.093478,59.635407],[18.101389,59.653362],[18.11529,59.66613],[18.130309,59.670795],[18.125073,59.676976],[18.146419,59.679587],[18.164097,59.678705],[18.171204,59.671465],[18.173052,59.664688],[18.185567,59.664713],[18.196538,59.668474],[18.243451,59.664253],[18.291139,59.683869],[18.2977,59.67798],[18.326651,59.683273],[18.350809,59.664828],[18.385258,59.655517],[18.387692,59.648392],[18.378197,59.623765],[18.388047,59.61813],[18.39331,59.601501],[18.418195,59.595458],[18.429815,59.582715],[18.436031,59.567072],[18.412695,59.560318],[18.384407,59.559728],[18.384178,59.552333],[18.378985,59.547101],[18.363859,59.546831],[18.355522,59.548395],[18.329446,59.538662],[18.328137,59.532985],[18.270061,59.524078],[18.264026,59.517168],[18.251259,59.50876],[18.231517,59.507924]]]}},{"type":"Feature","properties":{"kode":"0117","navn":"Österåker"},"geometry":{"type":"MultiPolygon","coordinates":[[[[18.577399,59.549392],[18.545131,59.537847],[18.536383,59.530701],[18.517928,59.529873],[18.476562,59.507813],[18.467051,59.505052],[18.453853,59.493303],[18.43666,59.486384],[18.416735,59.484224],[18.4104,59.480363],[18.410975,59.474307],[18.390046,59.457713],[18.376107,59.456066],[18.363911,59.458083],[18.347436,59.457174],[18.341637,59.463376],[18.32857,59.463718],[18.316537,59.461346],[18.309006,59.464238],[18.299813,59.469515],[18.285374,59.469224],[18.277458,59.463042],[18.28951,59.459698],[18.302364,59.457684],[18.307535,59.451496],[18.300771,59.443947],[18.291098,59.439488],[18.269226,59.436697],[18.252711,59.441156],[18.235613,59.440253],[18.228806,59.435055],[18.23447,59.430199],[18.218907,59.419316],[18.20304,59.423945],[18.203153,59.433516],[18.202871,59.439753],[18.197304,59.442576],[18.173033,59.436131],[18.161294,59.436424],[18.157274,59.441237],[18.153817,59.451402],[18.142179,59.44889],[18.133718,59.458963],[18.146665,59.4694],[18.143419,59.493453],[18.161242,59.500623],[18.178469,59.502215],[18.201907,59.500944],[18.215459,59.499258],[18.231517,59.507924],[18.251259,59.50876],[18.264026,59.517168],[18.270061,59.524078],[18.328137,59.532985],[18.329446,59.538662],[18.355522,59.548395],[18.363859,59.546831],[18.378985,59.547101],[18.384178,59.552333],[18.384407,59.559728],[18.412695,59.560318],[18.436031,59.567072],[18.447513,59.566095],[18.447915,59.558355],[18.461432,59.556303],[18.477085,59.560916],[18.487864,59.574068],[18.488361,59.57809],[18.484962,59.582552],[18.492726,59.592424],[18.522592,59.589581],[18.551947,59.593137],[18.56063,59.58885],[18.574106,59.591835],[18.585258,59.591527],[18.593547,59.584238],[18.607741,59.587528],[18.61276,59.585705],[18.619291,59.58014],[18.627714,59.579222],[18.647064,59.586735],[18.667257,59.577367],[18.629873,59.565039],[18.608199,59.559603],[18.577399,59.549392]]],[[[18.578945,59.456213],[18.573764,59.45132],[18.572268,59.439254],[18.560685,59.430167],[18.544842,59.428928],[18.543641,59.435016],[18.546367,59.446706],[18.539421,59.453965],[18.526459,59.460379],[18.523326,59.466847],[18.525253,59.477217],[18.522476,59.481334],[18.513742,59.484928],[18.520027,59.4935],[18.532174,59.496517],[18.544465,59.495173],[18.546918,59.488386],[18.559586,59.485003],[18.570374,59.492769],[18.575886,59.50034],[18.568965,59.502553],[18.552688,59.503344],[18.552477,59.507049],[18.562293,59.512151],[18.561728,59.518225],[18.56883,59.522727],[18.584781,59.529674],[18.590557,59.53926],[18.634824,59.552115],[18.644621,59.556888],[18.661055,59.562468],[18.672496,59.559442],[18.661895,59.553369],[18.662775,59.549972],[18.676581,59.550254],[18.676394,59.538483],[18.687827,59.535466],[18.688566,59.531075],[18.672643,59.529521],[18.662639,59.523084],[18.646546,59.509765],[18.636737,59.499621],[18.620531,59.495714],[18.608868,59.496719],[18.599304,59.493627],[18.593117,59.486071],[18.60001,59.473098],[18.598403,59.460038],[18.591987,59.455837],[18.578945,59.456213]]]]}},{"type":"Feature","properties":{"kode":"0120","navn":"Värmdö"},"geometry":{"type":"MultiPolygon","coordinates":[[[[18.476544,59.290631],[18.499042,59.282956],[18.507967,59.275981],[18.538991,59.268723],[18.547296,59.267489],[18.551886,59.273078],[18.539508,59.278467],[18.540858,59.284141],[18.610399,59.288555],[18.680534,59.297292],[18.685102,59.292117],[18.635871,59.262945],[18.639101,59.257476],[18.620036,59.255995],[18.603463,59.253451],[18.592306,59.247385],[18.566427,59.243068],[18.565078,59.232013],[18.548432,59.228782],[18.535334,59.22277],[18.524418,59.218364],[18.482264,59.224582],[18.471088,59.239684],[18.449291,59.242302],[18.424288,59.250711],[18.414227,59.264771],[18.397919,59.269928],[18.378248,59.285244],[18.346479,59.286425],[18.333323,59.290812],[18.339759,59.29568],[18.349942,59.299442],[18.343115,59.313415],[18.346944,59.318351],[18.363163,59.323297],[18.371112,59.330146],[18.360967,59.332438],[18.343246,59.331445],[18.357477,59.347315],[18.359475,59.3587],[18.39485,59.360104],[18.415921,59.356164],[18.447274,59.340184],[18.447096,59.333137],[18.433586,59.329126],[18.439632,59.325268],[18.437155,59.320962],[18.418585,59.30702],[18.412317,59.298102],[18.421404,59.292486],[18.451674,59.295018],[18.476544,59.290631]]],[[[18.46264,59.397593],[18.456186,59.403814],[18.444707,59.406148],[18.438198,59.411704],[18.436136,59.416469],[18.444899,59.418583],[18.454518,59.416969],[18.465331,59.420036],[18.478968,59.419327],[18.499576,59.416748],[18.505111,59.413894],[18.519179,59.389973],[18.584288,59.367308],[18.602512,59.372164],[18.615478,59.371463],[18.622616,59.365867],[18.621826,59.359507],[18.612154,59.35508],[18.601629,59.354372],[18.590059,59.355707],[18.569111,59.35529],[18.549336,59.353498],[18.554356,59.346629],[18.57612,59.348701],[18.605411,59.342831],[18.626796,59.336505],[18.634642,59.326194],[18.633594,59.31781],[18.625025,59.306634],[18.611737,59.299268],[18.587275,59.296272],[18.537948,59.292295],[18.518105,59.289817],[18.483703,59.301531],[18.469464,59.302254],[18.456276,59.306322],[18.457279,59.314699],[18.468774,59.339935],[18.469158,59.348666],[18.464507,59.353503],[18.458572,59.358366],[18.455883,59.363145],[18.460067,59.370765],[18.467036,59.379991],[18.467439,59.388721],[18.46264,59.397593]]],[[[18.720898,59.363689],[18.730047,59.353667],[18.731903,59.342524],[18.731439,59.328746],[18.724364,59.319204],[18.708577,59.312937],[18.682842,59.305289],[18.672166,59.303243],[18.664626,59.305484],[18.670793,59.323465],[18.671532,59.334541],[18.664785,59.34818],[18.637159,59.372513],[18.668526,59.377999],[18.684374,59.369135],[18.695421,59.373849],[18.720898,59.363689]]],[[[18.851259,59.407204],[18.854094,59.413848],[18.851344,59.42267],[18.850927,59.429408],[18.858366,59.43625],[18.873712,59.443507],[18.891289,59.447675],[18.905054,59.447933],[18.919312,59.446821],[18.922446,59.441006],[18.922818,59.433928],[18.91302,59.429185],[18.903213,59.429148],[18.901078,59.418123],[18.884913,59.409541],[18.869752,59.40361],[18.864443,59.398066],[18.859909,59.393484],[18.845458,59.387875],[18.836056,59.390851],[18.840328,59.39845],[18.851259,59.407204]]],[[[18.736705,59.288235],[18.766047,59.2988],[18.779892,59.300074],[18.800134,59.290385],[18.777127,59.278633],[18.771514,59.265351],[18.756485,59.259746],[18.742006,59.26354],[18.724756,59.261027],[18.714396,59.261331],[18.714287,59.270746],[18.724339,59.283231],[18.736705,59.288235]]],[[[18.935095,59.393867],[18.939312,59.376582],[18.931447,59.371453],[18.914575,59.372305],[18.910699,59.377463],[18.912606,59.396587],[18.906188,59.402489],[18.92048,59.406757],[18.924074,59.414046],[18.934423,59.418101],[18.951772,59.415879],[18.955291,59.408033],[18.935095,59.393867]]],[[[18.676127,59.205288],[18.683554,59.212803],[18.69407,59.218885],[18.704777,59.216221],[18.698785,59.204624],[18.724864,59.210589],[18.738363,59.209504],[18.732033,59.20062],[18.720482,59.196586],[18.702731,59.194764],[18.682677,59.190305],[18.666569,59.18607],[18.650181,59.179487],[18.652955,59.186118],[18.676127,59.205288]]],[[[18.904551,59.355799],[18.906495,59.350696],[18.894128,59.346031],[18.893239,59.339333],[18.881288,59.327929],[18.883187,59.322494],[18.893798,59.314105],[18.884782,59.310006],[18.851875,59.312361],[18.859145,59.318191],[18.863378,59.330497],[18.86842,59.344131],[18.874497,59.350671],[18.887831,59.357669],[18.895764,59.358424],[18.904551,59.355799]]]]}},{"type":"Feature","properties":{"kode":"0123","navn":"Järfälla"},"geometry":{"type":"Polygon","coordinates":[[[17.803565,59.460697],[17.806812,59.467005],[17.798455,59.472798],[17.803036,59.487938],[17.807046,59.506203],[17.843315,59.497787],[17.838068,59.476274],[17.827304,59.468907],[17.845254,59.465477],[17.847402,59.460721],[17.852121,59.455915],[17.871362,59.452111],[17.876573,59.445608],[17.878253,59.43011],[17.887899,59.428763],[17.890388,59.42109],[17.887222,59.409396],[17.875736,59.399252],[17.855095,59.388964],[17.84362,59.385193],[17.834648,59.386734],[17.830967,59.395563],[17.820917,59.399481],[17.810188,59.396701],[17.79701,59.389037],[17.786749,59.397229],[17.776844,59.40282],[17.77374,59.410948],[17.775696,59.424019],[17.795813,59.455159],[17.800079,59.458425],[17.803565,59.460697]]]}},{"type":"Feature","properties":{"kode":"0125","navn":"Ekerö"},"geometry":{"type":"MultiPolygon","coordinates":[[[[17.786787,59.325979],[17.789898,59.317842],[17.781327,59.310295],[17.760842,59.307398],[17.733287,59.311696],[17.720052,59.323079],[17.71333,59.327595],[17.697061,59.327607],[17.679044,59.343454],[17.654345,59.364476],[17.636914,59.387024],[17.630641,59.403292],[17.604535,59.431047],[17.601636,59.44187],[17.598203,59.446972],[17.59979,59.449967],[17.613884,59.453706],[17.628688,59.444324],[17.643352,59.440662],[17.663027,59.427805],[17.679469,59.422075],[17.690939,59.42587],[17.709457,59.421436],[17.730563,59.410217],[17.725081,59.407658],[17.714016,59.407892],[17.703944,59.405085],[17.702059,59.399078],[17.713178,59.386068],[17.723365,59.383494],[17.731444,59.386006],[17.730805,59.392741],[17.735021,59.395678],[17.762162,59.379956],[17.764949,59.375191],[17.775776,59.365879],[17.78099,59.352654],[17.778313,59.338939],[17.776251,59.331248],[17.786787,59.325979]]],[[[17.613143,59.363329],[17.599386,59.362611],[17.588142,59.367874],[17.572495,59.389043],[17.56395,59.388206],[17.554035,59.387064],[17.543955,59.39097],[17.540676,59.397756],[17.535667,59.406927],[17.532678,59.417076],[17.548384,59.424481],[17.562992,59.426871],[17.580875,59.429521],[17.593268,59.429262],[17.636472,59.361827],[17.653686,59.323829],[17.681458,59.321224],[17.700134,59.312415],[17.735541,59.301561],[17.759659,59.295321],[17.773151,59.293681],[17.797727,59.298516],[17.809976,59.297233],[17.808953,59.293558],[17.839365,59.285473],[17.843203,59.278329],[17.839658,59.275385],[17.813092,59.269942],[17.784187,59.273608],[17.776131,59.277815],[17.763943,59.279436],[17.72684,59.279242],[17.685546,59.296267],[17.648092,59.306139],[17.632331,59.311515],[17.626337,59.317022],[17.624468,59.324787],[17.62839,59.331754],[17.624526,59.345949],[17.611744,59.348578],[17.61767,59.356182],[17.613143,59.363329]]],[[[17.487971,59.377984],[17.46987,59.387077],[17.467641,59.391154],[17.470067,59.396484],[17.470745,59.403855],[17.469232,59.408929],[17.471213,59.416284],[17.491911,59.421253],[17.50545,59.4193],[17.509339,59.411833],[17.521721,59.404525],[17.534788,59.383424],[17.542811,59.378559],[17.544684,59.370453],[17.538243,59.364532],[17.53509,59.358549],[17.539884,59.347038],[17.530851,59.340837],[17.519207,59.341736],[17.50305,59.350467],[17.492939,59.361085],[17.496376,59.370082],[17.487971,59.377984]]],[[[17.890597,59.334383],[17.891204,59.327648],[17.885054,59.324765],[17.882293,59.320112],[17.87707,59.310489],[17.860681,59.303143],[17.846615,59.305473],[17.833975,59.315844],[17.808331,59.332897],[17.806351,59.338979],[17.81451,59.348874],[17.820829,59.353446],[17.841846,59.354988],[17.856445,59.350952],[17.870106,59.337878],[17.879444,59.333627],[17.890597,59.334383]]]]}},{"type":"Feature","properties":{"kode":"0126","navn":"Huddinge"},"geometry":{"type":"Polygon","coordinates":[[[18.06037,59.246663],[18.083479,59.238035],[18.097699,59.237346],[18.110825,59.238362],[18.121087,59.243155],[18.147021,59.242503],[18.167903,59.23548],[18.178744,59.21391],[18.099703,59.189895],[18.095805,59.183947],[18.105716,59.173616],[18.089945,59.165605],[18.09267,59.160834],[18.079717,59.155098],[18.054898,59.153357],[18.034144,59.147141],[18.014326,59.149634],[17.997679,59.157764],[17.979466,59.161446],[17.967281,59.170926],[17.962419,59.19289],[17.943764,59.194338],[17.928443,59.209486],[17.925962,59.229372],[17.918639,59.233918],[17.908833,59.233466],[17.882472,59.244602],[17.882584,59.27328],[17.899251,59.273004],[17.911342,59.27677],[17.925001,59.282834],[17.943326,59.283747],[17.956453,59.278736],[17.972028,59.265924],[18.022026,59.259022],[18.036107,59.250942],[18.06037,59.246663]]]}},{"type":"Feature","properties":{"kode":"0127","navn":"Botkyrka"},"geometry":{"type":"Polygon","coordinates":[[[17.858109,59.09213],[17.807843,59.100673],[17.77766,59.096645],[17.772537,59.1102],[17.774251,59.120923],[17.738051,59.108275],[17.732217,59.101681],[17.737545,59.083419],[17.735734,59.07136],[17.705476,59.06597],[17.691427,59.067961],[17.689014,59.083135],[17.689697,59.096899],[17.701138,59.11479],[17.691719,59.142664],[17.727923,59.157227],[17.73301,59.162827],[17.731868,59.177983],[17.785481,59.191204],[17.760812,59.218317],[17.764425,59.237065],[17.736524,59.253473],[17.736676,59.256156],[17.759242,59.264744],[17.780914,59.260404],[17.804492,59.262065],[17.840966,59.262587],[17.85852,59.256143],[17.86721,59.245859],[17.872178,59.236998],[17.882472,59.244602],[17.908833,59.233466],[17.918639,59.233918],[17.925962,59.229372],[17.928443,59.209486],[17.943764,59.194338],[17.962419,59.19289],[17.967281,59.170926],[17.979466,59.161446],[17.91794,59.139149],[17.921773,59.128194],[17.901522,59.12441],[17.893259,59.113175],[17.899136,59.107324],[17.877035,59.093724],[17.858109,59.09213]]]}},{"type":"Feature","properties":{"kode":"0128","navn":"Salem"},"geometry":{"type":"Polygon","coordinates":[[[17.665041,59.238566],[17.666549,59.247604],[17.659549,59.249105],[17.660949,59.256807],[17.654647,59.258952],[17.645272,59.256131],[17.631451,59.254404],[17.614284,59.256331],[17.610738,59.262226],[17.603365,59.266754],[17.598058,59.272574],[17.604073,59.281191],[17.62397,59.285144],[17.634675,59.281556],[17.654884,59.2818],[17.65616,59.288498],[17.683831,59.285212],[17.708395,59.276954],[17.716433,59.266026],[17.736676,59.256156],[17.736524,59.253473],[17.764425,59.237065],[17.760812,59.218317],[17.785481,59.191204],[17.731868,59.177983],[17.709785,59.184171],[17.712022,59.193872],[17.710107,59.200975],[17.677688,59.228221],[17.665011,59.224793],[17.650246,59.226458],[17.645202,59.23496],[17.646871,59.23895],[17.665041,59.238566]]]}},{"type":"Feature","properties":{"kode":"0136","navn":"Haninge"},"geometry":{"type":"MultiPolygon","coordinates":[[[[18.328519,59.170256],[18.348733,59.165678],[18.365569,59.170951],[18.378889,59.173841],[18.410554,59.167381],[18.425065,59.169344],[18.440981,59.172265],[18.448997,59.16868],[18.426675,59.144416],[18.412451,59.139421],[18.400398,59.136052],[18.390073,59.136329],[18.386084,59.141141],[18.376446,59.141746],[18.351647,59.129301],[18.343234,59.129188],[18.32846,59.130248],[18.315153,59.127236],[18.28455,59.120307],[18.269383,59.106594],[18.315509,59.107732],[18.317947,59.100949],[18.300896,59.09333],[18.252093,59.085197],[18.228107,59.079091],[18.213581,59.070722],[18.201759,59.06901],[18.199016,59.073452],[18.199094,59.079836],[18.215389,59.086817],[18.225472,59.090249],[18.228444,59.093534],[18.220569,59.09845],[18.227743,59.104648],[18.238455,59.107734],[18.248234,59.108485],[18.257871,59.113611],[18.257084,59.117999],[18.247852,59.122277],[18.225009,59.120855],[18.211691,59.117501],[18.203015,59.109318],[18.210943,59.105085],[18.206449,59.099484],[18.188866,59.092875],[18.142587,59.083954],[18.136938,59.079395],[18.108671,59.0754],[18.100918,59.06953],[18.094637,59.059269],[18.082746,59.056883],[18.059364,59.055773],[18.042245,59.052827],[18.03548,59.043919],[18.033907,59.035217],[18.026216,59.029692],[18.014891,59.032651],[18.012597,59.041445],[18.000029,59.042754],[17.99522,59.04825],[17.962247,59.054415],[17.955451,59.06366],[17.954836,59.07644],[17.965318,59.083917],[17.978129,59.095045],[17.980964,59.103717],[17.972051,59.104943],[17.970916,59.119079],[17.94978,59.121261],[17.93698,59.116515],[17.926591,59.122477],[17.921773,59.128194],[17.91794,59.139149],[17.979466,59.161446],[17.997679,59.157764],[18.014326,59.149634],[18.034144,59.147141],[18.054898,59.153357],[18.079717,59.155098],[18.09267,59.160834],[18.089945,59.165605],[18.105716,59.173616],[18.095805,59.183947],[18.099703,59.189895],[18.178744,59.21391],[18.208219,59.220113],[18.233111,59.221834],[18.259244,59.211744],[18.289504,59.198174],[18.298001,59.187199],[18.313447,59.1804],[18.328519,59.170256]]],[[[18.405782,59.010512],[18.394208,59.010824],[18.388094,59.019398],[18.363724,59.015345],[18.345103,59.021899],[18.341248,59.033426],[18.350337,59.039238],[18.359902,59.043684],[18.364838,59.047251],[18.361991,59.050684],[18.348923,59.049361],[18.345582,59.054159],[18.374883,59.072532],[18.374009,59.07625],[18.365812,59.078154],[18.37071,59.08138],[18.411201,59.09004],[18.465306,59.120495],[18.466769,59.121803],[18.484975,59.100789],[18.47806,59.091564],[18.454164,59.081132],[18.452592,59.067728],[18.425819,59.054674],[18.417043,59.01827],[18.405782,59.010512]]],[[[18.22081,58.914897],[18.193986,58.91694],[18.193547,58.924671],[18.188207,58.928847],[18.171913,58.921198],[18.156633,58.916878],[18.147493,58.91576],[18.147125,58.924181],[18.17146,58.93465],[18.199702,58.945357],[18.211149,58.94977],[18.2718,58.967696],[18.28952,58.964546],[18.322253,58.974431],[18.333407,58.981875],[18.345525,58.986254],[18.352866,58.982697],[18.351622,58.971962],[18.342012,58.966852],[18.290115,58.952751],[18.282172,58.945243],[18.29698,58.939471],[18.307226,58.93314],[18.274744,58.924926],[18.255012,58.927124],[18.242449,58.924092],[18.233368,58.917931],[18.22081,58.914897]]],[[[18.073556,58.971048],[18.058445,58.968402],[18.052143,58.969904],[18.058115,58.977487],[18.056075,58.988622],[18.059105,58.992925],[18.081574,59.003803],[18.08348,59.009463],[18.081148,59.017927],[18.081328,59.019594],[18.090493,59.02677],[18.10171,59.028844],[18.133877,59.027705],[18.161839,59.035399],[18.193673,59.030892],[18.205939,59.030917],[18.201415,59.024984],[18.187436,59.021308],[18.172542,59.021015],[18.163298,59.013182],[18.164346,59.00508],[18.157452,59.001236],[18.146165,59.004206],[18.136575,58.999072],[18.138914,58.990938],[18.150461,58.978543],[18.138991,58.973793],[18.121406,58.972222],[18.111513,58.976171],[18.108507,58.984307],[18.100555,58.988201],[18.090575,58.985423],[18.083068,58.975524],[18.073556,58.971048]]]]}},{"type":"Feature","properties":{"kode":"0138","navn":"Tyresö"},"geometry":{"type":"Polygon","coordinates":[[[18.328519,59.170256],[18.313447,59.1804],[18.298001,59.187199],[18.289504,59.198174],[18.259244,59.211744],[18.233111,59.221834],[18.208219,59.220113],[18.178744,59.21391],[18.167903,59.23548],[18.178617,59.234307],[18.1916,59.240032],[18.194168,59.245679],[18.188884,59.248838],[18.234944,59.26144],[18.246865,59.257436],[18.26471,59.260001],[18.288602,59.258371],[18.340287,59.238525],[18.357171,59.22731],[18.371764,59.22423],[18.387112,59.222139],[18.403977,59.205216],[18.396102,59.199032],[18.375242,59.192872],[18.365473,59.181371],[18.378889,59.173841],[18.365569,59.170951],[18.348733,59.165678],[18.328519,59.170256]]]}},{"type":"Feature","properties":{"kode":"0139","navn":"Upplands-Bro"},"geometry":{"type":"Polygon","coordinates":[[[17.676745,59.616366],[17.700699,59.612826],[17.74147,59.59985],[17.776998,59.594032],[17.805981,59.581965],[17.81007,59.57481],[17.806157,59.557765],[17.812863,59.546187],[17.83223,59.530293],[17.829586,59.523626],[17.81366,59.515252],[17.807046,59.506203],[17.803036,59.487938],[17.798455,59.472798],[17.782673,59.467551],[17.772393,59.482557],[17.759835,59.481497],[17.751009,59.464883],[17.752247,59.444357],[17.739598,59.435566],[17.729286,59.437128],[17.729893,59.443161],[17.716322,59.444806],[17.699692,59.448523],[17.698094,59.465704],[17.688824,59.47127],[17.687814,59.481044],[17.669459,59.487484],[17.646691,59.49569],[17.625881,59.497139],[17.611939,59.488363],[17.615284,59.482247],[17.621799,59.475046],[17.617299,59.469092],[17.600997,59.469434],[17.595871,59.477603],[17.596477,59.497751],[17.589069,59.502611],[17.576561,59.501856],[17.570743,59.495595],[17.575983,59.488773],[17.568012,59.487579],[17.532094,59.509488],[17.52739,59.515296],[17.53121,59.521262],[17.545641,59.528361],[17.560469,59.532769],[17.571852,59.549334],[17.568493,59.555457],[17.566923,59.561979],[17.572391,59.575866],[17.534157,59.595131],[17.531193,59.61266],[17.545176,59.628842],[17.561107,59.637249],[17.575667,59.638302],[17.590997,59.649856],[17.632879,59.638461],[17.663973,59.627053],[17.676745,59.616366]]]}},{"type":"Feature","properties":{"kode":"0140","navn":"Nykvarn"},"geometry":{"type":"Polygon","coordinates":[[[17.417814,59.242273],[17.48818,59.222271],[17.538048,59.230669],[17.564708,59.199535],[17.499612,59.167812],[17.484455,59.146284],[17.490787,59.131719],[17.463906,59.122107],[17.416482,59.124514],[17.325693,59.1419],[17.303927,59.141568],[17.254163,59.190434],[17.240336,59.242192],[17.284754,59.267957],[17.302341,59.251856],[17.331373,59.257032],[17.361936,59.25712],[17.384796,59.250982],[17.417814,59.242273]]]}},{"type":"Feature","properties":{"kode":"0160","navn":"Täby"},"geometry":{"type":"Polygon","coordinates":[[[18.085777,59.505183],[18.104965,59.507065],[18.118245,59.496657],[18.143419,59.493453],[18.146665,59.4694],[18.133718,59.458963],[18.142179,59.44889],[18.109654,59.436365],[18.116344,59.431829],[18.101267,59.425486],[18.096859,59.419196],[18.052269,59.425664],[18.057771,59.440322],[18.044247,59.448044],[18.03583,59.442872],[18.021263,59.441207],[17.997127,59.466316],[18.00259,59.480637],[17.991201,59.496703],[18.02158,59.511332],[18.060635,59.508815],[18.085777,59.505183]]]}},{"type":"Feature","properties":{"kode":"0162","navn":"Danderyd"},"geometry":{"type":"Polygon","coordinates":[[[18.004192,59.422117],[18.019751,59.433178],[18.021263,59.441207],[18.03583,59.442872],[18.044247,59.448044],[18.057771,59.440322],[18.052269,59.425664],[18.096859,59.419196],[18.095769,59.405117],[18.087946,59.393284],[18.060346,59.377994],[18.000057,59.399585],[18.005185,59.406979],[18.004192,59.422117]]]}},{"type":"Feature","properties":{"kode":"0163","navn":"Sollentuna"},"geometry":{"type":"Polygon","coordinates":[[[17.927942,59.499208],[17.938523,59.493918],[17.952046,59.491919],[17.966196,59.483182],[17.963845,59.473155],[17.97961,59.46774],[17.997127,59.466316],[18.021263,59.441207],[18.019751,59.433178],[18.004192,59.422117],[18.005185,59.406979],[18.000057,59.399585],[17.976661,59.393618],[17.964156,59.40795],[17.938541,59.412915],[17.925594,59.420273],[17.914393,59.431965],[17.901601,59.434614],[17.887899,59.428763],[17.878253,59.43011],[17.876573,59.445608],[17.871362,59.452111],[17.852121,59.455915],[17.847402,59.460721],[17.845254,59.465477],[17.827304,59.468907],[17.838068,59.476274],[17.875971,59.484264],[17.88079,59.492897],[17.905518,59.491318],[17.927942,59.499208]]]}},{"type":"Feature","properties":{"kode":"0180","navn":"Stockholm"},"geometry":{"type":"MultiPolygon","coordinates":[[[[18.066713,59.324236],[18.066597,59.322494],[18.079942,59.319456],[18.102464,59.317103],[18.102505,59.305456],[18.113487,59.304507],[18.121024,59.301976],[18.120745,59.287523],[18.146551,59.27378],[18.160127,59.260999],[18.172904,59.253278],[18.188884,59.248838],[18.194168,59.245679],[18.1916,59.240032],[18.178617,59.234307],[18.167903,59.23548],[18.147021,59.242503],[18.121087,59.243155],[18.110825,59.238362],[18.097699,59.237346],[18.083479,59.238035],[18.06037,59.246663],[18.036107,59.250942],[18.022026,59.259022],[17.972028,59.265924],[17.956453,59.278736],[17.943326,59.283747],[17.925001,59.282834],[17.911342,59.27677],[17.899251,59.273004],[17.882584,59.27328],[17.875862,59.279601],[17.880823,59.289902],[17.904859,59.295731],[17.921886,59.303062],[17.941183,59.306985],[17.961764,59.310867],[17.985436,59.313006],[17.993085,59.31752],[18.015895,59.317648],[18.038456,59.321475],[18.061766,59.323103],[18.064008,59.324519],[18.067669,59.332528],[18.045927,59.330362],[18.028952,59.330105],[18.011232,59.334905],[17.99407,59.345638],[18.003335,59.346523],[18.012506,59.34697],[18.024933,59.353395],[18.035406,59.353809],[18.043315,59.360678],[18.040997,59.363421],[18.039911,59.371521],[18.060346,59.377994],[18.097517,59.355328],[18.124274,59.343568],[18.137468,59.333158],[18.137377,59.326443],[18.124492,59.321724],[18.108432,59.323796],[18.091219,59.333303],[18.070529,59.332782],[18.07755,59.327579],[18.066713,59.324236]]],[[[17.948251,59.318588],[17.93172,59.328718],[17.913011,59.330503],[17.902477,59.335791],[17.894882,59.344362],[17.85698,59.356322],[17.831032,59.370358],[17.79701,59.389037],[17.810188,59.396701],[17.820917,59.399481],[17.830967,59.395563],[17.834648,59.386734],[17.84362,59.385193],[17.855095,59.388964],[17.875736,59.399252],[17.887222,59.409396],[17.890388,59.42109],[17.887899,59.428763],[17.901601,59.434614],[17.914393,59.431965],[17.925594,59.420273],[17.938541,59.412915],[17.964156,59.40795],[17.976661,59.393618],[17.967767,59.392742],[17.955926,59.385628],[17.93343,59.382791],[17.931609,59.371408],[17.959952,59.368052],[17.972124,59.357793],[17.993285,59.34609],[17.988417,59.347213],[17.984069,59.343281],[17.982333,59.332903],[17.975349,59.322315],[17.960699,59.319307],[17.948251,59.318588]]]]}},{"type":"Feature","properties":{"kode":"0181","navn":"Södertälje"},"geometry":{"type":"Polygon","coordinates":[[[17.303927,59.141568],[17.325693,59.1419],[17.416482,59.124514],[17.463906,59.122107],[17.490787,59.131719],[17.484455,59.146284],[17.499612,59.167812],[17.564708,59.199535],[17.538048,59.230669],[17.48818,59.222271],[17.417814,59.242273],[17.414639,59.250401],[17.380737,59.278935],[17.376787,59.285735],[17.378398,59.311581],[17.368501,59.317482],[17.366573,59.325244],[17.383772,59.328279],[17.389691,59.321438],[17.399883,59.318889],[17.425107,59.309663],[17.438141,59.309752],[17.465832,59.292066],[17.544409,59.268982],[17.566468,59.268533],[17.578035,59.260232],[17.590452,59.240139],[17.607317,59.218951],[17.614939,59.210396],[17.629051,59.208412],[17.632331,59.215738],[17.619787,59.234149],[17.614284,59.256331],[17.631451,59.254404],[17.645272,59.256131],[17.654647,59.258952],[17.660949,59.256807],[17.659549,59.249105],[17.666549,59.247604],[17.665041,59.238566],[17.646871,59.23895],[17.645202,59.23496],[17.650246,59.226458],[17.665011,59.224793],[17.677688,59.228221],[17.710107,59.200975],[17.712022,59.193872],[17.709785,59.184171],[17.731868,59.177983],[17.73301,59.162827],[17.727923,59.157227],[17.691719,59.142664],[17.685639,59.149073],[17.679557,59.159963],[17.673866,59.168143],[17.667043,59.171321],[17.656866,59.166824],[17.659241,59.157704],[17.675933,59.142559],[17.680901,59.126658],[17.679969,59.116929],[17.67366,59.112027],[17.663839,59.110893],[17.65493,59.11243],[17.648537,59.106514],[17.653237,59.101383],[17.625121,59.091553],[17.618321,59.088002],[17.618123,59.078936],[17.631864,59.07394],[17.633251,59.067859],[17.614969,59.052115],[17.615065,59.011789],[17.621523,58.998212],[17.632879,59.002344],[17.648137,59.0205],[17.653273,59.033824],[17.656891,59.05156],[17.672312,59.057283],[17.686,59.051608],[17.688628,59.038775],[17.693013,58.990295],[17.695216,58.959329],[17.687006,58.940691],[17.676147,58.935209],[17.65799,58.940642],[17.636978,58.943105],[17.618954,58.904846],[17.600144,58.947795],[17.525309,58.9678],[17.521573,58.991662],[17.364024,58.992151],[17.289024,59.050115],[17.303927,59.141568]]]}},{"type":"Feature","properties":{"kode":"0182","navn":"Nacka"},"geometry":{"type":"MultiPolygon","coordinates":[[[[18.160127,59.260999],[18.146551,59.27378],[18.120745,59.287523],[18.121024,59.301976],[18.113487,59.304507],[18.102505,59.305456],[18.102464,59.317103],[18.120532,59.315428],[18.142981,59.318233],[18.178424,59.326412],[18.197951,59.331973],[18.205027,59.331125],[18.204333,59.319032],[18.207074,59.302835],[18.213601,59.297282],[18.251995,59.296971],[18.271657,59.298145],[18.286936,59.295053],[18.294942,59.285435],[18.298684,59.278277],[18.324362,59.275251],[18.337749,59.272872],[18.341523,59.266045],[18.330753,59.262976],[18.310916,59.265856],[18.276389,59.271131],[18.258752,59.270576],[18.254526,59.267665],[18.257425,59.264557],[18.26471,59.260001],[18.246865,59.257436],[18.234944,59.26144],[18.188884,59.248838],[18.172904,59.253278],[18.160127,59.260999]]],[[[18.304814,59.33728],[18.299056,59.321296],[18.293701,59.314376],[18.280049,59.309023],[18.258594,59.303528],[18.234686,59.305152],[18.223355,59.308802],[18.222518,59.312859],[18.222101,59.320599],[18.226699,59.344015],[18.25088,59.350452],[18.259764,59.353923],[18.264468,59.360848],[18.306965,59.361764],[18.324388,59.359965],[18.345361,59.360969],[18.359475,59.3587],[18.357477,59.347315],[18.343246,59.331445],[18.329971,59.334936],[18.304814,59.33728]]]]}},{"type":"Feature","properties":{"kode":"0183","navn":"Sundbyberg"},"geometry":{"type":"Polygon","coordinates":[[[17.959952,59.368052],[17.931609,59.371408],[17.93343,59.382791],[17.955926,59.385628],[17.967767,59.392742],[17.976661,59.393618],[17.990775,59.375729],[17.972124,59.357793],[17.959952,59.368052]]]}},{"type":"Feature","properties":{"kode":"0184","navn":"Solna"},"geometry":{"type":"Polygon","coordinates":[[[18.040997,59.363421],[18.043315,59.360678],[18.035406,59.353809],[18.024933,59.353395],[18.012506,59.34697],[18.003335,59.346523],[17.99407,59.345638],[17.993285,59.34609],[17.972124,59.357793],[17.990775,59.375729],[17.976661,59.393618],[18.000057,59.399585],[18.060346,59.377994],[18.039911,59.371521],[18.040997,59.363421]]]}},{"type":"Feature","properties":{"kode":"0186","navn":"Lidingö"},"geometry":{"type":"Polygon","coordinates":[[[18.105841,59.389746],[18.113317,59.392245],[18.128821,59.390857],[18.148584,59.38666],[18.175219,59.379606],[18.203603,59.376537],[18.214522,59.374908],[18.229159,59.377565],[18.242653,59.375536],[18.244544,59.369268],[18.238558,59.368239],[18.22288,59.367974],[18.216677,59.365107],[18.218248,59.361701],[18.223675,59.357865],[18.217804,59.351975],[18.205612,59.347916],[18.188211,59.343988],[18.166114,59.344542],[18.143721,59.348465],[18.130059,59.360572],[18.126169,59.366721],[18.126281,59.373768],[18.119644,59.378636],[18.10754,59.381302],[18.10472,59.385401],[18.105841,59.389746]]]}},{"type":"Feature","properties":{"kode":"0187","navn":"Vaxholm"},"geometry":{"type":"MultiPolygon","coordinates":[[[[18.281091,59.409163],[18.26898,59.406123],[18.272473,59.40233],[18.294732,59.402761],[18.302691,59.398182],[18.294205,59.392686],[18.271694,59.389907],[18.214718,59.388348],[18.200814,59.392403],[18.185254,59.393468],[18.163482,59.397384],[18.165294,59.40775],[18.168555,59.419437],[18.175163,59.425989],[18.195041,59.422466],[18.20304,59.423945],[18.218907,59.419316],[18.23447,59.430199],[18.245512,59.42958],[18.263256,59.430469],[18.271701,59.424194],[18.285573,59.414089],[18.281091,59.409163]]],[[[18.312578,59.432882],[18.314075,59.440244],[18.32375,59.444683],[18.332344,59.445469],[18.344602,59.438424],[18.358592,59.435026],[18.360109,59.431288],[18.336917,59.428542],[18.317422,59.418303],[18.30558,59.423317],[18.312578,59.432882]]]]}},{"type":"Feature","properties":{"kode":"0188","navn":"Norrtälje"},"geometry":{"type":"MultiPolygon","coordinates":[[[[18.447915,59.558355],[18.447513,59.566095],[18.436031,59.567072],[18.429815,59.582715],[18.418195,59.595458],[18.39331,59.601501],[18.388047,59.61813],[18.378197,59.623765],[18.387692,59.648392],[18.385258,59.655517],[18.350809,59.664828],[18.326651,59.683273],[18.2977,59.67798],[18.291139,59.683869],[18.243451,59.664253],[18.196538,59.668474],[18.185567,59.664713],[18.173052,59.664688],[18.171204,59.671465],[18.164097,59.678705],[18.146419,59.679587],[18.140708,59.687339],[18.118871,59.698304],[18.124563,59.70791],[18.132575,59.714773],[18.127063,59.718606],[18.110279,59.715992],[18.097745,59.72168],[18.089113,59.73617],[18.139852,59.814183],[18.297402,59.832982],[18.373792,59.868909],[18.40307,59.995846],[18.44192,60.003725],[18.381745,60.045322],[18.462471,60.056729],[18.489071,60.10562],[18.511026,60.154871],[18.610151,60.141576],[18.676015,60.130879],[18.708433,60.162891],[18.72124,60.21286],[18.799134,60.171984],[18.781543,60.10782],[18.820072,60.091958],[18.859799,60.003105],[18.928784,59.937304],[19.021668,59.900471],[19.08446,59.871543],[19.04132,59.818641],[18.969726,59.820956],[18.969629,59.777213],[19.068609,59.759855],[19.075388,59.715534],[19.015062,59.696883],[18.859512,59.706135],[18.741484,59.675711],[18.724231,59.622475],[18.667257,59.577367],[18.647064,59.586735],[18.627714,59.579222],[18.619291,59.58014],[18.61276,59.585705],[18.607741,59.587528],[18.593547,59.584238],[18.585258,59.591527],[18.574106,59.591835],[18.56063,59.58885],[18.551947,59.593137],[18.522592,59.589581],[18.492726,59.592424],[18.484962,59.582552],[18.488361,59.57809],[18.487864,59.574068],[18.477085,59.560916],[18.461432,59.556303],[18.447915,59.558355]]],[[[18.972181,59.641387],[18.970247,59.620845],[18.91402,59.619495],[18.90549,59.594654],[18.857652,59.599334],[18.772414,59.569064],[18.754459,59.577517],[18.807697,59.598692],[18.856548,59.638774],[18.917326,59.655239],[18.972181,59.641387]]]]}},{"type":"Feature","properties":{"kode":"0191","navn":"Sigtuna"},"geometry":{"type":"Polygon","coordinates":[[[17.676745,59.616366],[17.663973,59.627053],[17.632879,59.638461],[17.590997,59.649856],[17.582593,59.655967],[17.611492,59.669148],[17.639781,59.675948],[17.635583,59.695022],[17.665055,59.692221],[17.692603,59.690957],[17.705538,59.681954],[17.73096,59.679393],[17.736256,59.666503],[17.755198,59.665074],[17.768466,59.679242],[17.791488,59.68545],[17.81316,59.684977],[17.823837,59.680028],[17.843437,59.684969],[17.838221,59.691802],[17.917551,59.707135],[17.937364,59.707686],[17.955044,59.712651],[17.9881,59.725988],[18.009217,59.726166],[18.036765,59.736934],[18.046335,59.734015],[18.067722,59.736522],[18.089113,59.73617],[18.097745,59.72168],[18.110279,59.715992],[18.127063,59.718606],[18.132575,59.714773],[18.124563,59.70791],[18.118871,59.698304],[18.140708,59.687339],[18.146419,59.679587],[18.125073,59.676976],[18.130309,59.670795],[18.11529,59.66613],[18.101389,59.653362],[18.093478,59.635407],[18.057151,59.633934],[18.043708,59.631236],[18.014972,59.632936],[18.01973,59.603915],[18.016612,59.587185],[18.011029,59.577904],[18.018887,59.571666],[18.004778,59.568644],[17.980874,59.564059],[17.964645,59.561526],[17.928794,59.56371],[17.883704,59.559036],[17.863788,59.563185],[17.854654,59.570116],[17.81007,59.57481],[17.805981,59.581965],[17.776998,59.594032],[17.74147,59.59985],[17.700699,59.612826],[17.676745,59.616366]]]}},{"type":"Feature","properties":{"kode":"0192","navn":"Nynäshamn"},"geometry":{"type":"Polygon","coordinates":[[[17.764431,59.093576],[17.77766,59.096645],[17.807843,59.100673],[17.858109,59.09213],[17.877035,59.093724],[17.899136,59.107324],[17.893259,59.113175],[17.901522,59.12441],[17.921773,59.128194],[17.926591,59.122477],[17.93698,59.116515],[17.94978,59.121261],[17.970916,59.119079],[17.972051,59.104943],[17.980964,59.103717],[17.978129,59.095045],[17.965318,59.083917],[17.954836,59.07644],[17.955451,59.06366],[17.962247,59.054415],[17.99522,59.04825],[18.000029,59.042754],[17.997927,59.037096],[18.005592,59.011697],[18.007261,59.002922],[18.002329,58.999009],[17.993893,58.998541],[17.990314,59.007698],[17.983766,59.0129],[17.976205,59.002323],[17.973946,58.992968],[17.955928,58.968519],[17.963536,58.936082],[17.95218,58.913489],[17.929476,58.90562],[17.906945,58.892706],[17.890932,58.868207],[17.875352,58.860178],[17.848612,58.811385],[17.785476,58.8024],[17.785788,58.812138],[17.803687,58.824506],[17.817573,58.83495],[17.821706,58.850654],[17.800556,58.877337],[17.776535,58.901412],[17.753955,58.914011],[17.74722,58.924241],[17.753595,58.930152],[17.757259,58.967712],[17.745924,58.977032],[17.74735,58.985075],[17.756765,58.99561],[17.747996,59.024709],[17.736598,59.040431],[17.737544,59.050142],[17.749108,59.062666],[17.760939,59.071136],[17.757473,59.081972],[17.764431,59.093576]]]}},{"type":"Feature","properties":{"kode":"0305","navn":"Håbo"},"geometry":{"type":"Polygon","coordinates":[[[17.611492,59.669148],[17.582593,59.655967],[17.590997,59.649856],[17.575667,59.638302],[17.561107,59.637249],[17.545176,59.628842],[17.531193,59.61266],[17.534157,59.595131],[17.572391,59.575866],[17.566923,59.561979],[17.552568,59.560474],[17.540022,59.545611],[17.526511,59.534126],[17.507476,59.533836],[17.473953,59.546935],[17.44175,59.568071],[17.414156,59.589439],[17.404213,59.603063],[17.398461,59.619634],[17.36606,59.61224],[17.453158,59.667997],[17.50156,59.711732],[17.479334,59.731068],[17.60761,59.733791],[17.635583,59.695022],[17.639781,59.675948],[17.611492,59.669148]]]}},{"type":"Feature","properties":{"kode":"0319","navn":"Älvkarleby"},"geometry":{"type":"Polygon","coordinates":[[[17.300786,60.471137],[17.350779,60.652334],[17.607676,60.649603],[17.60276,60.596049],[17.469498,60.544826],[17.439866,60.481501],[17.300786,60.471137]]]}},{"type":"Feature","properties":{"kode":"0330","navn":"Knivsta"},"geometry":{"type":"Polygon","coordinates":[[[17.606054,59.733758],[17.610014,59.744765],[17.613521,59.76138],[17.622172,59.773139],[17.649306,59.783056],[17.667922,59.797235],[17.675667,59.789448],[17.672319,59.776621],[17.694181,59.765771],[17.727954,59.769562],[17.7353,59.774533],[17.765662,59.78217],[17.771045,59.800536],[17.787232,59.810319],[17.800029,59.821251],[17.809514,59.823655],[17.820901,59.822922],[17.842645,59.820998],[17.860409,59.816076],[17.879555,59.813874],[17.899077,59.817871],[17.920191,59.818486],[17.938462,59.816695],[17.953195,59.810655],[17.971649,59.806888],[17.990476,59.809195],[18.00905,59.813312],[18.026865,59.828103],[18.052792,59.819909],[18.065476,59.809437],[18.085489,59.812043],[18.097104,59.811486],[18.117067,59.815291],[18.139762,59.814318],[18.089113,59.73617],[18.067722,59.736522],[18.046335,59.734015],[18.036765,59.736934],[18.009217,59.726166],[17.9881,59.725988],[17.955044,59.712651],[17.937364,59.707686],[17.917551,59.707135],[17.838221,59.691802],[17.843437,59.684969],[17.823837,59.680028],[17.81316,59.684977],[17.791488,59.68545],[17.768466,59.679242],[17.755198,59.665074],[17.736256,59.666503],[17.73096,59.679393],[17.705538,59.681954],[17.692603,59.690957],[17.665055,59.692221],[17.635583,59.695022],[17.606054,59.733758]]]}},{"type":"Feature","properties":{"kode":"0331","navn":"Heby"},"geometry":{"type":"Polygon","coordinates":[[[17.273943,60.262352],[17.370145,60.228453],[17.319128,60.139571],[17.298228,60.104492],[17.303912,60.060512],[17.257178,60.036516],[17.204766,60.043759],[17.176491,60.007573],[17.109999,60.003029],[17.093406,59.982384],[17.134164,59.959637],[17.127571,59.88384],[17.022858,59.831066],[16.950649,59.87042],[16.831257,59.860217],[16.778159,59.899998],[16.798548,59.922243],[16.789642,59.97001],[16.691925,60.010841],[16.721797,60.041552],[16.692976,60.11054],[16.735121,60.11869],[16.720444,60.199907],[16.797437,60.201707],[16.881165,60.241583],[16.864997,60.262591],[16.905763,60.287133],[17.100408,60.268714],[17.199525,60.309193],[17.274401,60.289555],[17.273943,60.262352]]]}},{"type":"Feature","properties":{"kode":"0360","navn":"Tierp"},"geometry":{"type":"Polygon","coordinates":[[[17.273943,60.262352],[17.274401,60.289555],[17.199525,60.309193],[17.204103,60.428712],[17.300786,60.471137],[17.439866,60.481501],[17.469498,60.544826],[17.60276,60.596049],[17.655155,60.524496],[17.731071,60.531782],[17.789513,60.578473],[17.907748,60.602623],[17.987871,60.574927],[17.997441,60.510594],[18.101811,60.438116],[18.047405,60.405525],[17.959344,60.404759],[17.953796,60.339782],[17.912902,60.313726],[17.790459,60.319002],[17.746416,60.245934],[17.726953,60.205583],[17.71675,60.147626],[17.558668,60.115973],[17.495909,60.136735],[17.476021,60.192566],[17.373601,60.152547],[17.319128,60.139571],[17.370145,60.228453],[17.273943,60.262352]]]}},{"type":"Feature","properties":{"kode":"0380","navn":"Uppsala"},"geometry":{"type":"Polygon","coordinates":[[[18.089113,59.73617],[18.139762,59.814318],[18.117067,59.815291],[18.097104,59.811486],[18.085489,59.812043],[18.065476,59.809437],[18.052792,59.819909],[18.026865,59.828103],[18.00905,59.813312],[17.990476,59.809195],[17.971649,59.806888],[17.953195,59.810655],[17.938462,59.816695],[17.920191,59.818486],[17.899077,59.817871],[17.879555,59.813874],[17.860409,59.816076],[17.842645,59.820998],[17.820901,59.822922],[17.809514,59.823655],[17.800029,59.821251],[17.787232,59.810319],[17.771045,59.800536],[17.765662,59.78217],[17.7353,59.774533],[17.727954,59.769562],[17.694181,59.765771],[17.672319,59.776621],[17.675667,59.789448],[17.667922,59.797235],[17.649306,59.783056],[17.622172,59.773139],[17.613521,59.76138],[17.610014,59.744765],[17.606054,59.733758],[17.479334,59.731068],[17.387396,59.73796],[17.383103,59.785431],[17.323353,59.802311],[17.282614,59.785196],[17.21375,59.833484],[17.155908,59.832016],[17.154824,59.866543],[17.127571,59.88384],[17.134164,59.959637],[17.093406,59.982384],[17.109999,60.003029],[17.176491,60.007573],[17.204766,60.043759],[17.257178,60.036516],[17.303912,60.060512],[17.298228,60.104492],[17.319128,60.139571],[17.373601,60.152547],[17.476021,60.192566],[17.495909,60.136735],[17.558668,60.115973],[17.71675,60.147626],[17.829725,60.14911],[17.807735,60.112588],[17.86911,60.111736],[17.86835,60.073653],[17.945995,60.031603],[18.102798,60.047138],[18.145088,60.02033],[18.381745,60.045322],[18.44192,60.003725],[18.40307,59.995846],[18.373792,59.868909],[18.297402,59.832982],[18.139852,59.814183],[18.089113,59.73617]]]}},{"type":"Feature","properties":{"kode":"0381","navn":"Enköping"},"geometry":{"type":"Polygon","coordinates":[[[17.422861,59.527241],[17.425753,59.474351],[17.340778,59.476776],[17.217079,59.532679],[17.103209,59.560546],[17.043652,59.551937],[16.97374,59.531276],[16.904821,59.567403],[16.869038,59.674441],[16.794643,59.732006],[16.744213,59.781288],[16.799754,59.818753],[16.831257,59.860217],[16.950649,59.87042],[17.022858,59.831066],[17.127571,59.88384],[17.154824,59.866543],[17.155908,59.832016],[17.21375,59.833484],[17.282614,59.785196],[17.323353,59.802311],[17.383103,59.785431],[17.387396,59.73796],[17.479334,59.731068],[17.50156,59.711732],[17.453158,59.667997],[17.36606,59.61224],[17.354753,59.60292],[17.422861,59.527241]]]}},{"type":"Feature","properties":{"kode":"0382","navn":"Östhammar"},"geometry":{"type":"Polygon","coordinates":[[[18.44291,60.416863],[18.511715,60.356888],[18.581041,60.344181],[18.567023,60.312511],[18.481869,60.310067],[18.562043,60.274663],[18.600467,60.235216],[18.569808,60.208494],[18.508033,60.209722],[18.511026,60.154871],[18.489071,60.10562],[18.462471,60.056729],[18.381745,60.045322],[18.145088,60.02033],[18.102798,60.047138],[17.945995,60.031603],[17.86835,60.073653],[17.86911,60.111736],[17.807735,60.112588],[17.829725,60.14911],[17.71675,60.147626],[17.726953,60.205583],[17.746416,60.245934],[17.790459,60.319002],[17.912902,60.313726],[17.953796,60.339782],[17.959344,60.404759],[18.047405,60.405525],[18.101811,60.438116],[18.270583,60.360934],[18.368708,60.346141],[18.404778,60.36702],[18.366411,60.45369],[18.372928,60.496873],[18.408752,60.505043],[18.44291,60.416863]]]}},{"type":"Feature","properties":{"kode":"0428","navn":"Vingåker"},"geometry":{"type":"Polygon","coordinates":[[[15.861301,58.998557],[15.84306,59.024982],[15.793832,59.038757],[15.741795,58.980327],[15.632338,59.003197],[15.605867,59.024748],[15.626336,59.068828],[15.678523,59.11286],[15.771712,59.120047],[15.76981,59.150038],[15.836613,59.146567],[15.88561,59.170784],[16.000891,59.158429],[16.043319,59.116025],[16.135607,59.034332],[16.081314,59.026818],[15.958149,58.96497],[15.861301,58.998557]]]}},{"type":"Feature","properties":{"kode":"0461","navn":"Gnesta"},"geometry":{"type":"Polygon","coordinates":[[[17.387683,58.929418],[17.342299,58.9555],[17.313318,58.947687],[17.279297,58.958278],[17.247382,58.95149],[17.212112,58.971271],[17.183947,58.981772],[17.143021,58.974049],[17.051147,59.012743],[16.98315,59.060565],[16.877241,59.123965],[16.894724,59.14998],[16.869455,59.160747],[16.927125,59.218474],[17.175647,59.212265],[17.197903,59.19076],[17.254163,59.190434],[17.303927,59.141568],[17.289024,59.050115],[17.364024,58.992151],[17.403763,58.952709],[17.387683,58.929418]]]}},{"type":"Feature","properties":{"kode":"0480","navn":"Nyköping"},"geometry":{"type":"Polygon","coordinates":[[[17.403894,58.791377],[17.388367,58.746601],[17.32293,58.754534],[17.281507,58.729478],[17.179984,58.742226],[17.127842,58.742277],[17.079481,58.769249],[17.013243,58.755717],[17.082788,58.721254],[16.990581,58.722842],[16.969742,58.688016],[16.926245,58.676514],[17.009476,58.663509],[17.01062,58.641672],[16.901492,58.622031],[16.819829,58.62761],[16.748365,58.632453],[16.687839,58.680015],[16.545292,58.705769],[16.369456,58.709968],[16.252922,58.82905],[16.363007,58.809978],[16.381218,58.785265],[16.452135,58.777066],[16.582709,58.812007],[16.541986,58.884721],[16.633601,58.888361],[16.657625,58.913944],[16.714573,58.904733],[16.744813,58.913576],[16.728205,58.94368],[16.806385,58.961999],[16.856504,58.953182],[16.85439,59.011329],[16.98315,59.060565],[17.051147,59.012743],[17.143021,58.974049],[17.183947,58.981772],[17.212112,58.971271],[17.247382,58.95149],[17.279297,58.958278],[17.313318,58.947687],[17.342299,58.9555],[17.387683,58.929418],[17.391667,58.88444],[17.363893,58.868436],[17.366561,58.827533],[17.41699,58.815708],[17.430649,58.787954],[17.403894,58.791377]]]}},{"type":"Feature","properties":{"kode":"0481","navn":"Oxelösund"},"geometry":{"type":"Polygon","coordinates":[[[16.990581,58.722842],[17.082788,58.721254],[17.132876,58.696587],[17.088746,58.661604],[17.028817,58.683923],[16.969742,58.688016],[16.990581,58.722842]]]}},{"type":"Feature","properties":{"kode":"0482","navn":"Flen"},"geometry":{"type":"Polygon","coordinates":[[[16.416846,58.927852],[16.478826,58.938345],[16.522501,58.959056],[16.481874,58.977991],[16.542095,59.008501],[16.54431,59.044586],[16.501323,59.054626],[16.506948,59.090478],[16.442898,59.114534],[16.442009,59.208159],[16.545305,59.212983],[16.649207,59.233386],[16.730267,59.233475],[16.7548,59.246343],[16.825433,59.251295],[16.842026,59.229654],[16.927125,59.218474],[16.869455,59.160747],[16.894724,59.14998],[16.877241,59.123965],[16.98315,59.060565],[16.85439,59.011329],[16.856504,58.953182],[16.806385,58.961999],[16.728205,58.94368],[16.744813,58.913576],[16.714573,58.904733],[16.657625,58.913944],[16.633601,58.888361],[16.541986,58.884721],[16.416846,58.927852]]]}},{"type":"Feature","properties":{"kode":"0483","navn":"Katrineholm"},"geometry":{"type":"Polygon","coordinates":[[[16.416846,58.927852],[16.541986,58.884721],[16.582709,58.812007],[16.452135,58.777066],[16.381218,58.785265],[16.363007,58.809978],[16.252922,58.82905],[16.226592,58.849427],[16.16703,58.85739],[16.098887,58.897222],[16.053788,58.941645],[15.958149,58.96497],[16.081314,59.026818],[16.135607,59.034332],[16.043319,59.116025],[16.000891,59.158429],[15.88561,59.170784],[15.892937,59.206543],[16.003344,59.227035],[16.071232,59.241009],[16.154133,59.210581],[16.196418,59.168136],[16.311126,59.17724],[16.375026,59.207607],[16.442009,59.208159],[16.442898,59.114534],[16.506948,59.090478],[16.501323,59.054626],[16.54431,59.044586],[16.542095,59.008501],[16.481874,58.977991],[16.522501,58.959056],[16.478826,58.938345],[16.416846,58.927852]]]}},{"type":"Feature","properties":{"kode":"0484","navn":"Eskilstuna"},"geometry":{"type":"Polygon","coordinates":[[[16.606641,59.449927],[16.704142,59.465498],[16.812251,59.396559],[16.825433,59.251295],[16.7548,59.246343],[16.730267,59.233475],[16.649207,59.233386],[16.545305,59.212983],[16.442009,59.208159],[16.375026,59.207607],[16.311126,59.17724],[16.196418,59.168136],[16.154133,59.210581],[16.071232,59.241009],[16.180665,59.246953],[16.262271,59.263598],[16.2985,59.295729],[16.256818,59.29833],[16.065748,59.266684],[15.994938,59.294507],[15.854415,59.299668],[15.926156,59.342666],[15.997612,59.374601],[16.051837,59.364044],[16.135298,59.357111],[16.259397,59.37114],[16.272572,59.395698],[16.224054,59.415045],[16.230844,59.442706],[16.418607,59.449307],[16.51689,59.459341],[16.606641,59.449927]]]}},{"type":"Feature","properties":{"kode":"0486","navn":"Strängnäs"},"geometry":{"type":"Polygon","coordinates":[[[16.969231,59.488028],[17.015124,59.499426],[17.073358,59.477285],[17.042172,59.441306],[17.078193,59.377104],[17.153434,59.37916],[17.120086,59.439568],[17.147418,59.461268],[17.281386,59.442831],[17.324372,59.392575],[17.272602,59.359903],[17.303483,59.355916],[17.312515,59.324398],[17.257342,59.304688],[17.284754,59.267957],[17.240336,59.242192],[17.254163,59.190434],[17.197903,59.19076],[17.175647,59.212265],[16.927125,59.218474],[16.842026,59.229654],[16.825433,59.251295],[16.812251,59.396559],[16.704142,59.465498],[16.785572,59.467716],[16.838846,59.480503],[16.952667,59.452867],[16.969231,59.488028]]]}},{"type":"Feature","properties":{"kode":"0488","navn":"Trosa"},"geometry":{"type":"Polygon","coordinates":[[[17.391667,58.88444],[17.387683,58.929418],[17.403763,58.952709],[17.364024,58.992151],[17.521573,58.991662],[17.525309,58.9678],[17.600144,58.947795],[17.618954,58.904846],[17.568391,58.878059],[17.590958,58.850202],[17.557423,58.839419],[17.492911,58.867824],[17.474831,58.804739],[17.501015,58.788092],[17.449981,58.785662],[17.430649,58.787954],[17.41699,58.815708],[17.366561,58.827533],[17.363893,58.868436],[17.391667,58.88444]]]}},{"type":"Feature","properties":{"kode":"0509","navn":"Ödeshög"},"geometry":{"type":"Polygon","coordinates":[[[14.868239,58.177985],[14.933687,58.131115],[14.894718,58.089863],[14.755588,58.073777],[14.748141,58.104872],[14.604127,58.092495],[14.537647,58.106135],[14.590757,58.205145],[14.614093,58.272564],[14.638925,58.294765],[14.625842,58.315305],[14.646262,58.349764],[14.681539,58.337715],[14.794197,58.353526],[14.843572,58.343681],[14.843653,58.293106],[14.87201,58.253056],[14.858216,58.212847],[14.868239,58.177985]]]}},{"type":"Feature","properties":{"kode":"0512","navn":"Ydre"},"geometry":{"type":"Polygon","coordinates":[[[15.00458,57.895979],[14.983107,57.934495],[15.014315,57.97676],[15.049617,58.000114],[15.025647,58.032157],[15.139004,58.022263],[15.238134,58.009466],[15.285722,57.977841],[15.363143,57.975209],[15.414416,57.961389],[15.403924,57.896908],[15.448128,57.897939],[15.466489,57.873361],[15.512851,57.868826],[15.521147,57.844819],[15.536465,57.796286],[15.516614,57.761898],[15.457058,57.767225],[15.429141,57.747157],[15.415855,57.700911],[15.284386,57.715772],[15.141346,57.707647],[15.100256,57.758748],[15.064576,57.825796],[15.076379,57.850441],[15.00458,57.895979]]]}},{"type":"Feature","properties":{"kode":"0513","navn":"Kinda"},"geometry":{"type":"Polygon","coordinates":[[[15.964434,58.125498],[16.015688,58.111437],[15.998818,58.087751],[15.984406,58.035572],[16.064853,57.972586],[16.019725,57.953707],[16.066764,57.864759],[16.018628,57.861472],[15.919627,57.813382],[15.866648,57.832964],[15.794729,57.81387],[15.778232,57.845643],[15.670931,57.864822],[15.580596,57.853954],[15.590997,57.824387],[15.536465,57.796286],[15.521147,57.844819],[15.512851,57.868826],[15.466489,57.873361],[15.448128,57.897939],[15.403924,57.896908],[15.414416,57.961389],[15.363143,57.975209],[15.350851,58.044623],[15.374515,58.070375],[15.429568,58.094316],[15.457092,58.080057],[15.505832,58.100724],[15.501611,58.128089],[15.539746,58.162032],[15.542069,58.203489],[15.607071,58.188803],[15.647259,58.170132],[15.704981,58.199245],[15.804751,58.212511],[15.845517,58.201588],[15.878938,58.168777],[15.943736,58.15392],[15.964434,58.125498]]]}},{"type":"Feature","properties":{"kode":"0560","navn":"Boxholm"},"geometry":{"type":"Polygon","coordinates":[[[14.868239,58.177985],[14.858216,58.212847],[14.87201,58.253056],[14.901616,58.275564],[14.954146,58.281779],[14.984105,58.294618],[15.019475,58.283662],[15.058131,58.288779],[15.209804,58.246044],[15.235139,58.172322],[15.230231,58.1491],[15.26759,58.137951],[15.27649,58.110335],[15.337011,58.106883],[15.322699,58.087813],[15.374515,58.070375],[15.350851,58.044623],[15.363143,57.975209],[15.285722,57.977841],[15.238134,58.009466],[15.139004,58.022263],[15.025647,58.032157],[14.981983,58.117655],[14.933687,58.131115],[14.868239,58.177985]]]}},{"type":"Feature","properties":{"kode":"0561","navn":"Åtvidaberg"},"geometry":{"type":"Polygon","coordinates":[[[15.964434,58.125498],[15.943736,58.15392],[15.878938,58.168777],[15.845517,58.201588],[15.804751,58.212511],[15.819184,58.235764],[15.816417,58.268507],[15.779173,58.28523],[15.792032,58.311592],[15.885557,58.345704],[15.945186,58.336622],[16.04736,58.37733],[16.076145,58.339333],[16.126407,58.348842],[16.194357,58.317385],[16.232783,58.320351],[16.27997,58.302849],[16.293647,58.260323],[16.432407,58.225926],[16.422321,58.184935],[16.376429,58.178881],[16.371983,58.1514],[16.29372,58.133558],[16.251843,58.157988],[16.179033,58.124642],[16.151266,58.108307],[16.175504,58.06693],[16.116801,58.063422],[16.09208,58.08853],[15.998818,58.087751],[16.015688,58.111437],[15.964434,58.125498]]]}},{"type":"Feature","properties":{"kode":"0562","navn":"Finspång"},"geometry":{"type":"Polygon","coordinates":[[[15.649265,58.667425],[15.608003,58.61739],[15.584401,58.640477],[15.531076,58.618252],[15.516178,58.644434],[15.479223,58.644147],[15.465647,58.681692],[15.483342,58.745774],[15.448061,58.758644],[15.40809,58.813342],[15.419401,58.830918],[15.439951,58.876816],[15.523524,58.875636],[15.566392,58.911165],[15.530669,58.944614],[15.632338,59.003197],[15.741795,58.980327],[15.793832,59.038757],[15.84306,59.024982],[15.861301,58.998557],[15.958149,58.96497],[16.053788,58.941645],[16.098887,58.897222],[16.16703,58.85739],[16.075283,58.828103],[16.062856,58.790855],[15.998758,58.754993],[15.977511,58.709238],[15.986534,58.688784],[15.954593,58.670834],[15.918971,58.622337],[15.846064,58.635809],[15.744438,58.659993],[15.649265,58.667425]]]}},{"type":"Feature","properties":{"kode":"0563","navn":"Valdemarsvik"},"geometry":{"type":"Polygon","coordinates":[[[16.236865,58.379853],[16.247935,58.397251],[16.449437,58.364268],[16.487952,58.367176],[16.550433,58.328627],[16.602626,58.31789],[16.680985,58.266121],[16.766056,58.232552],[16.819901,58.188976],[16.769002,58.1236],[16.679097,58.146045],[16.691576,58.114391],[16.772599,58.070786],[16.709321,58.049754],[16.748819,58.004152],[16.688897,57.982286],[16.612465,57.989284],[16.561645,58.099602],[16.501002,58.116323],[16.469169,58.084025],[16.371983,58.1514],[16.376429,58.178881],[16.422321,58.184935],[16.432407,58.225926],[16.293647,58.260323],[16.27997,58.302849],[16.232783,58.320351],[16.27009,58.346941],[16.236865,58.379853]]]}},{"type":"Feature","properties":{"kode":"0580","navn":"Linköping"},"geometry":{"type":"Polygon","coordinates":[[[15.816417,58.268507],[15.819184,58.235764],[15.804751,58.212511],[15.704981,58.199245],[15.647259,58.170132],[15.607071,58.188803],[15.542069,58.203489],[15.539746,58.162032],[15.501611,58.128089],[15.505832,58.100724],[15.457092,58.080057],[15.429568,58.094316],[15.374515,58.070375],[15.322699,58.087813],[15.337011,58.106883],[15.27649,58.110335],[15.26759,58.137951],[15.364275,58.170403],[15.347482,58.250915],[15.330156,58.313375],[15.356625,58.340791],[15.31455,58.352218],[15.333176,58.390929],[15.253731,58.404454],[15.287378,58.433289],[15.362982,58.465176],[15.349911,58.626811],[15.380793,58.657603],[15.434515,58.634662],[15.479223,58.644147],[15.516178,58.644434],[15.531076,58.618252],[15.584401,58.640477],[15.608003,58.61739],[15.681142,58.564264],[15.743221,58.564184],[15.752469,58.529266],[15.910561,58.512467],[15.900501,58.484123],[15.964629,58.463915],[15.938431,58.44018],[15.999621,58.417703],[16.028737,58.400222],[16.04736,58.37733],[15.945186,58.336622],[15.885557,58.345704],[15.792032,58.311592],[15.779173,58.28523],[15.816417,58.268507]]]}},{"type":"Feature","properties":{"kode":"0581","navn":"Norrköping"},"geometry":{"type":"Polygon","coordinates":[[[15.649265,58.667425],[15.744438,58.659993],[15.846064,58.635809],[15.918971,58.622337],[15.954593,58.670834],[15.986534,58.688784],[15.977511,58.709238],[15.998758,58.754993],[16.062856,58.790855],[16.075283,58.828103],[16.16703,58.85739],[16.226592,58.849427],[16.252922,58.82905],[16.369456,58.709968],[16.545292,58.705769],[16.687839,58.680015],[16.748365,58.632453],[16.68323,58.635022],[16.578573,58.645611],[16.444527,58.663456],[16.37546,58.664299],[16.273595,58.672644],[16.234287,58.653415],[16.232837,58.619107],[16.265591,58.611588],[16.345749,58.628184],[16.399532,58.593931],[16.421277,58.639616],[16.572002,58.63336],[16.711974,58.59866],[16.827564,58.550956],[16.903088,58.509528],[16.828307,58.4476],[16.719882,58.427785],[16.612484,58.438631],[16.564924,58.441192],[16.399783,58.483439],[16.318816,58.490484],[16.302477,58.522312],[16.135163,58.52932],[16.065093,58.510168],[16.071884,58.466307],[16.028232,58.456352],[15.999621,58.417703],[15.938431,58.44018],[15.964629,58.463915],[15.900501,58.484123],[15.910561,58.512467],[15.752469,58.529266],[15.743221,58.564184],[15.681142,58.564264],[15.608003,58.61739],[15.649265,58.667425]]]}},{"type":"Feature","properties":{"kode":"0582","navn":"Söderköping"},"geometry":{"type":"Polygon","coordinates":[[[16.809585,58.361869],[16.883692,58.329582],[16.84761,58.283138],[16.680985,58.266121],[16.602626,58.31789],[16.550433,58.328627],[16.487952,58.367176],[16.449437,58.364268],[16.247935,58.397251],[16.236865,58.379853],[16.27009,58.346941],[16.232783,58.320351],[16.194357,58.317385],[16.126407,58.348842],[16.076145,58.339333],[16.04736,58.37733],[16.028737,58.400222],[15.999621,58.417703],[16.028232,58.456352],[16.071884,58.466307],[16.065093,58.510168],[16.135163,58.52932],[16.302477,58.522312],[16.318816,58.490484],[16.399783,58.483439],[16.564924,58.441192],[16.596469,58.416141],[16.688931,58.400886],[16.71456,58.366536],[16.809585,58.361869]]]}},{"type":"Feature","properties":{"kode":"0583","navn":"Motala"},"geometry":{"type":"Polygon","coordinates":[[[15.085946,58.804283],[15.134414,58.835994],[15.186906,58.836742],[15.2474,58.875002],[15.33919,58.847233],[15.38733,58.859904],[15.419401,58.830918],[15.40809,58.813342],[15.448061,58.758644],[15.483342,58.745774],[15.465647,58.681692],[15.479223,58.644147],[15.434515,58.634662],[15.380793,58.657603],[15.349911,58.626811],[15.362982,58.465176],[15.287378,58.433289],[15.232698,58.434555],[15.246317,58.450057],[15.116904,58.455422],[15.102589,58.436329],[15.068279,58.436396],[14.99109,58.411686],[14.979265,58.446032],[14.986594,58.490863],[14.96147,58.518074],[15.024138,58.538178],[14.98964,58.554492],[14.929053,58.561355],[14.859164,58.590342],[14.926684,58.633738],[14.939575,58.699059],[15.028301,58.727799],[15.049838,58.764628],[15.085946,58.804283]]]}},{"type":"Feature","properties":{"kode":"0584","navn":"Vadstena"},"geometry":{"type":"Polygon","coordinates":[[[14.979265,58.446032],[14.99109,58.411686],[14.956419,58.409934],[14.964485,58.382406],[14.907916,58.340262],[14.843572,58.343681],[14.794197,58.353526],[14.681539,58.337715],[14.646262,58.349764],[14.659822,58.383987],[14.77262,58.434124],[14.775678,58.46648],[14.81898,58.47685],[14.862218,58.45289],[14.92363,58.467693],[14.96147,58.518074],[14.986594,58.490863],[14.979265,58.446032]]]}},{"type":"Feature","properties":{"kode":"0586","navn":"Mjölby"},"geometry":{"type":"Polygon","coordinates":[[[15.209804,58.246044],[15.058131,58.288779],[15.019475,58.283662],[14.984105,58.294618],[14.954146,58.281779],[14.901616,58.275564],[14.87201,58.253056],[14.843653,58.293106],[14.843572,58.343681],[14.907916,58.340262],[14.964485,58.382406],[14.956419,58.409934],[14.99109,58.411686],[15.068279,58.436396],[15.102589,58.436329],[15.116904,58.455422],[15.246317,58.450057],[15.232698,58.434555],[15.287378,58.433289],[15.253731,58.404454],[15.333176,58.390929],[15.31455,58.352218],[15.356625,58.340791],[15.330156,58.313375],[15.347482,58.250915],[15.364275,58.170403],[15.26759,58.137951],[15.230231,58.1491],[15.235139,58.172322],[15.209804,58.246044]]]}},{"type":"Feature","properties":{"kode":"0604","navn":"Aneby"},"geometry":{"type":"Polygon","coordinates":[[[14.961023,57.753197],[14.943784,57.812568],[14.887775,57.819231],[14.829767,57.798872],[14.805196,57.811027],[14.750393,57.80672],[14.716521,57.788645],[14.642877,57.767831],[14.604191,57.870383],[14.543664,57.871689],[14.497829,57.861392],[14.479502,57.907464],[14.509392,57.940252],[14.576807,57.956664],[14.584041,57.994214],[14.62367,58.000587],[14.657143,57.986824],[14.641522,57.958729],[14.74946,57.956693],[14.773797,57.94276],[14.854396,57.956527],[14.934062,57.948614],[14.983107,57.934495],[15.00458,57.895979],[15.076379,57.850441],[15.064576,57.825796],[15.100256,57.758748],[15.014818,57.747233],[14.961023,57.753197]]]}},{"type":"Feature","properties":{"kode":"0617","navn":"Gnosjö"},"geometry":{"type":"Polygon","coordinates":[[[13.675054,57.316278],[13.673454,57.347005],[13.628136,57.354465],[13.575637,57.358601],[13.597068,57.388306],[13.631397,57.435467],[13.673658,57.469638],[13.7158,57.462333],[13.755789,57.482157],[13.803341,57.467348],[13.835564,57.480296],[13.898525,57.47135],[13.899864,57.446636],[13.880847,57.41325],[13.925509,57.382284],[13.968105,57.378468],[14.015637,57.345529],[14.003775,57.315416],[14.059096,57.302528],[14.027514,57.28],[13.980691,57.258778],[13.915817,57.267276],[13.898499,57.282525],[13.843088,57.268881],[13.842161,57.243664],[13.714542,57.247143],[13.714994,57.276585],[13.675054,57.316278]]]}},{"type":"Feature","properties":{"kode":"0642","navn":"Mullsjö"},"geometry":{"type":"Polygon","coordinates":[[[13.852166,57.896083],[13.853723,57.869254],[13.828905,57.835963],[13.741449,57.843541],[13.749191,57.882869],[13.708875,57.937568],[13.708452,57.982081],[13.757849,58.014141],[13.776343,58.049983],[13.798455,58.053792],[13.846752,58.038973],[13.875827,58.050275],[13.950972,58.034187],[13.960174,58.009409],[13.930083,58.005053],[13.898459,57.968624],[13.917764,57.924234],[13.902493,57.897073],[13.852166,57.896083]]]}},{"type":"Feature","properties":{"kode":"0643","navn":"Habo"},"geometry":{"type":"Polygon","coordinates":[[[13.853723,57.869254],[13.852166,57.896083],[13.902493,57.897073],[13.917764,57.924234],[13.898459,57.968624],[13.930083,58.005053],[13.960174,58.009409],[14.068604,58.028683],[14.071782,58.04657],[14.114222,58.07524],[14.113242,58.151665],[14.21303,58.145687],[14.193981,58.066003],[14.157834,57.997363],[14.116892,57.957816],[14.114123,57.885767],[14.080199,57.865732],[14.041317,57.874797],[13.998009,57.858803],[14.003234,57.81164],[13.96681,57.815157],[13.919833,57.85523],[13.853723,57.869254]]]}},{"type":"Feature","properties":{"kode":"0662","navn":"Gislaved"},"geometry":{"type":"Polygon","coordinates":[[[13.269493,57.096004],[13.228228,57.106758],[13.220338,57.076438],[13.131234,57.031479],[13.090182,57.095638],[13.086029,57.127054],[13.133314,57.149138],[13.180477,57.184444],[13.197894,57.234189],[13.227735,57.256375],[13.272733,57.247284],[13.293511,57.303486],[13.369175,57.313502],[13.385447,57.332635],[13.429732,57.339741],[13.430095,57.363166],[13.486061,57.380577],[13.508293,57.415665],[13.621085,57.515281],[13.667413,57.533042],[13.682086,57.561241],[13.748133,57.576294],[13.789781,57.56538],[13.825791,57.607013],[13.860712,57.589172],[13.889375,57.58062],[13.878157,57.55408],[13.906105,57.522118],[13.898525,57.47135],[13.835564,57.480296],[13.803341,57.467348],[13.755789,57.482157],[13.7158,57.462333],[13.673658,57.469638],[13.631397,57.435467],[13.597068,57.388306],[13.575637,57.358601],[13.628136,57.354465],[13.673454,57.347005],[13.675054,57.316278],[13.714994,57.276585],[13.714542,57.247143],[13.680961,57.251079],[13.681437,57.193341],[13.651338,57.171261],[13.674679,57.15216],[13.718807,57.159173],[13.741512,57.136492],[13.720992,57.112179],[13.746756,57.068296],[13.704743,57.053397],[13.684982,56.986361],[13.620189,56.999527],[13.592383,57.031437],[13.608258,57.068599],[13.526815,57.09568],[13.496473,57.091612],[13.484903,57.122774],[13.459685,57.109459],[13.358584,57.117441],[13.269493,57.096004]]]}},{"type":"Feature","properties":{"kode":"0665","navn":"Vaggeryd"},"geometry":{"type":"Polygon","coordinates":[[[14.072354,57.631529],[14.122341,57.611075],[14.157993,57.641828],[14.22309,57.649476],[14.205933,57.628668],[14.240149,57.558394],[14.328863,57.540444],[14.304967,57.532708],[14.429901,57.525738],[14.457207,57.493318],[14.36061,57.467542],[14.370384,57.381594],[14.32343,57.37373],[14.2737,57.356367],[14.275755,57.330986],[14.248836,57.310673],[14.21153,57.325167],[14.128955,57.309372],[14.100576,57.317971],[14.059096,57.302528],[14.003775,57.315416],[14.015637,57.345529],[13.968105,57.378468],[13.925509,57.382284],[13.880847,57.41325],[13.899864,57.446636],[13.898525,57.47135],[13.906105,57.522118],[13.878157,57.55408],[13.889375,57.58062],[13.860712,57.589172],[13.825791,57.607013],[13.867121,57.626757],[13.926329,57.620396],[13.98302,57.65742],[14.024892,57.628381],[14.072354,57.631529]]]}},{"type":"Feature","properties":{"kode":"0680","navn":"Jönköping"},"geometry":{"type":"Polygon","coordinates":[[[14.072354,57.631529],[14.024892,57.628381],[13.98302,57.65742],[13.926329,57.620396],[13.867121,57.626757],[13.825791,57.607013],[13.789781,57.56538],[13.748133,57.576294],[13.682086,57.561241],[13.672887,57.60674],[13.67643,57.62823],[13.722048,57.640604],[13.736804,57.668797],[13.707452,57.707391],[13.710928,57.734896],[13.742694,57.764122],[13.741449,57.843541],[13.828905,57.835963],[13.853723,57.869254],[13.919833,57.85523],[13.96681,57.815157],[14.003234,57.81164],[13.998009,57.858803],[14.041317,57.874797],[14.080199,57.865732],[14.114123,57.885767],[14.142015,57.871803],[14.158346,57.831309],[14.150942,57.790155],[14.179392,57.779756],[14.208672,57.792773],[14.25972,57.795688],[14.266824,57.853094],[14.28571,57.900907],[14.352199,57.96802],[14.450142,58.002831],[14.468329,58.045245],[14.537647,58.106135],[14.604127,58.092495],[14.62367,58.000587],[14.584041,57.994214],[14.576807,57.956664],[14.509392,57.940252],[14.479502,57.907464],[14.497829,57.861392],[14.543664,57.871689],[14.604191,57.870383],[14.642877,57.767831],[14.596504,57.742558],[14.516882,57.74847],[14.449192,57.728455],[14.422523,57.675643],[14.390932,57.668216],[14.364708,57.635232],[14.378002,57.616507],[14.337527,57.596879],[14.328863,57.540444],[14.240149,57.558394],[14.205933,57.628668],[14.22309,57.649476],[14.157993,57.641828],[14.122341,57.611075],[14.072354,57.631529]]]}},{"type":"Feature","properties":{"kode":"0682","navn":"Nässjö"},"geometry":{"type":"Polygon","coordinates":[[[14.328863,57.540444],[14.337527,57.596879],[14.378002,57.616507],[14.364708,57.635232],[14.390932,57.668216],[14.422523,57.675643],[14.449192,57.728455],[14.516882,57.74847],[14.596504,57.742558],[14.642877,57.767831],[14.716521,57.788645],[14.750393,57.80672],[14.805196,57.811027],[14.829767,57.798872],[14.887775,57.819231],[14.943784,57.812568],[14.961023,57.753197],[14.896578,57.728416],[14.916301,57.709278],[14.831419,57.654254],[14.796056,57.611],[14.851447,57.597172],[14.842217,57.55612],[14.836376,57.509461],[14.845144,57.469237],[14.822214,57.409057],[14.754685,57.416323],[14.713797,57.463666],[14.644718,57.469127],[14.61121,57.451024],[14.568578,57.455058],[14.519117,57.493751],[14.457207,57.493318],[14.429901,57.525738],[14.304967,57.532708],[14.328863,57.540444]]]}},{"type":"Feature","properties":{"kode":"0683","navn":"Värnamo"},"geometry":{"type":"Polygon","coordinates":[[[14.292012,56.882466],[14.247253,56.895567],[14.203996,56.948278],[14.194968,56.990258],[14.134846,57.041964],[14.113345,57.0322],[14.074264,57.053966],[14.019878,57.063817],[13.931729,57.050007],[13.920921,57.025253],[13.862027,57.00821],[13.818695,57.064358],[13.746756,57.068296],[13.720992,57.112179],[13.741512,57.136492],[13.718807,57.159173],[13.674679,57.15216],[13.651338,57.171261],[13.681437,57.193341],[13.680961,57.251079],[13.714542,57.247143],[13.842161,57.243664],[13.843088,57.268881],[13.898499,57.282525],[13.915817,57.267276],[13.980691,57.258778],[14.027514,57.28],[14.059096,57.302528],[14.100576,57.317971],[14.128955,57.309372],[14.21153,57.325167],[14.248836,57.310673],[14.275755,57.330986],[14.2737,57.356367],[14.32343,57.37373],[14.370384,57.381594],[14.393062,57.335898],[14.430594,57.287048],[14.412472,57.206723],[14.373407,57.192471],[14.387516,57.155029],[14.339995,57.154446],[14.339807,57.062389],[14.320214,57.045328],[14.330412,57.010512],[14.392173,56.969429],[14.339745,56.898098],[14.292012,56.882466]]]}},{"type":"Feature","properties":{"kode":"0684","navn":"Sävsjö"},"geometry":{"type":"Polygon","coordinates":[[[14.672287,57.212997],[14.608203,57.207363],[14.592366,57.193758],[14.553327,57.197622],[14.543998,57.165603],[14.487334,57.157709],[14.387516,57.155029],[14.373407,57.192471],[14.412472,57.206723],[14.430594,57.287048],[14.393062,57.335898],[14.370384,57.381594],[14.36061,57.467542],[14.457207,57.493318],[14.519117,57.493751],[14.568578,57.455058],[14.61121,57.451024],[14.644718,57.469127],[14.713797,57.463666],[14.754685,57.416323],[14.822214,57.409057],[14.814488,57.329982],[14.808857,57.26706],[14.787664,57.232074],[14.728942,57.231637],[14.672287,57.212997]]]}},{"type":"Feature","properties":{"kode":"0685","navn":"Vetlanda"},"geometry":{"type":"Polygon","coordinates":[[[15.21826,57.527942],[15.300969,57.523184],[15.362975,57.499686],[15.408342,57.524144],[15.465721,57.52619],[15.510568,57.563315],[15.5782,57.555654],[15.621738,57.534948],[15.635694,57.506962],[15.605372,57.490709],[15.602241,57.445674],[15.546695,57.467103],[15.498793,57.446459],[15.50376,57.391904],[15.489657,57.372851],[15.506808,57.328418],[15.459839,57.311326],[15.465258,57.258559],[15.49907,57.245689],[15.529975,57.199957],[15.376741,57.233063],[15.21769,57.218838],[15.171762,57.23775],[15.111914,57.237558],[15.154598,57.202587],[15.085347,57.204721],[15.067762,57.18885],[15.026038,57.173736],[14.984923,57.167007],[14.966829,57.142713],[14.910092,57.140452],[14.893372,57.190152],[14.851633,57.214141],[14.787664,57.232074],[14.808857,57.26706],[14.814488,57.329982],[14.822214,57.409057],[14.845144,57.469237],[14.836376,57.509461],[14.842217,57.55612],[14.851447,57.597172],[14.932554,57.589131],[14.952622,57.555506],[15.018146,57.548273],[15.089204,57.518994],[15.168988,57.516299],[15.21826,57.527942]]]}},{"type":"Feature","properties":{"kode":"0686","navn":"Eksjö"},"geometry":{"type":"Polygon","coordinates":[[[14.961023,57.753197],[15.014818,57.747233],[15.100256,57.758748],[15.141346,57.707647],[15.284386,57.715772],[15.415855,57.700911],[15.440394,57.674165],[15.51269,57.666282],[15.653235,57.6072],[15.5782,57.555654],[15.510568,57.563315],[15.465721,57.52619],[15.408342,57.524144],[15.362975,57.499686],[15.300969,57.523184],[15.21826,57.527942],[15.168988,57.516299],[15.089204,57.518994],[15.018146,57.548273],[14.952622,57.555506],[14.932554,57.589131],[14.851447,57.597172],[14.796056,57.611],[14.831419,57.654254],[14.916301,57.709278],[14.896578,57.728416],[14.961023,57.753197]]]}},{"type":"Feature","properties":{"kode":"0687","navn":"Tranås"},"geometry":{"type":"Polygon","coordinates":[[[14.748141,58.104872],[14.755588,58.073777],[14.894718,58.089863],[14.933687,58.131115],[14.981983,58.117655],[15.025647,58.032157],[15.049617,58.000114],[15.014315,57.97676],[14.983107,57.934495],[14.934062,57.948614],[14.854396,57.956527],[14.773797,57.94276],[14.74946,57.956693],[14.641522,57.958729],[14.657143,57.986824],[14.62367,58.000587],[14.604127,58.092495],[14.748141,58.104872]]]}},{"type":"Feature","properties":{"kode":"0760","navn":"Uppvidinge"},"geometry":{"type":"Polygon","coordinates":[[[15.139359,56.932307],[15.174824,56.944732],[15.223751,56.974425],[15.228206,57.028407],[15.149136,57.045634],[15.119336,57.094334],[15.132401,57.126123],[15.067762,57.18885],[15.085347,57.204721],[15.154598,57.202587],[15.111914,57.237558],[15.171762,57.23775],[15.21769,57.218838],[15.376741,57.233063],[15.529975,57.199957],[15.555691,57.184396],[15.535681,57.153042],[15.627142,57.131207],[15.664004,57.087335],[15.736525,57.070785],[15.798756,57.022871],[15.841441,56.976747],[15.809274,56.92086],[15.692725,56.915491],[15.652161,56.910768],[15.554,56.929447],[15.511902,56.917536],[15.510019,56.898351],[15.43894,56.883954],[15.412672,56.899993],[15.340281,56.884414],[15.328622,56.859791],[15.269807,56.877727],[15.27797,56.837468],[15.184966,56.83808],[15.139359,56.932307]]]}},{"type":"Feature","properties":{"kode":"0761","navn":"Lessebo"},"geometry":{"type":"Polygon","coordinates":[[[15.13052,56.70926],[15.071298,56.773538],[15.084194,56.821596],[15.184966,56.83808],[15.27797,56.837468],[15.269807,56.877727],[15.328622,56.859791],[15.340281,56.884414],[15.412672,56.899993],[15.43894,56.883954],[15.510019,56.898351],[15.551651,56.836121],[15.540746,56.80544],[15.437191,56.797237],[15.357762,56.778485],[15.419988,56.715078],[15.407834,56.67241],[15.418786,56.646437],[15.362162,56.604613],[15.308134,56.633155],[15.330157,56.660784],[15.293566,56.673813],[15.237959,56.706017],[15.13052,56.70926]]]}},{"type":"Feature","properties":{"kode":"0763","navn":"Tingsryd"},"geometry":{"type":"Polygon","coordinates":[[[15.019013,56.460213],[14.965878,56.437941],[14.920591,56.383281],[14.879974,56.363297],[14.80246,56.382092],[14.710016,56.390819],[14.668634,56.400909],[14.596902,56.451773],[14.624152,56.487638],[14.588488,56.505813],[14.587065,56.54502],[14.662649,56.554191],[14.647757,56.596543],[14.629049,56.653559],[14.677343,56.678633],[14.759953,56.637397],[14.836365,56.644016],[14.855736,56.693533],[14.947331,56.710087],[15.028076,56.654894],[15.046132,56.614107],[15.090974,56.625986],[15.07828,56.693599],[15.13052,56.70926],[15.237959,56.706017],[15.293566,56.673813],[15.330157,56.660784],[15.308134,56.633155],[15.362162,56.604613],[15.371207,56.558863],[15.342112,56.544334],[15.335739,56.486843],[15.295947,56.462105],[15.251342,56.482829],[15.202336,56.465832],[15.193729,56.439225],[15.135142,56.439029],[15.126574,56.461228],[15.019013,56.460213]]]}},{"type":"Feature","properties":{"kode":"0764","navn":"Alvesta"},"geometry":{"type":"Polygon","coordinates":[[[14.645823,56.986816],[14.693942,56.962557],[14.626596,56.884893],[14.573006,56.844401],[14.592319,56.807248],[14.642052,56.810004],[14.673255,56.766771],[14.677343,56.678633],[14.629049,56.653559],[14.647757,56.596543],[14.662649,56.554191],[14.587065,56.54502],[14.545564,56.573139],[14.432901,56.580899],[14.438794,56.649213],[14.40806,56.659838],[14.394146,56.727373],[14.292458,56.75667],[14.285714,56.779895],[14.303818,56.807858],[14.292012,56.882466],[14.339745,56.898098],[14.392173,56.969429],[14.330412,57.010512],[14.320214,57.045328],[14.339807,57.062389],[14.339995,57.154446],[14.387516,57.155029],[14.487334,57.157709],[14.498275,57.115615],[14.621604,57.085644],[14.645823,56.986816]]]}},{"type":"Feature","properties":{"kode":"0765","navn":"Älmhult"},"geometry":{"type":"Polygon","coordinates":[[[13.758318,56.500715],[13.808171,56.507384],[13.791389,56.609812],[13.847958,56.610141],[13.928655,56.644163],[13.965658,56.631549],[14.062242,56.718872],[14.141656,56.668008],[14.269957,56.728336],[14.292458,56.75667],[14.394146,56.727373],[14.40806,56.659838],[14.438794,56.649213],[14.432901,56.580899],[14.545564,56.573139],[14.587065,56.54502],[14.588488,56.505813],[14.624152,56.487638],[14.596902,56.451773],[14.524388,56.458068],[14.414744,56.480723],[14.252973,56.503529],[14.237872,56.491662],[14.133377,56.507776],[14.101925,56.532812],[14.062584,56.531152],[14.054763,56.504473],[14.016114,56.468477],[13.928234,56.467347],[13.869883,56.448512],[13.788788,56.448763],[13.705079,56.427889],[13.713514,56.464942],[13.753647,56.472072],[13.758318,56.500715]]]}},{"type":"Feature","properties":{"kode":"0767","navn":"Markaryd"},"geometry":{"type":"Polygon","coordinates":[[[13.402081,56.613723],[13.469966,56.631161],[13.494168,56.660737],[13.544734,56.67109],[13.591906,56.659938],[13.698206,56.651455],[13.754996,56.679469],[13.766492,56.650079],[13.742376,56.622338],[13.791389,56.609812],[13.808171,56.507384],[13.758318,56.500715],[13.753647,56.472072],[13.713514,56.464942],[13.705079,56.427889],[13.577011,56.409319],[13.497185,56.409932],[13.457224,56.430957],[13.471398,56.452561],[13.448396,56.471629],[13.474442,56.513742],[13.44403,56.569197],[13.417154,56.584808],[13.402081,56.613723]]]}},{"type":"Feature","properties":{"kode":"0780","navn":"Växjö"},"geometry":{"type":"Polygon","coordinates":[[[14.645823,56.986816],[14.621604,57.085644],[14.498275,57.115615],[14.487334,57.157709],[14.543998,57.165603],[14.553327,57.197622],[14.592366,57.193758],[14.608203,57.207363],[14.672287,57.212997],[14.728942,57.231637],[14.787664,57.232074],[14.851633,57.214141],[14.893372,57.190152],[14.910092,57.140452],[14.966829,57.142713],[14.984923,57.167007],[15.026038,57.173736],[15.067762,57.18885],[15.132401,57.126123],[15.119336,57.094334],[15.149136,57.045634],[15.228206,57.028407],[15.223751,56.974425],[15.174824,56.944732],[15.139359,56.932307],[15.184966,56.83808],[15.084194,56.821596],[15.071298,56.773538],[15.13052,56.70926],[15.07828,56.693599],[15.090974,56.625986],[15.046132,56.614107],[15.028076,56.654894],[14.947331,56.710087],[14.855736,56.693533],[14.836365,56.644016],[14.759953,56.637397],[14.677343,56.678633],[14.673255,56.766771],[14.642052,56.810004],[14.592319,56.807248],[14.573006,56.844401],[14.626596,56.884893],[14.693942,56.962557],[14.645823,56.986816]]]}},{"type":"Feature","properties":{"kode":"0781","navn":"Ljungby"},"geometry":{"type":"Polygon","coordinates":[[[13.402081,56.613723],[13.373722,56.662455],[13.32624,56.693364],[13.322056,56.772866],[13.296284,56.847291],[13.34038,56.87124],[13.371583,56.860875],[13.469404,56.878233],[13.487252,56.866618],[13.533589,56.889802],[13.612648,56.891657],[13.622057,56.909267],[13.660316,56.902106],[13.693064,56.96194],[13.684982,56.986361],[13.704743,57.053397],[13.746756,57.068296],[13.818695,57.064358],[13.862027,57.00821],[13.920921,57.025253],[13.931729,57.050007],[14.019878,57.063817],[14.074264,57.053966],[14.113345,57.0322],[14.134846,57.041964],[14.194968,56.990258],[14.203996,56.948278],[14.247253,56.895567],[14.292012,56.882466],[14.303818,56.807858],[14.285714,56.779895],[14.292458,56.75667],[14.269957,56.728336],[14.141656,56.668008],[14.062242,56.718872],[13.965658,56.631549],[13.928655,56.644163],[13.847958,56.610141],[13.791389,56.609812],[13.742376,56.622338],[13.766492,56.650079],[13.754996,56.679469],[13.698206,56.651455],[13.591906,56.659938],[13.544734,56.67109],[13.494168,56.660737],[13.469966,56.631161],[13.402081,56.613723]]]}},{"type":"Feature","properties":{"kode":"0821","navn":"Högsby"},"geometry":{"type":"Polygon","coordinates":[[[15.89703,57.255566],[15.972073,57.248998],[16.045833,57.265986],[16.068413,57.248243],[16.191022,57.260186],[16.158294,57.233954],[16.134628,57.11721],[16.274351,57.048235],[16.249265,56.997391],[16.193438,56.984788],[16.090058,56.995193],[16.060769,56.982603],[15.972224,57.058926],[15.931735,57.08504],[15.869697,57.088974],[15.736525,57.070785],[15.664004,57.087335],[15.627142,57.131207],[15.535681,57.153042],[15.555691,57.184396],[15.529975,57.199957],[15.550244,57.220896],[15.603493,57.22129],[15.632663,57.248452],[15.771102,57.212786],[15.788048,57.244308],[15.89703,57.255566]]]}},{"type":"Feature","properties":{"kode":"0834","navn":"Torsås"},"geometry":{"type":"Polygon","coordinates":[[[16.052058,56.324143],[15.987583,56.30666],[15.945947,56.323866],[15.851165,56.320954],[15.79422,56.342703],[15.730775,56.410071],[15.677368,56.418863],[15.655683,56.444343],[15.708883,56.474788],[15.700102,56.509715],[15.75909,56.536155],[15.810141,56.520853],[15.924322,56.520772],[15.99466,56.528877],[15.999937,56.508618],[16.119649,56.470558],[16.083922,56.40352],[16.052058,56.324143]]]}},{"type":"Feature","properties":{"kode":"0840","navn":"Mörbylånga"},"geometry":{"type":"Polygon","coordinates":[[[16.506698,56.291474],[16.473755,56.23397],[16.408049,56.202288],[16.416864,56.254228],[16.398258,56.271813],[16.405984,56.430712],[16.384374,56.435817],[16.378751,56.537649],[16.388334,56.578664],[16.439122,56.627729],[16.458184,56.680769],[16.520947,56.76522],[16.586915,56.766092],[16.619047,56.749345],[16.600566,56.6999],[16.635432,56.681155],[16.667918,56.693365],[16.702537,56.678231],[16.683758,56.623366],[16.691465,56.601084],[16.638664,56.572179],[16.630756,56.525612],[16.599759,56.464366],[16.557324,56.409343],[16.572121,56.37569],[16.506698,56.291474]]]}},{"type":"Feature","properties":{"kode":"0860","navn":"Hultsfred"},"geometry":{"type":"Polygon","coordinates":[[[16.183934,57.515967],[16.205707,57.484967],[16.112818,57.411937],[16.061347,57.435163],[15.977715,57.43507],[15.982314,57.411251],[16.025567,57.39582],[16.052335,57.366956],[16.061003,57.303033],[16.045833,57.265986],[15.972073,57.248998],[15.89703,57.255566],[15.788048,57.244308],[15.771102,57.212786],[15.632663,57.248452],[15.603493,57.22129],[15.550244,57.220896],[15.529975,57.199957],[15.49907,57.245689],[15.465258,57.258559],[15.459839,57.311326],[15.506808,57.328418],[15.489657,57.372851],[15.50376,57.391904],[15.498793,57.446459],[15.546695,57.467103],[15.602241,57.445674],[15.605372,57.490709],[15.635694,57.506962],[15.621738,57.534948],[15.5782,57.555654],[15.653235,57.6072],[15.753886,57.586587],[15.786442,57.552009],[15.831551,57.543793],[15.854514,57.571317],[15.983495,57.592179],[16.048492,57.539176],[16.113347,57.529581],[16.134791,57.506469],[16.183934,57.515967]]]}},{"type":"Feature","properties":{"kode":"0861","navn":"Mönsterås"},"geometry":{"type":"Polygon","coordinates":[[[16.40475,57.178976],[16.442296,57.127526],[16.497774,57.13281],[16.580994,57.110809],[16.49075,57.03908],[16.454747,56.985372],[16.460806,56.941473],[16.435898,56.887612],[16.367355,56.895292],[16.233939,56.936228],[16.193438,56.984788],[16.249265,56.997391],[16.274351,57.048235],[16.134628,57.11721],[16.158294,57.233954],[16.203608,57.228575],[16.332007,57.250878],[16.370375,57.230194],[16.350514,57.202543],[16.40475,57.178976]]]}},{"type":"Feature","properties":{"kode":"0862","navn":"Emmaboda"},"geometry":{"type":"Polygon","coordinates":[[[15.690692,56.799808],[15.716754,56.783719],[15.673706,56.721268],[15.630285,56.702247],[15.627786,56.675257],[15.669416,56.670866],[15.675954,56.625226],[15.766982,56.602622],[15.760614,56.578292],[15.740647,56.561463],[15.75909,56.536155],[15.700102,56.509715],[15.708883,56.474788],[15.655683,56.444343],[15.639485,56.470088],[15.590505,56.469518],[15.564382,56.500075],[15.49263,56.515342],[15.481349,56.482264],[15.398049,56.499386],[15.335739,56.486843],[15.342112,56.544334],[15.371207,56.558863],[15.362162,56.604613],[15.418786,56.646437],[15.407834,56.67241],[15.419988,56.715078],[15.357762,56.778485],[15.437191,56.797237],[15.540746,56.80544],[15.551651,56.836121],[15.640924,56.828227],[15.657473,56.798254],[15.690692,56.799808]]]}},{"type":"Feature","properties":{"kode":"0880","navn":"Kalmar"},"geometry":{"type":"Polygon","coordinates":[[[15.924322,56.520772],[15.810141,56.520853],[15.75909,56.536155],[15.740647,56.561463],[15.760614,56.578292],[15.766982,56.602622],[15.882043,56.610375],[15.934666,56.655864],[15.894979,56.683755],[15.950259,56.696492],[16.059303,56.671301],[16.069803,56.717689],[16.028943,56.740273],[16.123577,56.752175],[16.108235,56.800266],[16.109086,56.847284],[16.147198,56.841161],[16.175687,56.87912],[16.172099,56.906519],[16.233939,56.936228],[16.367355,56.895292],[16.435898,56.887612],[16.406702,56.796614],[16.442452,56.80866],[16.469346,56.783267],[16.438374,56.763653],[16.396879,56.782795],[16.353625,56.682465],[16.2793,56.672998],[16.235516,56.625227],[16.22209,56.59534],[16.224338,56.548095],[16.186504,56.539765],[16.163078,56.49424],[16.119649,56.470558],[15.999937,56.508618],[15.99466,56.528877],[15.924322,56.520772]]]}},{"type":"Feature","properties":{"kode":"0881","navn":"Nybro"},"geometry":{"type":"Polygon","coordinates":[[[15.690692,56.799808],[15.657473,56.798254],[15.640924,56.828227],[15.551651,56.836121],[15.510019,56.898351],[15.511902,56.917536],[15.554,56.929447],[15.652161,56.910768],[15.692725,56.915491],[15.809274,56.92086],[15.841441,56.976747],[15.798756,57.022871],[15.736525,57.070785],[15.869697,57.088974],[15.931735,57.08504],[15.972224,57.058926],[16.060769,56.982603],[16.090058,56.995193],[16.193438,56.984788],[16.233939,56.936228],[16.172099,56.906519],[16.175687,56.87912],[16.147198,56.841161],[16.109086,56.847284],[16.108235,56.800266],[16.123577,56.752175],[16.028943,56.740273],[16.069803,56.717689],[16.059303,56.671301],[15.950259,56.696492],[15.894979,56.683755],[15.934666,56.655864],[15.882043,56.610375],[15.766982,56.602622],[15.675954,56.625226],[15.669416,56.670866],[15.627786,56.675257],[15.630285,56.702247],[15.673706,56.721268],[15.716754,56.783719],[15.690692,56.799808]]]}},{"type":"Feature","properties":{"kode":"0882","navn":"Oskarshamn"},"geometry":{"type":"Polygon","coordinates":[[[16.40475,57.178976],[16.350514,57.202543],[16.370375,57.230194],[16.332007,57.250878],[16.203608,57.228575],[16.158294,57.233954],[16.191022,57.260186],[16.068413,57.248243],[16.045833,57.265986],[16.061003,57.303033],[16.052335,57.366956],[16.025567,57.39582],[15.982314,57.411251],[15.977715,57.43507],[16.061347,57.435163],[16.112818,57.411937],[16.205707,57.484967],[16.291798,57.532445],[16.339216,57.520258],[16.457791,57.525028],[16.462981,57.546417],[16.503556,57.588978],[16.578877,57.580855],[16.668369,57.521578],[16.689667,57.485675],[16.6549,57.42645],[16.618275,57.372795],[16.547935,57.372177],[16.557916,57.317136],[16.480376,57.28619],[16.49869,57.237833],[16.462638,57.198614],[16.497774,57.13281],[16.442296,57.127526],[16.40475,57.178976]]]}},{"type":"Feature","properties":{"kode":"0883","navn":"Västervik"},"geometry":{"type":"Polygon","coordinates":[[[16.744006,57.864321],[16.686068,57.890047],[16.600272,57.899509],[16.533259,57.847858],[16.618105,57.780523],[16.692502,57.753699],[16.693756,57.704673],[16.635381,57.686929],[16.605356,57.647299],[16.639348,57.621426],[16.706673,57.63492],[16.705269,57.602397],[16.67063,57.58485],[16.578877,57.580855],[16.503556,57.588978],[16.462981,57.546417],[16.457791,57.525028],[16.339216,57.520258],[16.291798,57.532445],[16.211108,57.602927],[16.228127,57.618109],[16.198787,57.636323],[16.151953,57.623053],[16.10807,57.651224],[16.120147,57.688466],[16.157518,57.704172],[16.12977,57.75845],[16.114479,57.837277],[16.066764,57.864759],[16.019725,57.953707],[16.064853,57.972586],[15.984406,58.035572],[15.998818,58.087751],[16.09208,58.08853],[16.116801,58.063422],[16.175504,58.06693],[16.151266,58.108307],[16.179033,58.124642],[16.251843,58.157988],[16.29372,58.133558],[16.371983,58.1514],[16.469169,58.084025],[16.501002,58.116323],[16.561645,58.099602],[16.612465,57.989284],[16.688897,57.982286],[16.748819,58.004152],[16.765554,57.922659],[16.744006,57.864321]]]}},{"type":"Feature","properties":{"kode":"0884","navn":"Vimmerby"},"geometry":{"type":"Polygon","coordinates":[[[16.183934,57.515967],[16.134791,57.506469],[16.113347,57.529581],[16.048492,57.539176],[15.983495,57.592179],[15.854514,57.571317],[15.831551,57.543793],[15.786442,57.552009],[15.753886,57.586587],[15.653235,57.6072],[15.51269,57.666282],[15.440394,57.674165],[15.415855,57.700911],[15.429141,57.747157],[15.457058,57.767225],[15.516614,57.761898],[15.536465,57.796286],[15.590997,57.824387],[15.580596,57.853954],[15.670931,57.864822],[15.778232,57.845643],[15.794729,57.81387],[15.866648,57.832964],[15.919627,57.813382],[16.018628,57.861472],[16.066764,57.864759],[16.114479,57.837277],[16.12977,57.75845],[16.157518,57.704172],[16.120147,57.688466],[16.10807,57.651224],[16.151953,57.623053],[16.198787,57.636323],[16.228127,57.618109],[16.211108,57.602927],[16.291798,57.532445],[16.205707,57.484967],[16.183934,57.515967]]]}},{"type":"Feature","properties":{"kode":"0885","navn":"Borgholm"},"geometry":{"type":"Polygon","coordinates":[[[16.890057,57.125362],[16.916108,57.176089],[16.904583,57.209542],[16.944632,57.223007],[16.956033,57.254819],[16.965425,57.304923],[17.019909,57.348153],[17.061513,57.366909],[17.084105,57.35076],[17.113123,57.359533],[17.129674,57.320233],[17.079178,57.305774],[17.053623,57.271357],[17.067798,57.248567],[17.065782,57.188858],[17.038807,57.174497],[16.987477,57.116563],[16.950354,57.048511],[16.910839,57.049548],[16.935753,57.016925],[16.87937,56.990155],[16.875482,56.921532],[16.853487,56.899536],[16.855689,56.868561],[16.826964,56.832544],[16.779,56.825077],[16.702537,56.678231],[16.667918,56.693365],[16.635432,56.681155],[16.600566,56.6999],[16.619047,56.749345],[16.586915,56.766092],[16.520947,56.76522],[16.574308,56.823133],[16.60836,56.882388],[16.649236,56.901283],[16.708537,56.900754],[16.740079,56.961975],[16.771875,57.01048],[16.813418,57.031105],[16.843604,57.072474],[16.890057,57.125362]]]}},{"type":"Feature","properties":{"kode":"0980","navn":"Gotland"},"geometry":{"type":"Polygon","coordinates":[[[18.480382,57.836077],[18.537713,57.84586],[18.584062,57.852903],[18.607002,57.894638],[18.653908,57.914347],[18.706411,57.929932],[18.770207,57.849914],[18.818223,57.916792],[18.859187,57.938769],[18.999719,57.919358],[19.054636,57.941874],[19.07429,57.982045],[19.149866,58.004555],[19.233428,57.988071],[19.288897,57.990428],[19.305796,57.968883],[19.276211,57.951471],[19.20145,57.952655],[19.139892,57.941688],[19.114864,57.927508],[19.134017,57.902145],[19.09391,57.861967],[19.029708,57.842096],[18.995426,57.830518],[18.997464,57.793935],[18.93295,57.794078],[18.923423,57.731188],[18.848563,57.730376],[18.797357,57.751154],[18.784223,57.697686],[18.748639,57.626125],[18.782142,57.614165],[18.766906,57.553601],[18.734119,57.523658],[18.776351,57.474543],[18.8392,57.449095],[18.900374,57.440142],[18.867041,57.397533],[18.78906,57.384274],[18.725852,57.375163],[18.654747,57.317569],[18.655439,57.286577],[18.694116,57.270529],[18.656802,57.235525],[18.543476,57.214247],[18.527367,57.193782],[18.383796,57.136757],[18.424004,57.126115],[18.318465,57.084012],[18.319946,57.020255],[18.372497,57.006783],[18.300445,56.952803],[18.189576,56.912896],[18.124353,56.916431],[18.180706,56.986331],[18.192386,57.027179],[18.258461,57.048989],[18.283407,57.077838],[18.273844,57.102254],[18.209382,57.074859],[18.188153,57.082046],[18.204968,57.140653],[18.160206,57.158856],[18.131182,57.173939],[18.136733,57.251644],[18.082733,57.261472],[18.097159,57.300274],[18.149878,57.33235],[18.16502,57.396553],[18.129031,57.423099],[18.11051,57.475473],[18.09093,57.524288],[18.10877,57.562838],[18.191142,57.614342],[18.245287,57.626307],[18.314267,57.67703],[18.390324,57.750775],[18.425981,57.8133],[18.480382,57.836077]]]}},{"type":"Feature","properties":{"kode":"1060","navn":"Olofström"},"geometry":{"type":"Polygon","coordinates":[[[14.636482,56.205161],[14.571977,56.199629],[14.549578,56.224327],[14.493582,56.218302],[14.440819,56.230134],[14.432557,56.273919],[14.410925,56.306658],[14.389626,56.341185],[14.411786,56.392391],[14.468692,56.402036],[14.524388,56.458068],[14.596902,56.451773],[14.668634,56.400909],[14.736901,56.309844],[14.753072,56.258357],[14.710463,56.255292],[14.690107,56.232926],[14.636482,56.205161]]]}},{"type":"Feature","properties":{"kode":"1080","navn":"Karlskrona"},"geometry":{"type":"Polygon","coordinates":[[[15.385934,56.283078],[15.355655,56.34097],[15.292716,56.366446],[15.321657,56.380995],[15.313559,56.404996],[15.387404,56.400553],[15.433445,56.450212],[15.493001,56.439349],[15.481349,56.482264],[15.49263,56.515342],[15.564382,56.500075],[15.590505,56.469518],[15.639485,56.470088],[15.655683,56.444343],[15.677368,56.418863],[15.730775,56.410071],[15.79422,56.342703],[15.851165,56.320954],[15.945947,56.323866],[15.987583,56.30666],[16.052058,56.324143],[16.010895,56.23633],[15.955235,56.174808],[15.912668,56.157679],[15.8514,56.083828],[15.787551,56.116903],[15.71103,56.091027],[15.664426,56.099406],[15.726523,56.133465],[15.742588,56.163211],[15.692956,56.188079],[15.593833,56.178023],[15.560983,56.190922],[15.495682,56.177482],[15.47866,56.230399],[15.466384,56.249235],[15.480806,56.271861],[15.453864,56.282555],[15.385934,56.283078]]]}},{"type":"Feature","properties":{"kode":"1081","navn":"Ronneby"},"geometry":{"type":"Polygon","coordinates":[[[15.019013,56.460213],[15.126574,56.461228],[15.135142,56.439029],[15.193729,56.439225],[15.202336,56.465832],[15.251342,56.482829],[15.295947,56.462105],[15.335739,56.486843],[15.398049,56.499386],[15.481349,56.482264],[15.493001,56.439349],[15.433445,56.450212],[15.387404,56.400553],[15.313559,56.404996],[15.321657,56.380995],[15.292716,56.366446],[15.355655,56.34097],[15.385934,56.283078],[15.453864,56.282555],[15.480806,56.271861],[15.466384,56.249235],[15.47866,56.230399],[15.495682,56.177482],[15.456738,56.15576],[15.410858,56.183902],[15.38621,56.158269],[15.317326,56.137116],[15.293767,56.180129],[15.253294,56.17171],[15.164274,56.162521],[15.096907,56.164667],[15.060561,56.187876],[15.044889,56.261696],[15.012135,56.276246],[15.034406,56.323762],[15.015774,56.360979],[14.956296,56.355349],[14.920591,56.383281],[14.965878,56.437941],[15.019013,56.460213]]]}},{"type":"Feature","properties":{"kode":"1082","navn":"Karlshamn"},"geometry":{"type":"Polygon","coordinates":[[[14.636482,56.205161],[14.690107,56.232926],[14.710463,56.255292],[14.753072,56.258357],[14.736901,56.309844],[14.668634,56.400909],[14.710016,56.390819],[14.80246,56.382092],[14.879974,56.363297],[14.920591,56.383281],[14.956296,56.355349],[15.015774,56.360979],[15.034406,56.323762],[15.012135,56.276246],[15.044889,56.261696],[15.060561,56.187876],[15.022451,56.163578],[14.951191,56.162251],[14.850515,56.158943],[14.775064,56.152336],[14.733243,56.15286],[14.679625,56.159432],[14.636482,56.205161]]]}},{"type":"Feature","properties":{"kode":"1083","navn":"Sölvesborg"},"geometry":{"type":"Polygon","coordinates":[[[14.636482,56.205161],[14.679625,56.159432],[14.68474,56.117606],[14.721358,56.072207],[14.782178,56.036298],[14.727083,55.999622],[14.663158,56.001362],[14.608205,56.017025],[14.545965,56.045694],[14.554382,56.074145],[14.594909,56.084592],[14.571977,56.199629],[14.636482,56.205161]]]}},{"type":"Feature","properties":{"kode":"1214","navn":"Svalöv"},"geometry":{"type":"Polygon","coordinates":[[[13.192502,55.901485],[13.160858,55.904672],[13.129833,55.889778],[13.129707,55.866315],[13.147554,55.856522],[13.136224,55.838899],[13.047783,55.848303],[13.034803,55.875794],[13.017609,55.867498],[12.983788,55.87794],[12.993371,55.901],[12.947983,55.926803],[12.952228,55.948494],[12.982373,55.958058],[12.984613,55.98139],[13.030123,56.001132],[13.020307,56.044785],[13.063808,56.079617],[13.100354,56.09551],[13.162659,56.074831],[13.191972,56.033911],[13.228899,56.023305],[13.261825,56.029075],[13.329016,56.027929],[13.34081,56.014078],[13.283861,55.955235],[13.294827,55.920455],[13.242985,55.917328],[13.192502,55.901485]]]}},{"type":"Feature","properties":{"kode":"1230","navn":"Staffanstorp"},"geometry":{"type":"Polygon","coordinates":[[[13.276033,55.688001],[13.315598,55.648119],[13.348454,55.636239],[13.353217,55.617745],[13.332637,55.612273],[13.315736,55.622191],[13.303931,55.60637],[13.278277,55.620255],[13.2586,55.623253],[13.234301,55.615081],[13.195885,55.61789],[13.185686,55.605614],[13.14637,55.603975],[13.129411,55.615269],[13.135923,55.621521],[13.107785,55.62546],[13.098334,55.633303],[13.10768,55.635521],[13.121728,55.635668],[13.14502,55.651263],[13.11928,55.662113],[13.121237,55.685958],[13.109909,55.694317],[13.115749,55.703548],[13.145443,55.706334],[13.173801,55.681734],[13.204676,55.692627],[13.213238,55.678414],[13.276033,55.688001]]]}},{"type":"Feature","properties":{"kode":"1231","navn":"Burlöv"},"geometry":{"type":"Polygon","coordinates":[[[13.129411,55.615269],[13.120093,55.6113],[13.091084,55.610463],[13.073132,55.624566],[13.054567,55.636119],[13.05319,55.646682],[13.098139,55.651305],[13.096197,55.658702],[13.104593,55.663021],[13.11928,55.662113],[13.14502,55.651263],[13.121728,55.635668],[13.10768,55.635521],[13.098334,55.633303],[13.107785,55.62546],[13.135923,55.621521],[13.129411,55.615269]]]}},{"type":"Feature","properties":{"kode":"1233","navn":"Vellinge"},"geometry":{"type":"Polygon","coordinates":[[[12.94519,55.423485],[12.957916,55.446391],[12.960418,55.470245],[12.950879,55.487069],[12.93711,55.504916],[13.045376,55.514129],[13.054584,55.525353],[13.106259,55.527143],[13.140845,55.4908],[13.169802,55.488975],[13.164547,55.483093],[13.159675,55.472456],[13.131823,55.456287],[13.099109,55.465478],[13.077651,55.464723],[13.067379,55.4662],[13.049662,55.464418],[13.057463,55.434851],[13.068757,55.424905],[13.040861,55.418257],[13.010961,55.391598],[12.974292,55.404762],[12.944556,55.401247],[12.929731,55.395786],[12.925175,55.388319],[12.908424,55.38812],[12.894347,55.39643],[12.874764,55.398828],[12.816333,55.385936],[12.863775,55.447396],[12.870415,55.4406],[12.88006,55.419013],[12.910857,55.413555],[12.933232,55.411702],[12.94519,55.423485]]]}},{"type":"Feature","properties":{"kode":"1256","navn":"Östra Göinge"},"geometry":{"type":"Polygon","coordinates":[[[14.125315,56.367384],[14.166346,56.435722],[14.211936,56.455072],[14.244829,56.438964],[14.212065,56.362998],[14.233347,56.336639],[14.247383,56.361194],[14.28077,56.366702],[14.30906,56.343578],[14.279905,56.325222],[14.28416,56.294304],[14.410925,56.306658],[14.313998,56.280126],[14.28206,56.245667],[14.258566,56.18549],[14.203063,56.163072],[14.150408,56.156717],[14.127238,56.134433],[14.005947,56.153734],[13.994245,56.186197],[13.976973,56.217732],[13.991817,56.267535],[13.988227,56.323058],[14.082349,56.362311],[14.125315,56.367384]]]}},{"type":"Feature","properties":{"kode":"1257","navn":"Örkelljunga"},"geometry":{"type":"Polygon","coordinates":[[[13.196794,56.197758],[13.118796,56.229913],[13.119739,56.265935],[13.20213,56.328523],[13.245843,56.354295],[13.302669,56.38789],[13.378099,56.415238],[13.419948,56.413392],[13.457224,56.430957],[13.497185,56.409932],[13.577011,56.409319],[13.571871,56.390317],[13.503056,56.364576],[13.501371,56.31235],[13.48785,56.287715],[13.457151,56.298123],[13.419124,56.267964],[13.34398,56.276094],[13.267395,56.21754],[13.223189,56.223667],[13.196794,56.197758]]]}},{"type":"Feature","properties":{"kode":"1260","navn":"Bjuv"},"geometry":{"type":"Polygon","coordinates":[[[12.984613,55.98139],[12.946957,55.979344],[12.898078,56.019192],[12.934621,56.028504],[12.916077,56.056303],[12.882785,56.109306],[12.951923,56.128725],[12.976483,56.120504],[13.011381,56.117265],[13.063808,56.079617],[13.020307,56.044785],[13.030123,56.001132],[12.984613,55.98139]]]}},{"type":"Feature","properties":{"kode":"1261","navn":"Kävlinge"},"geometry":{"type":"Polygon","coordinates":[[[13.019138,55.750505],[12.997904,55.724771],[12.973063,55.723931],[12.956112,55.726917],[12.967247,55.738686],[12.954848,55.752308],[12.926771,55.74458],[12.909668,55.758663],[12.924531,55.769958],[12.936692,55.775392],[12.926473,55.826326],[13.022525,55.828756],[13.047783,55.848303],[13.136224,55.838899],[13.211588,55.841799],[13.23055,55.822386],[13.213664,55.79194],[13.143761,55.787317],[13.135658,55.748226],[13.116856,55.749451],[13.085942,55.742237],[13.055741,55.75356],[13.019138,55.750505]]]}},{"type":"Feature","properties":{"kode":"1262","navn":"Lomma"},"geometry":{"type":"Polygon","coordinates":[[[13.019138,55.750505],[13.055741,55.75356],[13.085942,55.742237],[13.116856,55.749451],[13.135658,55.748226],[13.129327,55.72416],[13.112525,55.713397],[13.115749,55.703548],[13.109909,55.694317],[13.121237,55.685958],[13.11928,55.662113],[13.104593,55.663021],[13.096197,55.658702],[13.098139,55.651305],[13.05319,55.646682],[13.051715,55.653865],[13.065565,55.674662],[13.064532,55.682591],[13.051198,55.702564],[13.03425,55.708202],[12.997904,55.724771],[13.019138,55.750505]]]}},{"type":"Feature","properties":{"kode":"1263","navn":"Svedala"},"geometry":{"type":"Polygon","coordinates":[[[13.308946,55.477061],[13.287419,55.486917],[13.253889,55.474433],[13.238014,55.47747],[13.239803,55.489125],[13.217415,55.487854],[13.210008,55.478253],[13.164547,55.483093],[13.169802,55.488975],[13.140845,55.4908],[13.106259,55.527143],[13.13506,55.54509],[13.118708,55.561517],[13.147612,55.57134],[13.14637,55.603975],[13.185686,55.605614],[13.195885,55.61789],[13.234301,55.615081],[13.2586,55.623253],[13.278277,55.620255],[13.303931,55.60637],[13.343455,55.558006],[13.370248,55.562828],[13.392777,55.533894],[13.45035,55.527756],[13.433921,55.519397],[13.416189,55.505494],[13.383589,55.479812],[13.308946,55.477061]]]}},{"type":"Feature","properties":{"kode":"1264","navn":"Skurup"},"geometry":{"type":"Polygon","coordinates":[[[13.450949,55.486501],[13.45035,55.527756],[13.474287,55.526903],[13.489237,55.548193],[13.494859,55.575226],[13.51863,55.582339],[13.558584,55.545461],[13.648822,55.528227],[13.652203,55.477418],[13.619454,55.450108],[13.649001,55.421137],[13.593909,55.381231],[13.484907,55.382127],[13.476124,55.414171],[13.444455,55.425045],[13.464945,55.446374],[13.471471,55.473947],[13.450949,55.486501]]]}},{"type":"Feature","properties":{"kode":"1265","navn":"Sjöbo"},"geometry":{"type":"Polygon","coordinates":[[[13.603601,55.652699],[13.613943,55.668633],[13.56111,55.698197],[13.610293,55.743613],[13.660179,55.729609],[13.691189,55.744369],[13.751543,55.743292],[13.741789,55.761806],[13.779746,55.779821],[13.87293,55.764471],[13.913241,55.751049],[13.894941,55.72368],[13.968468,55.667687],[13.976352,55.63842],[13.90565,55.595022],[13.871289,55.598518],[13.858705,55.573271],[13.813979,55.57787],[13.778176,55.552549],[13.731257,55.536778],[13.648822,55.528227],[13.558584,55.545461],[13.51863,55.582339],[13.540785,55.632704],[13.596983,55.636767],[13.603601,55.652699]]]}},{"type":"Feature","properties":{"kode":"1266","navn":"Hörby"},"geometry":{"type":"Polygon","coordinates":[[[13.660179,55.729609],[13.610293,55.743613],[13.586159,55.765558],[13.626323,55.797946],[13.625417,55.812421],[13.573879,55.809429],[13.555466,55.827708],[13.544485,55.866704],[13.568281,55.896266],[13.60424,55.921648],[13.601838,55.94702],[13.625373,55.960951],[13.699761,55.958653],[13.742933,55.948182],[13.817627,55.895277],[13.880332,55.926513],[13.910638,55.916006],[13.922278,55.870317],[13.884388,55.834282],[13.912238,55.809453],[13.951436,55.814741],[13.957156,55.781957],[13.913241,55.751049],[13.87293,55.764471],[13.779746,55.779821],[13.741789,55.761806],[13.751543,55.743292],[13.691189,55.744369],[13.660179,55.729609]]]}},{"type":"Feature","properties":{"kode":"1267","navn":"Höör"},"geometry":{"type":"Polygon","coordinates":[[[13.422616,55.82177],[13.432222,55.842989],[13.426349,55.888336],[13.465832,55.895563],[13.438461,55.925657],[13.387411,55.94779],[13.394408,55.972733],[13.369331,56.011716],[13.445256,56.011919],[13.453682,56.045807],[13.49387,56.056602],[13.509756,56.084013],[13.563526,56.091291],[13.577606,56.058172],[13.662266,56.04521],[13.653166,55.987915],[13.625373,55.960951],[13.601838,55.94702],[13.60424,55.921648],[13.568281,55.896266],[13.544485,55.866704],[13.555466,55.827708],[13.524019,55.817147],[13.51959,55.788494],[13.464929,55.785587],[13.422616,55.82177]]]}},{"type":"Feature","properties":{"kode":"1270","navn":"Tomelilla"},"geometry":{"type":"Polygon","coordinates":[[[14.046178,55.759505],[14.061168,55.777703],[14.093088,55.773823],[14.104215,55.759164],[14.106203,55.737282],[14.145456,55.725199],[14.084104,55.70441],[14.073761,55.639791],[14.171042,55.628354],[14.184415,55.590255],[14.137523,55.584342],[14.127211,55.525019],[14.097945,55.488896],[14.024916,55.491582],[13.981124,55.475736],[13.901606,55.512201],[13.901985,55.53384],[13.858705,55.573271],[13.871289,55.598518],[13.90565,55.595022],[13.976352,55.63842],[13.968468,55.667687],[13.894941,55.72368],[13.913241,55.751049],[13.957156,55.781957],[13.998872,55.754119],[14.046178,55.759505]]]}},{"type":"Feature","properties":{"kode":"1272","navn":"Bromölla"},"geometry":{"type":"Polygon","coordinates":[[[14.414833,56.157467],[14.410721,56.206445],[14.440819,56.230134],[14.493582,56.218302],[14.549578,56.224327],[14.571977,56.199629],[14.594909,56.084592],[14.554382,56.074145],[14.545965,56.045694],[14.468115,56.030017],[14.377807,56.040239],[14.386738,56.072275],[14.437132,56.102108],[14.414833,56.157467]]]}},{"type":"Feature","properties":{"kode":"1273","navn":"Osby"},"geometry":{"type":"Polygon","coordinates":[[[14.468692,56.402036],[14.411786,56.392391],[14.389626,56.341185],[14.410925,56.306658],[14.28416,56.294304],[14.279905,56.325222],[14.30906,56.343578],[14.28077,56.366702],[14.247383,56.361194],[14.233347,56.336639],[14.212065,56.362998],[14.244829,56.438964],[14.211936,56.455072],[14.166346,56.435722],[14.125315,56.367384],[14.082349,56.362311],[13.988227,56.323058],[13.926765,56.323056],[13.92864,56.353643],[13.885455,56.366563],[13.898962,56.389363],[13.892306,56.407737],[13.749882,56.389268],[13.705079,56.427889],[13.788788,56.448763],[13.869883,56.448512],[13.928234,56.467347],[14.016114,56.468477],[14.054763,56.504473],[14.062584,56.531152],[14.101925,56.532812],[14.133377,56.507776],[14.237872,56.491662],[14.252973,56.503529],[14.414744,56.480723],[14.524388,56.458068],[14.468692,56.402036]]]}},{"type":"Feature","properties":{"kode":"1275","navn":"Perstorp"},"geometry":{"type":"Polygon","coordinates":[[[13.324969,56.129083],[13.296779,56.155565],[13.311185,56.165757],[13.272539,56.187269],[13.267395,56.21754],[13.34398,56.276094],[13.419124,56.267964],[13.456404,56.209789],[13.439748,56.185287],[13.465791,56.166081],[13.465937,56.14623],[13.435161,56.108987],[13.386219,56.129976],[13.324969,56.129083]]]}},{"type":"Feature","properties":{"kode":"1276","navn":"Klippan"},"geometry":{"type":"Polygon","coordinates":[[[13.261825,56.029075],[13.228899,56.023305],[13.191972,56.033911],[13.162659,56.074831],[13.100354,56.09551],[13.084921,56.159242],[13.01011,56.191202],[12.996875,56.218791],[13.080153,56.21532],[13.118796,56.229913],[13.196794,56.197758],[13.223189,56.223667],[13.267395,56.21754],[13.272539,56.187269],[13.311185,56.165757],[13.296779,56.155565],[13.324969,56.129083],[13.386219,56.129976],[13.435161,56.108987],[13.462744,56.082931],[13.494119,56.092633],[13.509756,56.084013],[13.49387,56.056602],[13.453682,56.045807],[13.445256,56.011919],[13.369331,56.011716],[13.34081,56.014078],[13.329016,56.027929],[13.261825,56.029075]]]}},{"type":"Feature","properties":{"kode":"1277","navn":"Åstorp"},"geometry":{"type":"Polygon","coordinates":[[[12.954775,56.171858],[13.01011,56.191202],[13.084921,56.159242],[13.100354,56.09551],[13.063808,56.079617],[13.011381,56.117265],[12.976483,56.120504],[12.951923,56.128725],[12.882785,56.109306],[12.841443,56.135599],[12.906739,56.150387],[12.952763,56.157525],[12.954775,56.171858]]]}},{"type":"Feature","properties":{"kode":"1278","navn":"Båstad"},"geometry":{"type":"Polygon","coordinates":[[[12.769323,56.322241],[12.744962,56.356838],[12.693182,56.380455],[12.63921,56.387929],[12.63159,56.427856],[12.680054,56.451221],[12.727144,56.46382],[12.79635,56.448502],[12.845691,56.430336],[12.903787,56.444235],[12.970809,56.421698],[12.946921,56.367401],[12.899598,56.375931],[12.855004,56.334477],[12.769323,56.322241]]]}},{"type":"Feature","properties":{"kode":"1280","navn":"Malmö"},"geometry":{"type":"Polygon","coordinates":[[[12.976457,55.604876],[13.006247,55.617386],[13.046417,55.624174],[13.054567,55.636119],[13.073132,55.624566],[13.091084,55.610463],[13.120093,55.6113],[13.129411,55.615269],[13.14637,55.603975],[13.147612,55.57134],[13.118708,55.561517],[13.13506,55.54509],[13.106259,55.527143],[13.054584,55.525353],[13.045376,55.514129],[12.93711,55.504916],[12.915744,55.53112],[12.908847,55.555929],[12.907642,55.57443],[12.926169,55.586306],[12.976457,55.604876]]]}},{"type":"Feature","properties":{"kode":"1281","navn":"Lund"},"geometry":{"type":"Polygon","coordinates":[[[13.276033,55.688001],[13.213238,55.678414],[13.204676,55.692627],[13.173801,55.681734],[13.145443,55.706334],[13.115749,55.703548],[13.112525,55.713397],[13.129327,55.72416],[13.135658,55.748226],[13.143761,55.787317],[13.213664,55.79194],[13.22793,55.790605],[13.252484,55.773885],[13.288158,55.780552],[13.303247,55.768516],[13.298635,55.751],[13.32773,55.75443],[13.384115,55.746949],[13.427351,55.734048],[13.459262,55.732704],[13.527756,55.703017],[13.56111,55.698197],[13.613943,55.668633],[13.603601,55.652699],[13.596983,55.636767],[13.540785,55.632704],[13.51863,55.582339],[13.494859,55.575226],[13.489237,55.548193],[13.474287,55.526903],[13.45035,55.527756],[13.392777,55.533894],[13.370248,55.562828],[13.343455,55.558006],[13.303931,55.60637],[13.315736,55.622191],[13.332637,55.612273],[13.353217,55.617745],[13.348454,55.636239],[13.315598,55.648119],[13.276033,55.688001]]]}},{"type":"Feature","properties":{"kode":"1282","navn":"Landskrona"},"geometry":{"type":"Polygon","coordinates":[[[12.836704,55.945993],[12.886169,55.956603],[12.926283,55.945957],[12.947983,55.926803],[12.993371,55.901],[12.983788,55.87794],[13.017609,55.867498],[13.034803,55.875794],[13.047783,55.848303],[13.022525,55.828756],[12.926473,55.826326],[12.904759,55.863196],[12.835323,55.871449],[12.776537,55.961411],[12.816885,55.964806],[12.836704,55.945993]]]}},{"type":"Feature","properties":{"kode":"1283","navn":"Helsingborg"},"geometry":{"type":"Polygon","coordinates":[[[12.836704,55.945993],[12.816885,55.964806],[12.776537,55.961411],[12.755865,56.010486],[12.713357,56.051786],[12.663171,56.084377],[12.619544,56.118484],[12.585834,56.138978],[12.681866,56.152105],[12.677634,56.168487],[12.746003,56.198246],[12.768257,56.219894],[12.790434,56.217212],[12.83443,56.185741],[12.79873,56.160139],[12.841443,56.135599],[12.882785,56.109306],[12.916077,56.056303],[12.934621,56.028504],[12.898078,56.019192],[12.946957,55.979344],[12.984613,55.98139],[12.982373,55.958058],[12.952228,55.948494],[12.947983,55.926803],[12.926283,55.945957],[12.886169,55.956603],[12.836704,55.945993]]]}},{"type":"Feature","properties":{"kode":"1284","navn":"Höganäs"},"geometry":{"type":"Polygon","coordinates":[[[12.536765,56.24771],[12.502231,56.279611],[12.459367,56.29741],[12.505012,56.301118],[12.597795,56.270616],[12.678333,56.24592],[12.704535,56.225095],[12.733629,56.225759],[12.768257,56.219894],[12.746003,56.198246],[12.677634,56.168487],[12.681866,56.152105],[12.585834,56.138978],[12.573097,56.156276],[12.552257,56.218302],[12.536765,56.24771]]]}},{"type":"Feature","properties":{"kode":"1285","navn":"Eslöv"},"geometry":{"type":"Polygon","coordinates":[[[13.422616,55.82177],[13.464929,55.785587],[13.51959,55.788494],[13.524019,55.817147],[13.555466,55.827708],[13.573879,55.809429],[13.625417,55.812421],[13.626323,55.797946],[13.586159,55.765558],[13.610293,55.743613],[13.56111,55.698197],[13.527756,55.703017],[13.459262,55.732704],[13.427351,55.734048],[13.384115,55.746949],[13.32773,55.75443],[13.298635,55.751],[13.303247,55.768516],[13.288158,55.780552],[13.252484,55.773885],[13.22793,55.790605],[13.213664,55.79194],[13.23055,55.822386],[13.211588,55.841799],[13.136224,55.838899],[13.147554,55.856522],[13.129707,55.866315],[13.129833,55.889778],[13.160858,55.904672],[13.192502,55.901485],[13.242985,55.917328],[13.294827,55.920455],[13.283861,55.955235],[13.34081,56.014078],[13.369331,56.011716],[13.394408,55.972733],[13.387411,55.94779],[13.438461,55.925657],[13.465832,55.895563],[13.426349,55.888336],[13.432222,55.842989],[13.422616,55.82177]]]}},{"type":"Feature","properties":{"kode":"1286","navn":"Ystad"},"geometry":{"type":"Polygon","coordinates":[[[14.103161,55.39191],[14.061544,55.388619],[13.95805,55.431773],[13.915307,55.441136],[13.850522,55.431707],[13.737294,55.43544],[13.700535,55.422782],[13.649001,55.421137],[13.619454,55.450108],[13.652203,55.477418],[13.648822,55.528227],[13.731257,55.536778],[13.778176,55.552549],[13.813979,55.57787],[13.858705,55.573271],[13.901985,55.53384],[13.901606,55.512201],[13.981124,55.475736],[14.024916,55.491582],[14.097945,55.488896],[14.129184,55.489858],[14.116129,55.468864],[14.138801,55.453247],[14.209687,55.405028],[14.190573,55.38557],[14.103161,55.39191]]]}},{"type":"Feature","properties":{"kode":"1287","navn":"Trelleborg"},"geometry":{"type":"Polygon","coordinates":[[[13.450949,55.486501],[13.471471,55.473947],[13.464945,55.446374],[13.444455,55.425045],[13.476124,55.414171],[13.484907,55.382127],[13.451917,55.37482],[13.420321,55.359759],[13.380329,55.356805],[13.335747,55.340025],[13.31991,55.350477],[13.285517,55.347004],[13.262245,55.352631],[13.211959,55.366983],[13.118829,55.379318],[13.082601,55.374176],[13.060257,55.373945],[13.010961,55.391598],[13.040861,55.418257],[13.068757,55.424905],[13.057463,55.434851],[13.049662,55.464418],[13.067379,55.4662],[13.077651,55.464723],[13.099109,55.465478],[13.131823,55.456287],[13.159675,55.472456],[13.164547,55.483093],[13.210008,55.478253],[13.217415,55.487854],[13.239803,55.489125],[13.238014,55.47747],[13.253889,55.474433],[13.287419,55.486917],[13.308946,55.477061],[13.383589,55.479812],[13.416189,55.505494],[13.433921,55.519397],[13.45035,55.527756],[13.450949,55.486501]]]}},{"type":"Feature","properties":{"kode":"1290","navn":"Kristianstad"},"geometry":{"type":"Polygon","coordinates":[[[14.429643,55.988723],[14.354304,55.962024],[14.323868,55.916668],[14.280104,55.904519],[14.209346,55.828748],[14.198904,55.758869],[14.104215,55.759164],[14.093088,55.773823],[14.061168,55.777703],[14.046178,55.759505],[13.998872,55.754119],[13.957156,55.781957],[13.951436,55.814741],[13.912238,55.809453],[13.884388,55.834282],[13.922278,55.870317],[13.910638,55.916006],[13.880332,55.926513],[13.817627,55.895277],[13.742933,55.948182],[13.789961,55.961574],[13.765394,55.988003],[13.817536,56.032416],[13.846439,56.012972],[13.909304,56.02435],[13.991977,56.096075],[13.979623,56.118341],[14.005947,56.153734],[14.127238,56.134433],[14.150408,56.156717],[14.203063,56.163072],[14.258566,56.18549],[14.28206,56.245667],[14.313998,56.280126],[14.410925,56.306658],[14.432557,56.273919],[14.440819,56.230134],[14.410721,56.206445],[14.414833,56.157467],[14.437132,56.102108],[14.386738,56.072275],[14.377807,56.040239],[14.468115,56.030017],[14.429643,55.988723]]]}},{"type":"Feature","properties":{"kode":"1291","navn":"Simrishamn"},"geometry":{"type":"Polygon","coordinates":[[[14.277844,55.671702],[14.296274,55.612948],[14.348894,55.586691],[14.363362,55.542567],[14.331343,55.504546],[14.260191,55.45956],[14.209687,55.405028],[14.138801,55.453247],[14.116129,55.468864],[14.129184,55.489858],[14.097945,55.488896],[14.127211,55.525019],[14.137523,55.584342],[14.184415,55.590255],[14.171042,55.628354],[14.073761,55.639791],[14.084104,55.70441],[14.145456,55.725199],[14.106203,55.737282],[14.104215,55.759164],[14.198904,55.758869],[14.217838,55.692902],[14.277844,55.671702]]]}},{"type":"Feature","properties":{"kode":"1292","navn":"Ängelholm"},"geometry":{"type":"Polygon","coordinates":[[[13.080153,56.21532],[12.996875,56.218791],[13.01011,56.191202],[12.954775,56.171858],[12.952763,56.157525],[12.906739,56.150387],[12.841443,56.135599],[12.79873,56.160139],[12.83443,56.185741],[12.790434,56.217212],[12.828037,56.232834],[12.848272,56.262667],[12.820415,56.294408],[12.769323,56.322241],[12.855004,56.334477],[12.899598,56.375931],[12.946921,56.367401],[12.99135,56.361392],[13.151577,56.351105],[13.20213,56.328523],[13.119739,56.265935],[13.118796,56.229913],[13.080153,56.21532]]]}},{"type":"Feature","properties":{"kode":"1293","navn":"Hässleholm"},"geometry":{"type":"Polygon","coordinates":[[[13.885455,56.366563],[13.92864,56.353643],[13.926765,56.323056],[13.988227,56.323058],[13.991817,56.267535],[13.976973,56.217732],[13.994245,56.186197],[14.005947,56.153734],[13.979623,56.118341],[13.991977,56.096075],[13.909304,56.02435],[13.846439,56.012972],[13.817536,56.032416],[13.765394,55.988003],[13.789961,55.961574],[13.742933,55.948182],[13.699761,55.958653],[13.625373,55.960951],[13.653166,55.987915],[13.662266,56.04521],[13.577606,56.058172],[13.563526,56.091291],[13.509756,56.084013],[13.494119,56.092633],[13.462744,56.082931],[13.435161,56.108987],[13.465937,56.14623],[13.465791,56.166081],[13.439748,56.185287],[13.456404,56.209789],[13.419124,56.267964],[13.457151,56.298123],[13.48785,56.287715],[13.501371,56.31235],[13.503056,56.364576],[13.571871,56.390317],[13.577011,56.409319],[13.705079,56.427889],[13.749882,56.389268],[13.892306,56.407737],[13.898962,56.389363],[13.885455,56.366563]]]}},{"type":"Feature","properties":{"kode":"1315","navn":"Hylte"},"geometry":{"type":"Polygon","coordinates":[[[13.269493,57.096004],[13.358584,57.117441],[13.459685,57.109459],[13.484903,57.122774],[13.496473,57.091612],[13.526815,57.09568],[13.608258,57.068599],[13.592383,57.031437],[13.620189,56.999527],[13.684982,56.986361],[13.693064,56.96194],[13.660316,56.902106],[13.622057,56.909267],[13.612648,56.891657],[13.533589,56.889802],[13.487252,56.866618],[13.469404,56.878233],[13.371583,56.860875],[13.34038,56.87124],[13.296284,56.847291],[13.171315,56.83696],[13.171991,56.885595],[13.132865,56.887224],[13.100359,56.866938],[13.054863,56.847184],[13.011859,56.866945],[13.009065,56.915713],[12.960646,56.921267],[12.928393,56.94838],[12.836599,56.973014],[12.862773,57.018836],[12.895759,57.019347],[12.939887,57.05183],[13.007632,57.041927],[13.03277,57.078756],[13.090182,57.095638],[13.131234,57.031479],[13.220338,57.076438],[13.228228,57.106758],[13.269493,57.096004]]]}},{"type":"Feature","properties":{"kode":"1380","navn":"Halmstad"},"geometry":{"type":"Polygon","coordinates":[[[13.011859,56.866945],[13.054863,56.847184],[13.100359,56.866938],[13.132865,56.887224],[13.171991,56.885595],[13.171315,56.83696],[13.296284,56.847291],[13.322056,56.772866],[13.32624,56.693364],[13.290841,56.675054],[13.179819,56.674377],[13.189307,56.650535],[13.018277,56.594572],[12.999151,56.552093],[12.954383,56.549707],[12.940121,56.594132],[12.908117,56.644074],[12.8488,56.66265],[12.793718,56.64139],[12.738391,56.641735],[12.695861,56.6884],[12.658992,56.729427],[12.622386,56.781242],[12.656853,56.810566],[12.754399,56.853687],[12.829832,56.85437],[12.881748,56.873954],[12.891853,56.922195],[12.928393,56.94838],[12.960646,56.921267],[13.009065,56.915713],[13.011859,56.866945]]]}},{"type":"Feature","properties":{"kode":"1381","navn":"Laholm"},"geometry":{"type":"Polygon","coordinates":[[[13.402081,56.613723],[13.417154,56.584808],[13.44403,56.569197],[13.474442,56.513742],[13.448396,56.471629],[13.471398,56.452561],[13.457224,56.430957],[13.419948,56.413392],[13.378099,56.415238],[13.302669,56.38789],[13.245843,56.354295],[13.20213,56.328523],[13.151577,56.351105],[12.99135,56.361392],[12.946921,56.367401],[12.970809,56.421698],[12.903787,56.444235],[12.935773,56.471783],[12.953004,56.501714],[12.954383,56.549707],[12.999151,56.552093],[13.018277,56.594572],[13.189307,56.650535],[13.179819,56.674377],[13.290841,56.675054],[13.32624,56.693364],[13.373722,56.662455],[13.402081,56.613723]]]}},{"type":"Feature","properties":{"kode":"1382","navn":"Falkenberg"},"geometry":{"type":"Polygon","coordinates":[[[12.575428,57.108973],[12.627055,57.125084],[12.610976,57.1527],[12.641993,57.162356],[12.616289,57.192129],[12.629296,57.215057],[12.67353,57.224221],[12.79867,57.28908],[12.85833,57.267629],[12.931061,57.266594],[12.953291,57.236897],[12.93224,57.228717],[12.941227,57.176104],[13.012061,57.185897],[13.057287,57.178676],[13.047557,57.15744],[13.072781,57.149216],[13.100901,57.160688],[13.133314,57.149138],[13.086029,57.127054],[13.090182,57.095638],[13.03277,57.078756],[13.007632,57.041927],[12.939887,57.05183],[12.895759,57.019347],[12.862773,57.018836],[12.836599,56.973014],[12.928393,56.94838],[12.891853,56.922195],[12.881748,56.873954],[12.829832,56.85437],[12.754399,56.853687],[12.656853,56.810566],[12.622386,56.781242],[12.623469,56.829837],[12.564912,56.857227],[12.487175,56.888888],[12.410259,56.902455],[12.358667,56.934892],[12.372578,56.966809],[12.369469,56.993557],[12.489802,57.009443],[12.536529,56.989737],[12.563001,57.015785],[12.617043,57.026403],[12.570806,57.04971],[12.583256,57.069072],[12.575428,57.108973]]]}},{"type":"Feature","properties":{"kode":"1383","navn":"Varberg"},"geometry":{"type":"Polygon","coordinates":[[[12.575428,57.108973],[12.583256,57.069072],[12.570806,57.04971],[12.617043,57.026403],[12.563001,57.015785],[12.536529,56.989737],[12.489802,57.009443],[12.369469,56.993557],[12.340896,57.028112],[12.293333,57.044191],[12.261735,57.083147],[12.248757,57.139468],[12.197666,57.182662],[12.132766,57.222692],[12.134159,57.262286],[12.182463,57.276883],[12.174713,57.303808],[12.20917,57.32041],[12.294932,57.309987],[12.395718,57.34196],[12.430791,57.32055],[12.427927,57.271994],[12.505453,57.280015],[12.527636,57.322477],[12.652912,57.337689],[12.70549,57.332115],[12.79867,57.28908],[12.67353,57.224221],[12.629296,57.215057],[12.616289,57.192129],[12.641993,57.162356],[12.610976,57.1527],[12.627055,57.125084],[12.575428,57.108973]]]}},{"type":"Feature","properties":{"kode":"1384","navn":"Kungsbacka"},"geometry":{"type":"Polygon","coordinates":[[[11.933292,57.426234],[11.926814,57.442078],[11.933742,57.460555],[11.957967,57.501644],[11.952377,57.527699],[11.947353,57.561105],[12.013266,57.5628],[12.038462,57.549607],[12.138272,57.562275],[12.205633,57.576429],[12.284043,57.604183],[12.342857,57.567737],[12.32676,57.529148],[12.343936,57.512583],[12.354612,57.492038],[12.344927,57.469208],[12.355728,57.457787],[12.381625,57.452761],[12.397161,57.4431],[12.411747,57.410912],[12.395718,57.34196],[12.294932,57.309987],[12.20917,57.32041],[12.174713,57.303808],[12.16368,57.337576],[12.149161,57.346699],[12.114556,57.341184],[12.100945,57.350876],[12.122837,57.387037],[12.122157,57.434702],[12.111315,57.455756],[12.092174,57.461501],[12.072744,57.450088],[12.059454,57.426029],[12.039886,57.376553],[12.028696,57.361136],[12.011679,57.355698],[11.98772,57.361255],[11.970332,57.378836],[11.933292,57.426234]]]}},{"type":"Feature","properties":{"kode":"1401","navn":"Härryda"},"geometry":{"type":"Polygon","coordinates":[[[12.390893,57.732767],[12.438266,57.728431],[12.477391,57.724354],[12.566675,57.618008],[12.515227,57.61736],[12.463585,57.612463],[12.420361,57.62336],[12.386586,57.616348],[12.360359,57.634757],[12.284043,57.604183],[12.227881,57.62168],[12.173917,57.631049],[12.140594,57.629888],[12.120428,57.624888],[12.078945,57.646982],[12.088163,57.653212],[12.069602,57.675051],[12.093735,57.680022],[12.124212,57.687178],[12.142084,57.685676],[12.191236,57.717394],[12.214585,57.723928],[12.313351,57.729085],[12.390893,57.732767]]]}},{"type":"Feature","properties":{"kode":"1402","navn":"Partille"},"geometry":{"type":"Polygon","coordinates":[[[12.095358,57.760647],[12.111587,57.766047],[12.162368,57.77159],[12.183214,57.770347],[12.20303,57.748887],[12.189726,57.743601],[12.196058,57.728819],[12.214585,57.723928],[12.191236,57.717394],[12.142084,57.685676],[12.124212,57.687178],[12.093735,57.680022],[12.070829,57.729225],[12.093278,57.731639],[12.092321,57.751427],[12.095358,57.760647]]]}},{"type":"Feature","properties":{"kode":"1407","navn":"Öckerö"},"geometry":{"type":"MultiPolygon","coordinates":[[[[11.686925,57.753917],[11.706103,57.758576],[11.720757,57.741711],[11.70813,57.728997],[11.697818,57.710163],[11.699048,57.69281],[11.694596,57.681456],[11.684011,57.677291],[11.632965,57.696109],[11.631071,57.705117],[11.655024,57.704468],[11.657429,57.714255],[11.650357,57.718202],[11.650017,57.72789],[11.667604,57.727209],[11.667897,57.745349],[11.686925,57.753917]]],[[[11.601522,57.743366],[11.622767,57.793924],[11.659081,57.770903],[11.618296,57.740057],[11.601522,57.743366]]]]}},{"type":"Feature","properties":{"kode":"1415","navn":"Stenungsund"},"geometry":{"type":"MultiPolygon","coordinates":[[[[12.022427,58.005092],[12.007699,58.003484],[12.002354,57.997393],[12.000083,57.980699],[11.99135,57.969131],[11.863915,57.963376],[11.781676,57.971185],[11.831029,58.001735],[11.841648,58.026146],[11.841935,58.048004],[11.834054,58.070093],[11.829089,58.091976],[11.846123,58.104713],[11.865814,58.119498],[11.880555,58.137084],[11.883661,58.162416],[11.934153,58.156763],[11.949511,58.143389],[11.998065,58.139916],[12.027919,58.127469],[12.042512,58.111384],[12.038449,58.092472],[12.056519,58.061507],[12.051607,58.034357],[12.034238,58.016228],[12.022427,58.005092]]],[[[11.78016,58.07841],[11.783396,58.091995],[11.785701,58.10572],[11.802784,58.101172],[11.803277,58.089827],[11.791413,58.080483],[11.78016,58.07841]]]]}},{"type":"Feature","properties":{"kode":"1419","navn":"Tjörn"},"geometry":{"type":"Polygon","coordinates":[[[11.700594,57.977558],[11.702349,57.970658],[11.686059,57.965213],[11.663804,57.960057],[11.652553,57.95426],[11.642886,57.943157],[11.635005,57.933738],[11.602514,57.931658],[11.595656,57.939701],[11.594397,57.959489],[11.575015,57.964085],[11.567814,57.966478],[11.561209,57.97211],[11.557581,57.986443],[11.56045,57.996211],[11.572124,57.998282],[11.59871,58.000398],[11.600894,58.007454],[11.596957,58.015873],[11.556457,58.013733],[11.539377,58.015201],[11.530546,58.022904],[11.529496,58.031966],[11.540713,58.046888],[11.552118,58.05163],[11.567584,58.055464],[11.623802,58.051232],[11.643306,58.054677],[11.654479,58.061541],[11.672386,58.088507],[11.680831,58.093122],[11.698923,58.091668],[11.720687,58.083929],[11.717784,58.074164],[11.706115,58.062471],[11.72448,58.058344],[11.754108,58.069664],[11.772181,58.059084],[11.775999,58.042083],[11.776158,58.017829],[11.768411,58.002132],[11.75335,57.994588],[11.740413,57.994633],[11.73419,58.00619],[11.715105,58.008129],[11.708196,57.989642],[11.700594,57.977558]]]}},{"type":"Feature","properties":{"kode":"1421","navn":"Orust"},"geometry":{"type":"MultiPolygon","coordinates":[[[[11.845197,58.119927],[11.809686,58.116992],[11.781031,58.1143],[11.77081,58.112772],[11.750917,58.105506],[11.733159,58.089731],[11.710145,58.092389],[11.712529,58.105328],[11.695883,58.113034],[11.665766,58.123446],[11.642378,58.129505],[11.609544,58.117864],[11.596911,58.106031],[11.590682,58.09049],[11.575496,58.075135],[11.55457,58.062652],[11.53591,58.059833],[11.519987,58.063486],[11.50785,58.071167],[11.489543,58.060658],[11.473666,58.06864],[11.483229,58.073442],[11.498158,58.086381],[11.502693,58.099579],[11.487311,58.112461],[11.464323,58.125477],[11.444522,58.135642],[11.439495,58.146967],[11.417137,58.148203],[11.404306,58.136612],[11.391592,58.13236],[11.408332,58.157671],[11.435551,58.178242],[11.46188,58.174594],[11.486695,58.17356],[11.504858,58.18151],[11.521063,58.188672],[11.550965,58.19497],[11.570056,58.20233],[11.595568,58.211769],[11.615036,58.225462],[11.636464,58.239289],[11.658291,58.242706],[11.682458,58.240542],[11.696444,58.241056],[11.701498,58.253048],[11.696948,58.267732],[11.701422,58.282258],[11.733095,58.292935],[11.752881,58.295147],[11.790349,58.293509],[11.791346,58.275088],[11.800665,58.257855],[11.820113,58.250357],[11.839578,58.242623],[11.858713,58.230275],[11.867029,58.217222],[11.856296,58.199948],[11.849499,58.183182],[11.855999,58.162972],[11.853318,58.136897],[11.845197,58.119927]]],[[[11.50983,58.226517],[11.550871,58.247598],[11.603482,58.253523],[11.589766,58.233942],[11.565699,58.216855],[11.530557,58.207653],[11.48214,58.200931],[11.491196,58.213284],[11.50983,58.226517]]],[[[11.751543,58.083586],[11.765986,58.10124],[11.772346,58.082845],[11.751543,58.083586]]]]}},{"type":"Feature","properties":{"kode":"1427","navn":"Sotenäs"},"geometry":{"type":"Polygon","coordinates":[[[11.334797,58.372566],[11.326201,58.360758],[11.293556,58.349161],[11.258928,58.348212],[11.253425,58.35786],[11.279332,58.375522],[11.273851,58.387267],[11.269446,58.40101],[11.265963,58.418724],[11.273002,58.43219],[11.292083,58.435382],[11.299891,58.421003],[11.31222,58.420268],[11.332712,58.427567],[11.337111,58.439885],[11.330289,58.453347],[11.327004,58.46768],[11.445681,58.495376],[11.466991,58.471756],[11.484988,58.464248],[11.413811,58.373878],[11.384534,58.35789],[11.35967,58.361909],[11.34948,58.371209],[11.334797,58.372566]]]}},{"type":"Feature","properties":{"kode":"1430","navn":"Munkedal"},"geometry":{"type":"Polygon","coordinates":[[[11.900687,58.643256],[11.835457,58.614572],[11.840357,58.538887],[11.906763,58.520739],[11.870929,58.507403],[11.894432,58.474331],[11.920691,58.449265],[11.858341,58.427846],[11.828145,58.437444],[11.7281,58.414394],[11.697187,58.421252],[11.619038,58.395373],[11.579306,58.475658],[11.540329,58.481637],[11.484988,58.464248],[11.466991,58.471756],[11.445681,58.495376],[11.43097,58.511586],[11.432245,58.534697],[11.460302,58.552974],[11.482792,58.55066],[11.49866,58.561469],[11.485551,58.603835],[11.511439,58.624156],[11.507196,58.651332],[11.550026,58.674467],[11.629533,58.643783],[11.664725,58.645669],[11.685525,58.66737],[11.666476,58.692374],[11.679538,58.711094],[11.694914,58.763133],[11.712894,58.774546],[11.701718,58.801451],[11.704757,58.823056],[11.766017,58.818026],[11.785346,58.77611],[11.829382,58.759261],[11.828262,58.729909],[11.914772,58.704004],[11.900687,58.643256]]]}},{"type":"Feature","properties":{"kode":"1435","navn":"Tanum"},"geometry":{"type":"Polygon","coordinates":[[[11.271126,58.562737],[11.309619,58.595649],[11.255061,58.683154],[11.177573,58.747305],[11.179502,58.834748],[11.255136,58.860422],[11.319351,58.859841],[11.329156,58.870961],[11.35024,58.873436],[11.370264,58.851724],[11.443937,58.882025],[11.452132,58.898428],[11.50494,58.881125],[11.649944,58.918767],[11.704654,58.886283],[11.705059,58.859305],[11.688836,58.838169],[11.704757,58.823056],[11.701718,58.801451],[11.712894,58.774546],[11.694914,58.763133],[11.679538,58.711094],[11.666476,58.692374],[11.685525,58.66737],[11.664725,58.645669],[11.629533,58.643783],[11.550026,58.674467],[11.507196,58.651332],[11.511439,58.624156],[11.485551,58.603835],[11.49866,58.561469],[11.482792,58.55066],[11.460302,58.552974],[11.432245,58.534697],[11.43097,58.511586],[11.445681,58.495376],[11.327004,58.46768],[11.271126,58.562737]]]}},{"type":"Feature","properties":{"kode":"1438","navn":"Dals-Ed"},"geometry":{"type":"Polygon","coordinates":[[[11.673406,58.994948],[11.706449,59.045506],[11.776347,59.106542],[11.754747,59.125039],[11.758567,59.208786],[11.820322,59.235529],[11.890355,59.197633],[11.88936,59.159876],[11.947818,59.152786],[12.027651,59.092854],[12.034949,59.067457],[12.081822,59.024657],[12.081491,58.994078],[12.115873,58.991227],[12.116172,58.966021],[12.0874,58.957908],[12.077375,58.933025],[12.100215,58.921533],[12.068486,58.86132],[12.027115,58.862585],[11.969026,58.801945],[11.849354,58.792266],[11.829382,58.759261],[11.785346,58.77611],[11.766017,58.818026],[11.704757,58.823056],[11.688836,58.838169],[11.705059,58.859305],[11.704654,58.886283],[11.649944,58.918767],[11.676342,58.960753],[11.673406,58.994948]]]}},{"type":"Feature","properties":{"kode":"1439","navn":"Färgelanda"},"geometry":{"type":"Polygon","coordinates":[[[11.900687,58.643256],[11.914772,58.704004],[11.828262,58.729909],[11.829382,58.759261],[11.849354,58.792266],[11.969026,58.801945],[12.007367,58.785809],[12.1059,58.800791],[12.181321,58.760056],[12.21027,58.698553],[12.163778,58.639429],[12.123603,58.611308],[12.097231,58.509552],[12.063232,58.483617],[12.071851,58.442558],[11.961532,58.463332],[11.920691,58.449265],[11.894432,58.474331],[11.870929,58.507403],[11.906763,58.520739],[11.840357,58.538887],[11.835457,58.614572],[11.900687,58.643256]]]}},{"type":"Feature","properties":{"kode":"1440","navn":"Ale"},"geometry":{"type":"Polygon","coordinates":[[[12.151196,58.019117],[12.183993,58.029545],[12.206129,58.026562],[12.231691,58.029584],[12.244555,58.040737],[12.251055,58.055971],[12.329287,58.09183],[12.338221,58.113559],[12.360949,58.121876],[12.393954,58.114337],[12.424823,58.096059],[12.415992,58.080234],[12.380873,58.061394],[12.369452,58.044948],[12.369586,58.032633],[12.403217,58.001586],[12.367406,57.980593],[12.324617,57.971124],[12.307108,57.945887],[12.300549,57.909753],[12.296036,57.894604],[12.271853,57.888424],[12.208668,57.876079],[12.159774,57.859719],[12.106792,57.845188],[12.070791,57.829438],[12.03122,57.809796],[12.029945,57.822618],[12.024498,57.850289],[12.09124,57.932525],[12.123617,57.956169],[12.135372,57.967833],[12.129171,57.980477],[12.151196,58.019117]]]}},{"type":"Feature","properties":{"kode":"1441","navn":"Lerum"},"geometry":{"type":"Polygon","coordinates":[[[12.390893,57.732767],[12.313351,57.729085],[12.214585,57.723928],[12.196058,57.728819],[12.189726,57.743601],[12.20303,57.748887],[12.183214,57.770347],[12.226451,57.7931],[12.195292,57.809172],[12.187601,57.837835],[12.159774,57.859719],[12.208668,57.876079],[12.271853,57.888424],[12.296036,57.894604],[12.300549,57.909753],[12.307108,57.945887],[12.324617,57.971124],[12.367406,57.980593],[12.403217,58.001586],[12.451926,58.001048],[12.482598,57.991324],[12.436104,57.956063],[12.416317,57.93345],[12.405038,57.904682],[12.400618,57.887923],[12.406219,57.880606],[12.423101,57.880096],[12.431706,57.872337],[12.437504,57.829667],[12.490422,57.789606],[12.489342,57.779388],[12.480247,57.769652],[12.438266,57.728431],[12.390893,57.732767]]]}},{"type":"Feature","properties":{"kode":"1442","navn":"Vårgårda"},"geometry":{"type":"Polygon","coordinates":[[[12.668331,57.85352],[12.644152,57.960122],[12.59475,57.969097],[12.552575,58.006604],[12.596169,58.053678],[12.707255,58.089891],[12.837982,58.111477],[12.910248,58.111148],[12.895301,58.085905],[12.860818,58.081796],[12.873,58.048911],[12.957887,58.027655],[12.975032,57.960331],[12.920828,57.92819],[12.881518,57.920696],[12.805519,57.860517],[12.668331,57.85352]]]}},{"type":"Feature","properties":{"kode":"1443","navn":"Bollebygd"},"geometry":{"type":"Polygon","coordinates":[[[12.517405,57.757317],[12.597899,57.804901],[12.587089,57.825129],[12.668331,57.85352],[12.7641,57.857423],[12.762814,57.833727],[12.735979,57.820808],[12.705284,57.814801],[12.698069,57.803229],[12.735529,57.78749],[12.713371,57.739618],[12.69784,57.729595],[12.726979,57.714531],[12.762554,57.700491],[12.757048,57.688087],[12.763876,57.684745],[12.63341,57.642092],[12.650948,57.62265],[12.566675,57.618008],[12.477391,57.724354],[12.438266,57.728431],[12.480247,57.769652],[12.517405,57.757317]]]}},{"type":"Feature","properties":{"kode":"1444","navn":"Grästorp"},"geometry":{"type":"Polygon","coordinates":[[[12.578446,58.22177],[12.52816,58.227127],[12.568611,58.274332],[12.551204,58.296548],[12.494609,58.297914],[12.453547,58.330536],[12.50637,58.368325],[12.633952,58.402118],[12.709828,58.382749],[12.838118,58.419477],[12.839301,58.380409],[12.795359,58.359817],[12.787096,58.325907],[12.833064,58.289982],[12.816429,58.268985],[12.773411,58.27778],[12.734609,58.26839],[12.692345,58.282531],[12.678413,58.25602],[12.578446,58.22177]]]}},{"type":"Feature","properties":{"kode":"1445","navn":"Essunga"},"geometry":{"type":"Polygon","coordinates":[[[12.682461,58.138814],[12.698957,58.159827],[12.659039,58.190085],[12.576178,58.180429],[12.526476,58.192996],[12.52816,58.227127],[12.578446,58.22177],[12.678413,58.25602],[12.692345,58.282531],[12.734609,58.26839],[12.773411,58.27778],[12.816429,58.268985],[12.848068,58.248414],[12.816583,58.220666],[12.895702,58.187013],[12.905299,58.173837],[12.855788,58.159046],[12.925194,58.138544],[12.935503,58.116427],[12.910248,58.111148],[12.837982,58.111477],[12.707255,58.089891],[12.682461,58.138814]]]}},{"type":"Feature","properties":{"kode":"1446","navn":"Karlsborg"},"geometry":{"type":"Polygon","coordinates":[[[14.270247,58.721053],[14.365793,58.73269],[14.402446,58.79916],[14.457643,58.797163],[14.468147,58.724359],[14.537643,58.724497],[14.546253,58.696937],[14.596436,58.705248],[14.625078,58.745369],[14.684288,58.745953],[14.721473,58.701785],[14.671331,58.668716],[14.587787,58.647678],[14.541887,58.624716],[14.540373,58.581452],[14.53276,58.542122],[14.490385,58.482856],[14.450233,58.470415],[14.397673,58.404409],[14.300577,58.404353],[14.313933,58.439205],[14.361114,58.471191],[14.331051,58.530425],[14.326169,58.565557],[14.335326,58.589771],[14.32364,58.619213],[14.273064,58.625264],[14.283756,58.682506],[14.24844,58.696835],[14.270247,58.721053]]]}},{"type":"Feature","properties":{"kode":"1447","navn":"Gullspång"},"geometry":{"type":"Polygon","coordinates":[[[14.004789,58.898239],[14.021922,58.954579],[14.002722,59.00236],[14.116856,59.041001],[14.210166,59.042248],[14.267961,58.999743],[14.308396,58.893014],[14.37041,58.870123],[14.32677,58.834147],[14.275961,58.825455],[14.214101,58.828387],[14.201921,58.800088],[14.132778,58.800923],[14.129677,58.897308],[14.004789,58.898239]]]}},{"type":"Feature","properties":{"kode":"1452","navn":"Tranemo"},"geometry":{"type":"Polygon","coordinates":[[[13.29301,57.682047],[13.308351,57.62974],[13.333288,57.61788],[13.361848,57.629296],[13.406426,57.614782],[13.467694,57.621177],[13.535909,57.670503],[13.608957,57.645657],[13.707452,57.707391],[13.736804,57.668797],[13.722048,57.640604],[13.67643,57.62823],[13.672887,57.60674],[13.682086,57.561241],[13.667413,57.533042],[13.621085,57.515281],[13.508293,57.415665],[13.486061,57.380577],[13.430095,57.363166],[13.429732,57.339741],[13.385447,57.332635],[13.369175,57.313502],[13.293511,57.303486],[13.247464,57.29882],[13.223793,57.317829],[13.255935,57.332705],[13.255356,57.37239],[13.216822,57.381205],[13.230815,57.40766],[13.235179,57.436316],[13.209262,57.440994],[13.210028,57.468004],[13.256943,57.469663],[13.280649,57.515539],[13.244427,57.540473],[13.189426,57.530117],[13.142646,57.551865],[13.215816,57.644988],[13.29301,57.682047]]]}},{"type":"Feature","properties":{"kode":"1460","navn":"Bengtsfors"},"geometry":{"type":"Polygon","coordinates":[[[12.0874,58.957908],[12.116172,58.966021],[12.115873,58.991227],[12.081491,58.994078],[12.081822,59.024657],[12.034949,59.067457],[12.027651,59.092854],[11.947818,59.152786],[11.88936,59.159876],[11.890355,59.197633],[11.820322,59.235529],[11.948329,59.262373],[12.084478,59.197055],[12.061975,59.271592],[12.231042,59.273567],[12.267637,59.202133],[12.346422,59.186979],[12.421457,59.197125],[12.464429,59.144891],[12.414161,59.091522],[12.406521,58.956771],[12.441386,58.932213],[12.435127,58.851414],[12.405482,58.8452],[12.371981,58.853504],[12.316849,58.855313],[12.261713,58.857089],[12.220127,58.829612],[12.255198,58.779897],[12.181321,58.760056],[12.1059,58.800791],[12.007367,58.785809],[11.969026,58.801945],[12.027115,58.862585],[12.068486,58.86132],[12.100215,58.921533],[12.077375,58.933025],[12.0874,58.957908]]]}},{"type":"Feature","properties":{"kode":"1461","navn":"Mellerud"},"geometry":{"type":"Polygon","coordinates":[[[12.546861,58.665801],[12.649634,58.662221],[12.671349,58.645243],[12.623342,58.621729],[12.566338,58.582301],[12.525975,58.538088],[12.422281,58.583624],[12.387151,58.577598],[12.163778,58.639429],[12.21027,58.698553],[12.181321,58.760056],[12.255198,58.779897],[12.220127,58.829612],[12.261713,58.857089],[12.316849,58.855313],[12.371981,58.853504],[12.405482,58.8452],[12.435127,58.851414],[12.558554,58.809428],[12.492927,58.750465],[12.498857,58.692651],[12.546861,58.665801]]]}},{"type":"Feature","properties":{"kode":"1462","navn":"Lilla Edet"},"geometry":{"type":"Polygon","coordinates":[[[12.151196,58.019117],[12.051607,58.034357],[12.056519,58.061507],[12.038449,58.092472],[12.042512,58.111384],[12.027919,58.127469],[11.998065,58.139916],[11.984232,58.169357],[12.01616,58.180969],[12.026168,58.207643],[12.106802,58.255516],[12.142723,58.297728],[12.168653,58.288899],[12.175045,58.274658],[12.238715,58.258087],[12.175247,58.211429],[12.179947,58.193914],[12.176114,58.161634],[12.233052,58.129834],[12.360949,58.121876],[12.338221,58.113559],[12.329287,58.09183],[12.251055,58.055971],[12.244555,58.040737],[12.231691,58.029584],[12.206129,58.026562],[12.183993,58.029545],[12.151196,58.019117]]]}},{"type":"Feature","properties":{"kode":"1463","navn":"Mark"},"geometry":{"type":"Polygon","coordinates":[[[12.652912,57.337689],[12.527636,57.322477],[12.505453,57.280015],[12.427927,57.271994],[12.430791,57.32055],[12.395718,57.34196],[12.411747,57.410912],[12.397161,57.4431],[12.381625,57.452761],[12.355728,57.457787],[12.344927,57.469208],[12.354612,57.492038],[12.343936,57.512583],[12.32676,57.529148],[12.342857,57.567737],[12.284043,57.604183],[12.360359,57.634757],[12.386586,57.616348],[12.420361,57.62336],[12.463585,57.612463],[12.515227,57.61736],[12.566675,57.618008],[12.650948,57.62265],[12.639679,57.588809],[12.690855,57.545447],[12.787838,57.592279],[12.873934,57.560107],[12.96479,57.574377],[12.852765,57.462413],[12.861163,57.451281],[12.897848,57.451666],[12.877961,57.429024],[12.894225,57.403158],[12.871573,57.384223],[12.89824,57.361565],[12.79867,57.28908],[12.70549,57.332115],[12.652912,57.337689]]]}},{"type":"Feature","properties":{"kode":"1465","navn":"Svenljunga"},"geometry":{"type":"Polygon","coordinates":[[[13.230815,57.40766],[13.216822,57.381205],[13.255356,57.37239],[13.255935,57.332705],[13.223793,57.317829],[13.247464,57.29882],[13.293511,57.303486],[13.272733,57.247284],[13.227735,57.256375],[13.197894,57.234189],[13.180477,57.184444],[13.133314,57.149138],[13.100901,57.160688],[13.072781,57.149216],[13.047557,57.15744],[13.057287,57.178676],[13.012061,57.185897],[12.941227,57.176104],[12.93224,57.228717],[12.953291,57.236897],[12.931061,57.266594],[12.85833,57.267629],[12.79867,57.28908],[12.89824,57.361565],[12.871573,57.384223],[12.894225,57.403158],[12.877961,57.429024],[12.897848,57.451666],[12.861163,57.451281],[12.852765,57.462413],[12.96479,57.574377],[13.105139,57.636273],[13.109174,57.663139],[13.164063,57.671736],[13.215816,57.644988],[13.142646,57.551865],[13.189426,57.530117],[13.244427,57.540473],[13.280649,57.515539],[13.256943,57.469663],[13.210028,57.468004],[13.209262,57.440994],[13.235179,57.436316],[13.230815,57.40766]]]}},{"type":"Feature","properties":{"kode":"1466","navn":"Herrljunga"},"geometry":{"type":"Polygon","coordinates":[[[13.178542,58.076637],[13.231285,58.088916],[13.303424,58.073352],[13.310428,58.009977],[13.367044,57.98299],[13.342296,57.954587],[13.273794,57.948407],[13.219898,57.905551],[13.118416,57.88862],[13.105126,57.904767],[12.995988,57.896468],[12.920828,57.92819],[12.975032,57.960331],[12.957887,58.027655],[12.873,58.048911],[12.860818,58.081796],[12.895301,58.085905],[12.910248,58.111148],[12.935503,58.116427],[12.99671,58.107237],[13.130906,58.119982],[13.192504,58.130729],[13.178542,58.076637]]]}},{"type":"Feature","properties":{"kode":"1470","navn":"Vara"},"geometry":{"type":"Polygon","coordinates":[[[13.206093,58.351251],[13.250227,58.342269],[13.254246,58.302452],[13.336161,58.302715],[13.401052,58.27479],[13.356406,58.23699],[13.294415,58.189079],[13.243456,58.189349],[13.23313,58.144715],[13.192504,58.130729],[13.130906,58.119982],[12.99671,58.107237],[12.935503,58.116427],[12.925194,58.138544],[12.855788,58.159046],[12.905299,58.173837],[12.895702,58.187013],[12.816583,58.220666],[12.848068,58.248414],[12.816429,58.268985],[12.833064,58.289982],[12.787096,58.325907],[12.795359,58.359817],[12.839301,58.380409],[12.915014,58.384182],[12.971592,58.327986],[13.021508,58.342288],[13.136884,58.337788],[13.17283,58.327351],[13.206093,58.351251]]]}},{"type":"Feature","properties":{"kode":"1471","navn":"Götene"},"geometry":{"type":"Polygon","coordinates":[[[13.594185,58.645228],[13.622555,58.629584],[13.581797,58.591669],[13.628117,58.580672],[13.68397,58.585469],[13.693404,58.55995],[13.618547,58.482512],[13.553602,58.463057],[13.428148,58.450318],[13.422444,58.436138],[13.328864,58.436382],[13.301943,58.475342],[13.255238,58.498249],[13.30163,58.516804],[13.319251,58.562944],[13.344614,58.614177],[13.432764,58.648411],[13.528706,58.666033],[13.612857,58.694914],[13.594185,58.645228]]]}},{"type":"Feature","properties":{"kode":"1472","navn":"Tibro"},"geometry":{"type":"Polygon","coordinates":[[[14.134008,58.518192],[14.228467,58.533558],[14.326169,58.565557],[14.331051,58.530425],[14.361114,58.471191],[14.313933,58.439205],[14.300577,58.404353],[14.274376,58.392387],[14.269074,58.363769],[14.194894,58.351093],[14.140271,58.3579],[14.072464,58.392971],[14.055263,58.449713],[14.104802,58.45822],[14.103178,58.487166],[14.134008,58.518192]]]}},{"type":"Feature","properties":{"kode":"1473","navn":"Töreboda"},"geometry":{"type":"Polygon","coordinates":[[[14.015324,58.610319],[13.935427,58.593528],[13.90537,58.61172],[13.972432,58.679036],[13.926723,58.69374],[13.932125,58.724152],[14.012884,58.73131],[14.037312,58.751834],[14.012879,58.789038],[14.063394,58.7813],[14.132778,58.800923],[14.201921,58.800088],[14.214101,58.828387],[14.275961,58.825455],[14.32677,58.834147],[14.402446,58.79916],[14.365793,58.73269],[14.270247,58.721053],[14.24844,58.696835],[14.283756,58.682506],[14.273064,58.625264],[14.32364,58.619213],[14.335326,58.589771],[14.326169,58.565557],[14.228467,58.533558],[14.134008,58.518192],[14.081763,58.520643],[14.015324,58.610319]]]}},{"type":"Feature","properties":{"kode":"1480","navn":"Göteborg"},"geometry":{"type":"Polygon","coordinates":[[[11.957717,57.842499],[11.972298,57.854822],[12.007825,57.855578],[12.024498,57.850289],[12.029945,57.822618],[12.03122,57.809796],[12.070791,57.829438],[12.106792,57.845188],[12.159774,57.859719],[12.187601,57.837835],[12.195292,57.809172],[12.226451,57.7931],[12.183214,57.770347],[12.162368,57.77159],[12.111587,57.766047],[12.095358,57.760647],[12.092321,57.751427],[12.093278,57.731639],[12.070829,57.729225],[12.093735,57.680022],[12.069602,57.675051],[11.989397,57.666793],[11.976528,57.648105],[12.022077,57.585992],[12.013266,57.5628],[11.947353,57.561105],[11.951477,57.585022],[11.951962,57.628447],[11.942177,57.637738],[11.926081,57.622136],[11.913293,57.6222],[11.882203,57.66606],[11.880441,57.673501],[11.887445,57.681799],[11.957864,57.705839],[11.93823,57.705123],[11.908369,57.698651],[11.894007,57.704013],[11.849326,57.698056],[11.830933,57.713442],[11.814891,57.716064],[11.801437,57.712879],[11.79692,57.699837],[11.785414,57.696712],[11.772675,57.696234],[11.755652,57.698791],[11.739312,57.713187],[11.731709,57.719854],[11.731469,57.728691],[11.748855,57.743569],[11.783382,57.752915],[11.819101,57.760167],[11.828246,57.791958],[11.876938,57.811113],[11.909826,57.836981],[11.941519,57.83655],[11.957717,57.842499]]]}},{"type":"Feature","properties":{"kode":"1481","navn":"Mölndal"},"geometry":{"type":"Polygon","coordinates":[[[12.069602,57.675051],[12.088163,57.653212],[12.078945,57.646982],[12.120428,57.624888],[12.140594,57.629888],[12.173917,57.631049],[12.227881,57.62168],[12.284043,57.604183],[12.205633,57.576429],[12.138272,57.562275],[12.038462,57.549607],[12.013266,57.5628],[12.022077,57.585992],[11.976528,57.648105],[11.989397,57.666793],[12.069602,57.675051]]]}},{"type":"Feature","properties":{"kode":"1482","navn":"Kungälv"},"geometry":{"type":"MultiPolygon","coordinates":[[[[11.957717,57.842499],[11.941519,57.83655],[11.909826,57.836981],[11.876938,57.811113],[11.828246,57.791958],[11.807894,57.79137],[11.778558,57.788651],[11.766359,57.791939],[11.760126,57.813141],[11.751361,57.820851],[11.729419,57.831796],[11.716551,57.840953],[11.722001,57.854567],[11.741125,57.869771],[11.752547,57.883071],[11.760392,57.902125],[11.790401,57.936497],[11.776293,57.947752],[11.775837,57.96114],[11.781676,57.971185],[11.863915,57.963376],[11.99135,57.969131],[12.000083,57.980699],[12.002354,57.997393],[12.007699,58.003484],[12.022427,58.005092],[12.034238,58.016228],[12.051607,58.034357],[12.151196,58.019117],[12.129171,57.980477],[12.135372,57.967833],[12.123617,57.956169],[12.09124,57.932525],[12.024498,57.850289],[12.007825,57.855578],[11.972298,57.854822],[11.957717,57.842499]]],[[[11.670077,57.90348],[11.713726,57.903018],[11.701226,57.881634],[11.629364,57.860076],[11.598353,57.871725],[11.631106,57.897672],[11.670077,57.90348]]]]}},{"type":"Feature","properties":{"kode":"1484","navn":"Lysekil"},"geometry":{"type":"MultiPolygon","coordinates":[[[[11.453208,58.265499],[11.448323,58.273171],[11.464552,58.282894],[11.471417,58.300558],[11.447168,58.302779],[11.429179,58.308627],[11.437377,58.326186],[11.445419,58.34756],[11.414716,58.342552],[11.413811,58.373878],[11.484988,58.464248],[11.540329,58.481637],[11.579306,58.475658],[11.619038,58.395373],[11.627229,58.371345],[11.559731,58.311518],[11.53695,58.301724],[11.512963,58.281143],[11.493559,58.269647],[11.453208,58.265499]]],[[[11.550373,58.256427],[11.550871,58.247598],[11.50983,58.226517],[11.491196,58.213284],[11.48214,58.200931],[11.439167,58.198665],[11.431607,58.204744],[11.455832,58.229135],[11.471147,58.241865],[11.499865,58.246272],[11.525335,58.256452],[11.549111,58.272044],[11.563544,58.284723],[11.569024,58.270028],[11.550373,58.256427]]]]}},{"type":"Feature","properties":{"kode":"1485","navn":"Uddevalla"},"geometry":{"type":"Polygon","coordinates":[[[11.658402,58.267536],[11.634283,58.257393],[11.603482,58.253523],[11.550871,58.247598],[11.550373,58.256427],[11.569024,58.270028],[11.563544,58.284723],[11.559731,58.311518],[11.627229,58.371345],[11.619038,58.395373],[11.697187,58.421252],[11.7281,58.414394],[11.828145,58.437444],[11.858341,58.427846],[11.920691,58.449265],[11.961532,58.463332],[12.071851,58.442558],[12.139282,58.407458],[12.156552,58.381722],[12.12062,58.339669],[12.142723,58.297728],[12.106802,58.255516],[12.026168,58.207643],[12.01616,58.180969],[11.984232,58.169357],[11.998065,58.139916],[11.949511,58.143389],[11.934153,58.156763],[11.883661,58.162416],[11.876469,58.185643],[11.895714,58.189363],[11.91905,58.204259],[11.92,58.220627],[11.889783,58.219855],[11.886995,58.241699],[11.866042,58.262614],[11.83336,58.289283],[11.839521,58.302075],[11.878935,58.326904],[11.816891,58.324549],[11.771395,58.33173],[11.733725,58.32853],[11.753705,58.317014],[11.744168,58.306806],[11.705018,58.306597],[11.6841,58.283003],[11.658402,58.267536]]]}},{"type":"Feature","properties":{"kode":"1486","navn":"Strömstad"},"geometry":{"type":"Polygon","coordinates":[[[11.35024,58.873436],[11.329156,58.870961],[11.319351,58.859841],[11.255136,58.860422],[11.179502,58.834748],[11.17193,58.858023],[11.13161,58.909417],[11.131697,58.924435],[11.136347,58.927849],[11.160302,58.92403],[11.173279,58.926186],[11.171021,58.935744],[11.14192,58.955429],[11.1342,58.96744],[11.131446,59.011837],[11.211417,59.089705],[11.252743,59.095166],[11.278451,59.102666],[11.315661,59.116512],[11.359396,59.111315],[11.454925,59.018088],[11.445008,58.923349],[11.452132,58.898428],[11.443937,58.882025],[11.370264,58.851724],[11.35024,58.873436]]]}},{"type":"Feature","properties":{"kode":"1487","navn":"Vänersborg"},"geometry":{"type":"Polygon","coordinates":[[[12.335109,58.311127],[12.279051,58.325567],[12.1987,58.310186],[12.142723,58.297728],[12.12062,58.339669],[12.156552,58.381722],[12.139282,58.407458],[12.071851,58.442558],[12.063232,58.483617],[12.097231,58.509552],[12.123603,58.611308],[12.163778,58.639429],[12.387151,58.577598],[12.422281,58.583624],[12.525975,58.538088],[12.465419,58.495752],[12.386361,58.467817],[12.329167,58.422914],[12.328606,58.392339],[12.419924,58.385679],[12.456071,58.400656],[12.513397,58.395092],[12.594673,58.464279],[12.652585,58.462232],[12.633952,58.402118],[12.50637,58.368325],[12.453547,58.330536],[12.494609,58.297914],[12.39901,58.253177],[12.382217,58.280744],[12.335109,58.311127]]]}},{"type":"Feature","properties":{"kode":"1488","navn":"Trollhättan"},"geometry":{"type":"Polygon","coordinates":[[[12.335109,58.311127],[12.382217,58.280744],[12.39901,58.253177],[12.494609,58.297914],[12.551204,58.296548],[12.568611,58.274332],[12.52816,58.227127],[12.526476,58.192996],[12.512413,58.183541],[12.45526,58.164018],[12.466698,58.136528],[12.424823,58.096059],[12.393954,58.114337],[12.360949,58.121876],[12.233052,58.129834],[12.176114,58.161634],[12.179947,58.193914],[12.175247,58.211429],[12.238715,58.258087],[12.175045,58.274658],[12.168653,58.288899],[12.142723,58.297728],[12.1987,58.310186],[12.279051,58.325567],[12.335109,58.311127]]]}},{"type":"Feature","properties":{"kode":"1489","navn":"Alingsås"},"geometry":{"type":"Polygon","coordinates":[[[12.451926,58.001048],[12.403217,58.001586],[12.369586,58.032633],[12.369452,58.044948],[12.380873,58.061394],[12.415992,58.080234],[12.424823,58.096059],[12.466698,58.136528],[12.45526,58.164018],[12.512413,58.183541],[12.526476,58.192996],[12.576178,58.180429],[12.659039,58.190085],[12.698957,58.159827],[12.682461,58.138814],[12.707255,58.089891],[12.596169,58.053678],[12.552575,58.006604],[12.59475,57.969097],[12.644152,57.960122],[12.668331,57.85352],[12.587089,57.825129],[12.597899,57.804901],[12.517405,57.757317],[12.480247,57.769652],[12.489342,57.779388],[12.490422,57.789606],[12.437504,57.829667],[12.431706,57.872337],[12.423101,57.880096],[12.406219,57.880606],[12.400618,57.887923],[12.405038,57.904682],[12.416317,57.93345],[12.436104,57.956063],[12.482598,57.991324],[12.451926,58.001048]]]}},{"type":"Feature","properties":{"kode":"1490","navn":"Borås"},"geometry":{"type":"Polygon","coordinates":[[[13.183179,57.775491],[13.229388,57.77],[13.220593,57.712681],[13.266716,57.707175],[13.29301,57.682047],[13.215816,57.644988],[13.164063,57.671736],[13.109174,57.663139],[13.105139,57.636273],[12.96479,57.574377],[12.873934,57.560107],[12.787838,57.592279],[12.690855,57.545447],[12.639679,57.588809],[12.650948,57.62265],[12.63341,57.642092],[12.763876,57.684745],[12.757048,57.688087],[12.762554,57.700491],[12.726979,57.714531],[12.69784,57.729595],[12.713371,57.739618],[12.735529,57.78749],[12.698069,57.803229],[12.705284,57.814801],[12.735979,57.820808],[12.762814,57.833727],[12.7641,57.857423],[12.805519,57.860517],[12.881518,57.920696],[12.920828,57.92819],[12.995988,57.896468],[13.105126,57.904767],[13.118416,57.88862],[13.110173,57.848714],[13.147346,57.827392],[13.134057,57.806308],[13.186447,57.796983],[13.183179,57.775491]]]}},{"type":"Feature","properties":{"kode":"1491","navn":"Ulricehamn"},"geometry":{"type":"Polygon","coordinates":[[[13.29301,57.682047],[13.266716,57.707175],[13.220593,57.712681],[13.229388,57.77],[13.183179,57.775491],[13.186447,57.796983],[13.134057,57.806308],[13.147346,57.827392],[13.110173,57.848714],[13.118416,57.88862],[13.219898,57.905551],[13.273794,57.948407],[13.342296,57.954587],[13.367044,57.98299],[13.41084,57.960722],[13.489185,57.9646],[13.526094,58.004491],[13.561297,57.992158],[13.569694,57.919654],[13.612681,57.914181],[13.708875,57.937568],[13.749191,57.882869],[13.741449,57.843541],[13.742694,57.764122],[13.710928,57.734896],[13.707452,57.707391],[13.608957,57.645657],[13.535909,57.670503],[13.467694,57.621177],[13.406426,57.614782],[13.361848,57.629296],[13.333288,57.61788],[13.308351,57.62974],[13.29301,57.682047]]]}},{"type":"Feature","properties":{"kode":"1492","navn":"Åmål"},"geometry":{"type":"Polygon","coordinates":[[[12.574384,59.134283],[12.638882,59.195147],[12.710247,59.17821],[12.766306,59.152785],[12.77259,59.070416],[12.688502,58.986771],[12.652838,58.955605],[12.638547,58.878679],[12.558554,58.809428],[12.435127,58.851414],[12.441386,58.932213],[12.406521,58.956771],[12.414161,59.091522],[12.464429,59.144891],[12.574384,59.134283]]]}},{"type":"Feature","properties":{"kode":"1493","navn":"Mariestad"},"geometry":{"type":"Polygon","coordinates":[[[13.768481,58.536675],[13.775542,58.577844],[13.735487,58.585017],[13.693404,58.55995],[13.68397,58.585469],[13.628117,58.580672],[13.581797,58.591669],[13.622555,58.629584],[13.594185,58.645228],[13.612857,58.694914],[13.702837,58.696444],[13.77009,58.706128],[13.860466,58.749013],[13.888879,58.772993],[13.852699,58.783629],[13.780908,58.768773],[13.736641,58.752677],[13.725606,58.789228],[13.66491,58.818892],[13.684455,58.852316],[13.855235,58.837618],[13.907402,58.819063],[13.96505,58.850735],[14.004789,58.898239],[14.129677,58.897308],[14.132778,58.800923],[14.063394,58.7813],[14.012879,58.789038],[14.037312,58.751834],[14.012884,58.73131],[13.932125,58.724152],[13.926723,58.69374],[13.972432,58.679036],[13.90537,58.61172],[13.935427,58.593528],[13.888526,58.574607],[13.859002,58.543469],[13.768481,58.536675]]]}},{"type":"Feature","properties":{"kode":"1494","navn":"Lidköping"},"geometry":{"type":"Polygon","coordinates":[[[13.17283,58.327351],[13.136884,58.337788],[13.021508,58.342288],[12.971592,58.327986],[12.915014,58.384182],[12.839301,58.380409],[12.838118,58.419477],[12.709828,58.382749],[12.633952,58.402118],[12.704678,58.418954],[12.700911,58.440702],[12.772739,58.488528],[12.890988,58.500372],[12.950345,58.553979],[12.946163,58.572157],[13.010153,58.609353],[13.113612,58.700863],[13.181597,58.694597],[13.223642,58.676713],[13.18962,58.613197],[13.137118,58.517958],[13.176102,58.503809],[13.255238,58.498249],[13.301943,58.475342],[13.328864,58.436382],[13.350117,58.412093],[13.279583,58.398747],[13.218966,58.404793],[13.179366,58.391959],[13.206093,58.351251],[13.17283,58.327351]]]}},{"type":"Feature","properties":{"kode":"1495","navn":"Skara"},"geometry":{"type":"Polygon","coordinates":[[[13.746466,58.387967],[13.667529,58.366187],[13.68518,58.349184],[13.606856,58.350797],[13.554042,58.320618],[13.503481,58.324566],[13.473045,58.284389],[13.401052,58.27479],[13.336161,58.302715],[13.254246,58.302452],[13.250227,58.342269],[13.206093,58.351251],[13.179366,58.391959],[13.218966,58.404793],[13.279583,58.398747],[13.350117,58.412093],[13.328864,58.436382],[13.422444,58.436138],[13.428148,58.450318],[13.553602,58.463057],[13.618547,58.482512],[13.683207,58.459281],[13.727465,58.457339],[13.773048,58.423461],[13.746466,58.387967]]]}},{"type":"Feature","properties":{"kode":"1496","navn":"Skövde"},"geometry":{"type":"Polygon","coordinates":[[[14.015324,58.610319],[14.081763,58.520643],[14.134008,58.518192],[14.103178,58.487166],[14.104802,58.45822],[14.055263,58.449713],[14.072464,58.392971],[14.140271,58.3579],[14.119813,58.333009],[14.086558,58.338187],[14.071901,58.313609],[14.021084,58.315989],[13.967179,58.275183],[13.886324,58.248219],[13.844796,58.251305],[13.832831,58.274093],[13.879667,58.308044],[13.747532,58.313985],[13.710905,58.299362],[13.662195,58.314126],[13.68615,58.334723],[13.737928,58.337853],[13.778903,58.357673],[13.793991,58.38585],[13.773048,58.423461],[13.727465,58.457339],[13.683207,58.459281],[13.618547,58.482512],[13.693404,58.55995],[13.735487,58.585017],[13.775542,58.577844],[13.768481,58.536675],[13.859002,58.543469],[13.888526,58.574607],[13.935427,58.593528],[14.015324,58.610319]]]}},{"type":"Feature","properties":{"kode":"1497","navn":"Hjo"},"geometry":{"type":"Polygon","coordinates":[[[14.072099,58.257676],[14.030868,58.255996],[14.017148,58.27468],[13.967179,58.275183],[14.021084,58.315989],[14.071901,58.313609],[14.086558,58.338187],[14.119813,58.333009],[14.140271,58.3579],[14.194894,58.351093],[14.269074,58.363769],[14.274376,58.392387],[14.300577,58.404353],[14.397673,58.404409],[14.351505,58.347117],[14.28119,58.300008],[14.254118,58.227325],[14.219228,58.185706],[14.21303,58.145687],[14.113242,58.151665],[14.105118,58.194768],[14.127957,58.208118],[14.150542,58.257569],[14.084496,58.269716],[14.072099,58.257676]]]}},{"type":"Feature","properties":{"kode":"1498","navn":"Tidaholm"},"geometry":{"type":"Polygon","coordinates":[[[14.072099,58.257676],[14.084496,58.269716],[14.150542,58.257569],[14.127957,58.208118],[14.105118,58.194768],[14.113242,58.151665],[14.114222,58.07524],[14.071782,58.04657],[14.068604,58.028683],[13.960174,58.009409],[13.950972,58.034187],[13.875827,58.050275],[13.846752,58.038973],[13.798455,58.053792],[13.776343,58.049983],[13.747967,58.075904],[13.747884,58.11558],[13.715343,58.144076],[13.752406,58.162272],[13.776303,58.202691],[13.753521,58.228954],[13.844796,58.251305],[13.886324,58.248219],[13.967179,58.275183],[14.017148,58.27468],[14.030868,58.255996],[14.072099,58.257676]]]}},{"type":"Feature","properties":{"kode":"1499","navn":"Falköping"},"geometry":{"type":"Polygon","coordinates":[[[13.178542,58.076637],[13.192504,58.130729],[13.23313,58.144715],[13.243456,58.189349],[13.294415,58.189079],[13.356406,58.23699],[13.401052,58.27479],[13.473045,58.284389],[13.503481,58.324566],[13.554042,58.320618],[13.606856,58.350797],[13.68518,58.349184],[13.667529,58.366187],[13.746466,58.387967],[13.773048,58.423461],[13.793991,58.38585],[13.778903,58.357673],[13.737928,58.337853],[13.68615,58.334723],[13.662195,58.314126],[13.710905,58.299362],[13.747532,58.313985],[13.879667,58.308044],[13.832831,58.274093],[13.844796,58.251305],[13.753521,58.228954],[13.776303,58.202691],[13.752406,58.162272],[13.715343,58.144076],[13.747884,58.11558],[13.747967,58.075904],[13.776343,58.049983],[13.757849,58.014141],[13.708452,57.982081],[13.708875,57.937568],[13.612681,57.914181],[13.569694,57.919654],[13.561297,57.992158],[13.526094,58.004491],[13.489185,57.9646],[13.41084,57.960722],[13.367044,57.98299],[13.310428,58.009977],[13.303424,58.073352],[13.231285,58.088916],[13.178542,58.076637]]]}},{"type":"Feature","properties":{"kode":"1715","navn":"Kil"},"geometry":{"type":"Polygon","coordinates":[[[13.154371,59.480965],[13.061946,59.531389],[12.941737,59.558098],[12.988841,59.611654],[13.053323,59.614661],[13.024998,59.662615],[13.080665,59.661728],[13.166374,59.655473],[13.350795,59.672323],[13.373905,59.595031],[13.434582,59.574539],[13.381474,59.499102],[13.21874,59.512755],[13.154371,59.480965]]]}},{"type":"Feature","properties":{"kode":"1730","navn":"Eda"},"geometry":{"type":"Polygon","coordinates":[[[12.433404,59.924729],[12.449072,59.908016],[12.462473,59.848106],[12.483738,59.820374],[12.36766,59.780904],[12.289918,59.650045],[12.294598,59.594647],[12.183539,59.624539],[12.13219,59.611705],[12.015099,59.642222],[11.94206,59.7254],[11.932525,59.78511],[11.86477,59.846465],[11.971694,59.902833],[12.055841,59.887773],[12.160916,59.897232],[12.223084,59.934967],[12.349317,59.967072],[12.380556,60.012923],[12.447637,60.038984],[12.485059,59.987919],[12.470823,59.93613],[12.433404,59.924729]]]}},{"type":"Feature","properties":{"kode":"1737","navn":"Torsby"},"geometry":{"type":"Polygon","coordinates":[[[12.587319,60.085465],[12.584787,60.136011],[12.50617,60.133192],[12.541183,60.186117],[12.498956,60.326225],[12.609516,60.414526],[12.602983,60.522864],[12.50821,60.603427],[12.511309,60.651982],[12.392007,60.745824],[12.335884,60.848434],[12.341901,60.893289],[12.232826,61.01905],[12.486112,61.052764],[12.615256,61.046855],[12.676351,61.058077],[12.702421,61.007962],[13.175488,60.766094],[13.205035,60.698266],[13.260155,60.698014],[13.30525,60.636783],[13.437296,60.527061],[13.496922,60.447128],[13.567935,60.421432],[13.511035,60.379816],[13.476644,60.262096],[13.374875,60.239051],[13.288323,60.197313],[13.208989,60.221994],[13.159816,60.185971],[13.24055,60.125186],[13.082445,60.06082],[13.05735,60.085177],[12.924803,60.043132],[12.808825,60.112142],[12.587319,60.085465]]]}},{"type":"Feature","properties":{"kode":"1760","navn":"Storfors"},"geometry":{"type":"Polygon","coordinates":[[[14.027458,59.490193],[14.031012,59.562266],[14.061644,59.600019],[14.184366,59.60886],[14.291985,59.61287],[14.367635,59.598453],[14.387183,59.570405],[14.460105,59.5916],[14.463459,59.53241],[14.417274,59.541865],[14.398019,59.515687],[14.462971,59.447496],[14.375398,59.397519],[14.318777,59.322978],[14.216451,59.361686],[14.250399,59.448626],[14.150305,59.444252],[14.027458,59.490193]]]}},{"type":"Feature","properties":{"kode":"1761","navn":"Hammarö"},"geometry":{"type":"Polygon","coordinates":[[[13.578394,59.308764],[13.505036,59.27031],[13.437641,59.339846],[13.514861,59.372766],[13.605068,59.355769],[13.578394,59.308764]]]}},{"type":"Feature","properties":{"kode":"1762","navn":"Munkfors"},"geometry":{"type":"Polygon","coordinates":[[[13.363638,59.795697],[13.35101,59.85032],[13.377732,59.882335],[13.494057,59.891515],[13.551965,59.872918],[13.624428,59.877147],[13.617709,59.816661],[13.450144,59.75615],[13.382268,59.763687],[13.363638,59.795697]]]}},{"type":"Feature","properties":{"kode":"1763","navn":"Forshaga"},"geometry":{"type":"Polygon","coordinates":[[[13.543289,59.50153],[13.496864,59.499828],[13.381474,59.499102],[13.434582,59.574539],[13.373905,59.595031],[13.350795,59.672323],[13.382268,59.763687],[13.450144,59.75615],[13.617709,59.816661],[13.624622,59.794121],[13.684041,59.778995],[13.583607,59.678516],[13.620025,59.640913],[13.629094,59.568332],[13.588442,59.559208],[13.545737,59.537509],[13.543289,59.50153]]]}},{"type":"Feature","properties":{"kode":"1764","navn":"Grums"},"geometry":{"type":"Polygon","coordinates":[[[12.825017,59.487808],[12.87049,59.556481],[12.941737,59.558098],[13.061946,59.531389],[13.154371,59.480965],[13.14906,59.353119],[13.154093,59.278965],[13.100415,59.250376],[12.993813,59.243595],[12.925444,59.256972],[12.895681,59.294114],[12.918795,59.403267],[12.85494,59.442256],[12.825017,59.487808]]]}},{"type":"Feature","properties":{"kode":"1765","navn":"Årjäng"},"geometry":{"type":"Polygon","coordinates":[[[12.061975,59.271592],[12.084478,59.197055],[11.948329,59.262373],[11.820322,59.235529],[11.817035,59.343605],[11.779604,59.386085],[11.745428,59.489663],[11.696254,59.588235],[11.744585,59.63913],[11.856501,59.654013],[11.885519,59.689205],[11.94206,59.7254],[12.015099,59.642222],[12.13219,59.611705],[12.183539,59.624539],[12.294598,59.594647],[12.314662,59.51233],[12.282534,59.4557],[12.424371,59.458322],[12.499184,59.418601],[12.452536,59.298813],[12.501497,59.217873],[12.464429,59.144891],[12.421457,59.197125],[12.346422,59.186979],[12.267637,59.202133],[12.231042,59.273567],[12.061975,59.271592]]]}},{"type":"Feature","properties":{"kode":"1766","navn":"Sunne"},"geometry":{"type":"Polygon","coordinates":[[[13.363638,59.795697],[13.382268,59.763687],[13.350795,59.672323],[13.166374,59.655473],[13.080665,59.661728],[13.052004,59.699479],[12.903019,59.777072],[12.886737,59.81191],[12.808123,59.861588],[12.703995,59.885051],[12.690021,59.937807],[12.745189,59.971948],[12.710751,60.007396],[12.615595,60.021441],[12.587319,60.085465],[12.808825,60.112142],[12.924803,60.043132],[13.05735,60.085177],[13.082445,60.06082],[13.24055,60.125186],[13.284995,60.042321],[13.325165,60.001065],[13.377732,59.882335],[13.35101,59.85032],[13.363638,59.795697]]]}},{"type":"Feature","properties":{"kode":"1780","navn":"Karlstad"},"geometry":{"type":"Polygon","coordinates":[[[13.543289,59.50153],[13.545737,59.537509],[13.588442,59.559208],[13.629094,59.568332],[13.620025,59.640913],[13.583607,59.678516],[13.684041,59.778995],[13.768494,59.784436],[13.949569,59.590602],[14.031012,59.562266],[14.027458,59.490193],[14.011248,59.439755],[13.956292,59.429586],[13.894995,59.403427],[13.887014,59.338168],[13.814372,59.367246],[13.745343,59.335948],[13.692464,59.377932],[13.605068,59.355769],[13.514861,59.372766],[13.437641,59.339846],[13.380854,59.374633],[13.284065,59.365871],[13.255816,59.343542],[13.282865,59.313607],[13.222151,59.308787],[13.183161,59.330145],[13.14906,59.353119],[13.154371,59.480965],[13.21874,59.512755],[13.381474,59.499102],[13.496864,59.499828],[13.543289,59.50153]]]}},{"type":"Feature","properties":{"kode":"1781","navn":"Kristinehamn"},"geometry":{"type":"Polygon","coordinates":[[[13.947999,59.045323],[13.947035,59.099543],[14.003467,59.160194],[14.068678,59.229456],[14.032396,59.32141],[13.947047,59.318046],[13.887014,59.338168],[13.894995,59.403427],[13.956292,59.429586],[14.011248,59.439755],[14.027458,59.490193],[14.150305,59.444252],[14.250399,59.448626],[14.216451,59.361686],[14.318777,59.322978],[14.319264,59.31265],[14.284078,59.232042],[14.299456,59.182527],[14.280794,59.158121],[14.329261,59.097989],[14.267961,58.999743],[14.210166,59.042248],[14.116856,59.041001],[14.147876,59.084904],[14.095772,59.107203],[14.023867,59.077995],[13.981773,59.038378],[13.947999,59.045323]]]}},{"type":"Feature","properties":{"kode":"1782","navn":"Filipstad"},"geometry":{"type":"Polygon","coordinates":[[[13.901565,59.881603],[13.917663,59.951317],[13.985174,59.966408],[14.020466,60.100264],[13.967887,60.188639],[13.949476,60.266784],[14.018789,60.268275],[14.038721,60.238504],[14.137801,60.244321],[14.186581,60.175901],[14.215401,60.098733],[14.438478,60.025708],[14.462933,59.978768],[14.343142,59.955526],[14.375799,59.91967],[14.431103,59.908015],[14.416093,59.831031],[14.437604,59.775796],[14.384113,59.758467],[14.438549,59.707085],[14.420982,59.671781],[14.460105,59.5916],[14.387183,59.570405],[14.367635,59.598453],[14.291985,59.61287],[14.184366,59.60886],[14.061644,59.600019],[14.031012,59.562266],[13.949569,59.590602],[13.768494,59.784436],[13.902661,59.80753],[13.866119,59.823561],[13.8608,59.874336],[13.901565,59.881603]]]}},{"type":"Feature","properties":{"kode":"1783","navn":"Hagfors"},"geometry":{"type":"Polygon","coordinates":[[[13.901565,59.881603],[13.8608,59.874336],[13.866119,59.823561],[13.902661,59.80753],[13.768494,59.784436],[13.684041,59.778995],[13.624622,59.794121],[13.617709,59.816661],[13.624428,59.877147],[13.551965,59.872918],[13.494057,59.891515],[13.377732,59.882335],[13.325165,60.001065],[13.284995,60.042321],[13.24055,60.125186],[13.159816,60.185971],[13.208989,60.221994],[13.288323,60.197313],[13.374875,60.239051],[13.476644,60.262096],[13.511035,60.379816],[13.567935,60.421432],[13.692523,60.417553],[13.848103,60.268433],[13.967887,60.188639],[14.020466,60.100264],[13.985174,59.966408],[13.917663,59.951317],[13.901565,59.881603]]]}},{"type":"Feature","properties":{"kode":"1784","navn":"Arvika"},"geometry":{"type":"Polygon","coordinates":[[[12.587319,60.085465],[12.615595,60.021441],[12.710751,60.007396],[12.745189,59.971948],[12.690021,59.937807],[12.703995,59.885051],[12.808123,59.861588],[12.886737,59.81191],[12.903019,59.777072],[13.052004,59.699479],[13.080665,59.661728],[13.024998,59.662615],[13.053323,59.614661],[12.988841,59.611654],[12.941737,59.558098],[12.87049,59.556481],[12.825017,59.487808],[12.85494,59.442256],[12.771114,59.408607],[12.647035,59.405748],[12.578504,59.39549],[12.499184,59.418601],[12.424371,59.458322],[12.282534,59.4557],[12.314662,59.51233],[12.294598,59.594647],[12.289918,59.650045],[12.36766,59.780904],[12.483738,59.820374],[12.462473,59.848106],[12.449072,59.908016],[12.433404,59.924729],[12.470823,59.93613],[12.485059,59.987919],[12.447637,60.038984],[12.50617,60.133192],[12.584787,60.136011],[12.587319,60.085465]]]}},{"type":"Feature","properties":{"kode":"1785","navn":"Säffle"},"geometry":{"type":"Polygon","coordinates":[[[12.574384,59.134283],[12.464429,59.144891],[12.501497,59.217873],[12.452536,59.298813],[12.499184,59.418601],[12.578504,59.39549],[12.647035,59.405748],[12.771114,59.408607],[12.85494,59.442256],[12.918795,59.403267],[12.895681,59.294114],[12.925444,59.256972],[12.993813,59.243595],[13.100415,59.250376],[13.166043,59.173885],[13.224002,59.072388],[13.259599,58.919443],[13.214422,58.897788],[13.107396,58.927247],[13.076899,59.02581],[13.024478,59.026023],[12.9953,59.064995],[12.906469,59.055707],[12.89829,59.095674],[12.77259,59.070416],[12.766306,59.152785],[12.710247,59.17821],[12.638882,59.195147],[12.574384,59.134283]]]}},{"type":"Feature","properties":{"kode":"1814","navn":"Lekeberg"},"geometry":{"type":"Polygon","coordinates":[[[14.575448,59.107287],[14.591334,59.129745],[14.556709,59.163735],[14.56301,59.198597],[14.531605,59.236304],[14.606344,59.251865],[14.754149,59.263295],[14.792517,59.325373],[14.863486,59.308748],[14.887483,59.290045],[14.928608,59.256011],[14.95309,59.214994],[14.929932,59.204544],[14.947089,59.1875],[15.020838,59.209109],[15.060004,59.18401],[15.047497,59.141105],[14.990563,59.136823],[14.934953,59.094546],[14.855077,59.093329],[14.75703,59.042351],[14.699908,59.031416],[14.737072,59.135581],[14.575448,59.107287]]]}},{"type":"Feature","properties":{"kode":"1860","navn":"Laxå"},"geometry":{"type":"Polygon","coordinates":[[[14.669678,58.795527],[14.684288,58.745953],[14.625078,58.745369],[14.596436,58.705248],[14.546253,58.696937],[14.537643,58.724497],[14.468147,58.724359],[14.457643,58.797163],[14.402446,58.79916],[14.32677,58.834147],[14.37041,58.870123],[14.308396,58.893014],[14.267961,58.999743],[14.453257,59.030526],[14.460744,59.087992],[14.575448,59.107287],[14.737072,59.135581],[14.699908,59.031416],[14.661464,59.020119],[14.666584,58.992737],[14.706213,58.980772],[14.757907,58.953631],[14.642058,58.903592],[14.626665,58.824831],[14.669678,58.795527]]]}},{"type":"Feature","properties":{"kode":"1861","navn":"Hallsberg"},"geometry":{"type":"Polygon","coordinates":[[[14.82816,58.995264],[14.706213,58.980772],[14.666584,58.992737],[14.661464,59.020119],[14.699908,59.031416],[14.75703,59.042351],[14.855077,59.093329],[14.934953,59.094546],[14.928206,59.073197],[15.065517,59.074918],[15.075455,59.088862],[15.233674,59.105567],[15.280755,59.144583],[15.351951,59.175006],[15.38453,59.071819],[15.445731,59.046644],[15.42962,58.973345],[15.530669,58.944614],[15.566392,58.911165],[15.523524,58.875636],[15.439951,58.876816],[15.419401,58.830918],[15.38733,58.859904],[15.33919,58.847233],[15.308809,58.91681],[15.073882,59.031058],[14.94001,59.011081],[14.88254,59.021349],[14.82816,58.995264]]]}},{"type":"Feature","properties":{"kode":"1862","navn":"Degerfors"},"geometry":{"type":"Polygon","coordinates":[[[14.423398,59.315693],[14.460929,59.290383],[14.554308,59.298435],[14.606344,59.251865],[14.531605,59.236304],[14.56301,59.198597],[14.556709,59.163735],[14.591334,59.129745],[14.575448,59.107287],[14.460744,59.087992],[14.453257,59.030526],[14.267961,58.999743],[14.329261,59.097989],[14.280794,59.158121],[14.299456,59.182527],[14.284078,59.232042],[14.319264,59.31265],[14.423398,59.315693]]]}},{"type":"Feature","properties":{"kode":"1863","navn":"Hällefors"},"geometry":{"type":"Polygon","coordinates":[[[14.725012,59.709285],[14.766424,59.649341],[14.702588,59.598323],[14.618517,59.569991],[14.712189,59.540008],[14.707912,59.483569],[14.638474,59.509351],[14.463459,59.53241],[14.460105,59.5916],[14.420982,59.671781],[14.438549,59.707085],[14.384113,59.758467],[14.437604,59.775796],[14.416093,59.831031],[14.431103,59.908015],[14.375799,59.91967],[14.343142,59.955526],[14.462933,59.978768],[14.438478,60.025708],[14.74543,60.002923],[14.763221,59.931532],[14.908445,59.777096],[14.942555,59.728924],[14.874024,59.737889],[14.81462,59.710173],[14.725012,59.709285]]]}},{"type":"Feature","properties":{"kode":"1864","navn":"Ljusnarsberg"},"geometry":{"type":"Polygon","coordinates":[[[14.717312,60.094702],[14.79127,60.119949],[14.846162,60.122621],[14.853012,60.086111],[14.923642,60.060823],[14.993346,60.082561],[15.018525,60.064978],[15.066562,60.069708],[15.124381,60.025068],[15.216904,59.991209],[15.132778,59.841938],[15.089458,59.824322],[15.087278,59.797309],[14.908445,59.777096],[14.763221,59.931532],[14.74543,60.002923],[14.717312,60.094702]]]}},{"type":"Feature","properties":{"kode":"1880","navn":"Örebro"},"geometry":{"type":"Polygon","coordinates":[[[15.060201,59.183745],[15.020838,59.209109],[14.947089,59.1875],[14.929932,59.204544],[14.95309,59.214994],[14.928608,59.256011],[14.863486,59.308748],[14.792517,59.325373],[14.739282,59.36929],[14.78827,59.389701],[14.936259,59.385648],[14.993551,59.422429],[14.99942,59.46734],[15.066924,59.467382],[15.071789,59.439976],[15.141142,59.448931],[15.157419,59.513779],[15.265917,59.516347],[15.280774,59.454012],[15.414867,59.433911],[15.579446,59.428809],[15.641671,59.354013],[15.616884,59.322857],[15.550855,59.32847],[15.422146,59.306797],[15.281174,59.309221],[15.286202,59.283612],[15.428143,59.253987],[15.560947,59.279002],[15.641116,59.227307],[15.602078,59.195168],[15.653139,59.155993],[15.76981,59.150038],[15.771712,59.120047],[15.678523,59.11286],[15.626336,59.068828],[15.605867,59.024748],[15.632338,59.003197],[15.530669,58.944614],[15.42962,58.973345],[15.445731,59.046644],[15.38453,59.071819],[15.351951,59.175006],[15.284239,59.193252],[15.236272,59.183229],[15.162745,59.185435],[15.060201,59.183745]]]}},{"type":"Feature","properties":{"kode":"1881","navn":"Kumla"},"geometry":{"type":"Polygon","coordinates":[[[15.060201,59.183745],[15.162745,59.185435],[15.236272,59.183229],[15.284239,59.193252],[15.351951,59.175006],[15.280755,59.144583],[15.233674,59.105567],[15.075455,59.088862],[15.065517,59.074918],[14.928206,59.073197],[14.934953,59.094546],[14.990563,59.136823],[15.047497,59.141105],[15.060201,59.183745]]]}},{"type":"Feature","properties":{"kode":"1882","navn":"Askersund"},"geometry":{"type":"Polygon","coordinates":[[[14.873522,58.804814],[14.817416,58.733622],[14.721473,58.701785],[14.684288,58.745953],[14.669678,58.795527],[14.626665,58.824831],[14.642058,58.903592],[14.757907,58.953631],[14.706213,58.980772],[14.82816,58.995264],[14.88254,59.021349],[14.94001,59.011081],[15.073882,59.031058],[15.308809,58.91681],[15.33919,58.847233],[15.2474,58.875002],[15.186906,58.836742],[15.134414,58.835994],[15.085946,58.804283],[15.049838,58.764628],[15.028301,58.727799],[14.939575,58.699059],[14.979677,58.744913],[14.972886,58.779631],[14.940416,58.774137],[14.937213,58.826761],[14.873522,58.804814]]]}},{"type":"Feature","properties":{"kode":"1883","navn":"Karlskoga"},"geometry":{"type":"Polygon","coordinates":[[[14.423398,59.315693],[14.319264,59.31265],[14.318777,59.322978],[14.375398,59.397519],[14.462971,59.447496],[14.398019,59.515687],[14.417274,59.541865],[14.463459,59.53241],[14.638474,59.509351],[14.707912,59.483569],[14.681781,59.424026],[14.739282,59.36929],[14.792517,59.325373],[14.754149,59.263295],[14.606344,59.251865],[14.554308,59.298435],[14.460929,59.290383],[14.423398,59.315693]]]}},{"type":"Feature","properties":{"kode":"1884","navn":"Nora"},"geometry":{"type":"Polygon","coordinates":[[[14.99942,59.46734],[14.993551,59.422429],[14.936259,59.385648],[14.78827,59.389701],[14.739282,59.36929],[14.681781,59.424026],[14.707912,59.483569],[14.712189,59.540008],[14.618517,59.569991],[14.702588,59.598323],[14.766424,59.649341],[14.725012,59.709285],[14.81462,59.710173],[14.874024,59.737889],[14.942555,59.728924],[14.955893,59.650467],[14.992871,59.639499],[14.983853,59.596562],[15.098583,59.59954],[15.160646,59.556433],[15.157419,59.513779],[15.141142,59.448931],[15.071789,59.439976],[15.066924,59.467382],[14.99942,59.46734]]]}},{"type":"Feature","properties":{"kode":"1885","navn":"Lindesberg"},"geometry":{"type":"Polygon","coordinates":[[[15.613402,59.525836],[15.709368,59.529947],[15.673606,59.493391],[15.705865,59.478851],[15.707509,59.424438],[15.579446,59.428809],[15.414867,59.433911],[15.280774,59.454012],[15.265917,59.516347],[15.157419,59.513779],[15.160646,59.556433],[15.098583,59.59954],[14.983853,59.596562],[14.992871,59.639499],[14.955893,59.650467],[14.942555,59.728924],[14.908445,59.777096],[15.087278,59.797309],[15.089458,59.824322],[15.132778,59.841938],[15.216904,59.991209],[15.324644,59.92931],[15.401803,59.861148],[15.407305,59.816195],[15.481699,59.795774],[15.534763,59.708325],[15.489907,59.657751],[15.533646,59.629943],[15.598776,59.633492],[15.610528,59.591179],[15.613402,59.525836]]]}},{"type":"Feature","properties":{"kode":"1904","navn":"Skinnskatteberg"},"geometry":{"type":"Polygon","coordinates":[[[15.825966,59.64206],[15.757509,59.655121],[15.745109,59.693874],[15.688576,59.697129],[15.637018,59.691049],[15.534763,59.708325],[15.481699,59.795774],[15.407305,59.816195],[15.401803,59.861148],[15.481581,59.906186],[15.53021,59.9614],[15.609005,59.958778],[15.677986,59.945194],[15.774365,59.89499],[15.88793,59.902842],[15.927237,59.856452],[15.986245,59.802818],[15.989995,59.719264],[15.952172,59.676235],[15.867587,59.666777],[15.825966,59.64206]]]}},{"type":"Feature","properties":{"kode":"1907","navn":"Surahammar"},"geometry":{"type":"Polygon","coordinates":[[[15.989995,59.719264],[15.986245,59.802818],[15.927237,59.856452],[16.109371,59.90412],[16.209827,59.863577],[16.212916,59.818078],[16.278814,59.786819],[16.2887,59.773364],[16.288061,59.715201],[16.263542,59.682651],[16.229117,59.666654],[16.17182,59.681052],[16.119783,59.658863],[15.989995,59.719264]]]}},{"type":"Feature","properties":{"kode":"1960","navn":"Kungsör"},"geometry":{"type":"Polygon","coordinates":[[[15.938514,59.499526],[15.958405,59.478401],[16.058368,59.479604],[16.087018,59.436181],[16.230844,59.442706],[16.224054,59.415045],[16.272572,59.395698],[16.259397,59.37114],[16.135298,59.357111],[16.051837,59.364044],[15.997612,59.374601],[15.979825,59.41914],[15.915496,59.417575],[15.872963,59.473247],[15.938514,59.499526]]]}},{"type":"Feature","properties":{"kode":"1961","navn":"Hallstahammar"},"geometry":{"type":"Polygon","coordinates":[[[16.241001,59.498256],[16.083754,59.628442],[16.119783,59.658863],[16.17182,59.681052],[16.229117,59.666654],[16.263542,59.682651],[16.324995,59.606305],[16.302442,59.573278],[16.345505,59.559698],[16.241001,59.498256]]]}},{"type":"Feature","properties":{"kode":"1962","navn":"Norberg"},"geometry":{"type":"Polygon","coordinates":[[[15.715437,60.135588],[15.755039,60.149612],[15.779133,60.182182],[15.893995,60.168739],[15.96675,60.198883],[16.019345,60.190939],[16.052966,60.150303],[16.106675,60.147088],[16.170646,60.126922],[16.153256,60.086291],[16.191787,60.076096],[16.193438,60.000498],[16.138649,59.998385],[16.093813,59.948549],[16.058527,59.995976],[16.010019,59.989803],[15.892713,60.013042],[15.86163,60.049275],[15.822499,60.037069],[15.709544,60.018229],[15.662695,60.04987],[15.718567,60.102812],[15.715437,60.135588]]]}},{"type":"Feature","properties":{"kode":"1980","navn":"Västerås"},"geometry":{"type":"Polygon","coordinates":[[[16.596395,59.812076],[16.607398,59.771455],[16.656888,59.768254],[16.686545,59.798965],[16.744213,59.781288],[16.794643,59.732006],[16.869038,59.674441],[16.904821,59.567403],[16.820369,59.572454],[16.792697,59.548894],[16.713356,59.532375],[16.655934,59.572419],[16.584156,59.598851],[16.515352,59.58153],[16.550631,59.552044],[16.484896,59.518199],[16.446078,59.491671],[16.324951,59.477601],[16.241001,59.498256],[16.345505,59.559698],[16.302442,59.573278],[16.324995,59.606305],[16.263542,59.682651],[16.288061,59.715201],[16.2887,59.773364],[16.278814,59.786819],[16.454513,59.848323],[16.596395,59.812076]]]}},{"type":"Feature","properties":{"kode":"1981","navn":"Sala"},"geometry":{"type":"Polygon","coordinates":[[[16.420517,60.124234],[16.515592,60.15452],[16.516326,60.185294],[16.570182,60.196386],[16.720444,60.199907],[16.735121,60.11869],[16.692976,60.11054],[16.721797,60.041552],[16.691925,60.010841],[16.789642,59.97001],[16.798548,59.922243],[16.778159,59.899998],[16.831257,59.860217],[16.799754,59.818753],[16.744213,59.781288],[16.686545,59.798965],[16.656888,59.768254],[16.607398,59.771455],[16.596395,59.812076],[16.454513,59.848323],[16.278814,59.786819],[16.212916,59.818078],[16.209827,59.863577],[16.109371,59.90412],[16.093813,59.948549],[16.138649,59.998385],[16.193438,60.000498],[16.191787,60.076096],[16.377821,60.085192],[16.420517,60.124234]]]}},{"type":"Feature","properties":{"kode":"1982","navn":"Fagersta"},"geometry":{"type":"Polygon","coordinates":[[[15.86163,60.049275],[15.892713,60.013042],[16.010019,59.989803],[16.058527,59.995976],[16.093813,59.948549],[16.109371,59.90412],[15.927237,59.856452],[15.88793,59.902842],[15.774365,59.89499],[15.677986,59.945194],[15.709544,60.018229],[15.822499,60.037069],[15.86163,60.049275]]]}},{"type":"Feature","properties":{"kode":"1983","navn":"Köping"},"geometry":{"type":"Polygon","coordinates":[[[15.989995,59.719264],[16.119783,59.658863],[16.083754,59.628442],[16.241001,59.498256],[16.175422,59.477864],[16.058368,59.479604],[15.958405,59.478401],[15.938514,59.499526],[15.872963,59.473247],[15.822527,59.475641],[15.741823,59.541951],[15.709368,59.529947],[15.613402,59.525836],[15.610528,59.591179],[15.598776,59.633492],[15.533646,59.629943],[15.489907,59.657751],[15.534763,59.708325],[15.637018,59.691049],[15.688576,59.697129],[15.745109,59.693874],[15.757509,59.655121],[15.825966,59.64206],[15.867587,59.666777],[15.952172,59.676235],[15.989995,59.719264]]]}},{"type":"Feature","properties":{"kode":"1984","navn":"Arboga"},"geometry":{"type":"Polygon","coordinates":[[[15.757887,59.32007],[15.616884,59.322857],[15.641671,59.354013],[15.579446,59.428809],[15.707509,59.424438],[15.705865,59.478851],[15.673606,59.493391],[15.709368,59.529947],[15.741823,59.541951],[15.822527,59.475641],[15.872963,59.473247],[15.915496,59.417575],[15.979825,59.41914],[15.997612,59.374601],[15.926156,59.342666],[15.854415,59.299668],[15.795833,59.285232],[15.757887,59.32007]]]}},{"type":"Feature","properties":{"kode":"2021","navn":"Vansbro"},"geometry":{"type":"Polygon","coordinates":[[[14.388293,60.262354],[14.137801,60.244321],[14.038721,60.238504],[14.018789,60.268275],[13.949476,60.266784],[13.907712,60.437379],[13.910425,60.572672],[14.00636,60.595617],[14.019491,60.672691],[14.369394,60.693181],[14.401878,60.646518],[14.54533,60.574148],[14.635945,60.389702],[14.60623,60.333309],[14.635233,60.284908],[14.525479,60.239595],[14.388293,60.262354]]]}},{"type":"Feature","properties":{"kode":"2023","navn":"Malung-Sälen"},"geometry":{"type":"Polygon","coordinates":[[[12.697853,61.154089],[12.781123,61.187375],[12.827477,61.247101],[12.862241,61.36068],[13.115284,61.525595],[13.166139,61.444452],[13.361366,61.285792],[13.41844,61.159176],[13.520334,61.101126],[13.545698,61.039992],[13.616063,60.904287],[13.609793,60.868453],[13.906162,60.870709],[14.025222,60.815069],[13.946351,60.748062],[14.019491,60.672691],[14.00636,60.595617],[13.910425,60.572672],[13.907712,60.437379],[13.949476,60.266784],[13.967887,60.188639],[13.848103,60.268433],[13.692523,60.417553],[13.567935,60.421432],[13.496922,60.447128],[13.437296,60.527061],[13.30525,60.636783],[13.260155,60.698014],[13.205035,60.698266],[13.175488,60.766094],[12.702421,61.007962],[12.676351,61.058077],[12.697853,61.154089]]]}},{"type":"Feature","properties":{"kode":"2026","navn":"Gagnef"},"geometry":{"type":"Polygon","coordinates":[[[15.209096,60.619357],[15.309093,60.626283],[15.237039,60.563618],[15.256444,60.535455],[15.158747,60.475465],[15.084095,60.45223],[15.08943,60.409751],[15.007246,60.367564],[14.812226,60.377413],[14.737103,60.314267],[14.698773,60.287222],[14.635233,60.284908],[14.60623,60.333309],[14.635945,60.389702],[14.54533,60.574148],[14.73922,60.57084],[14.909766,60.544307],[15.083747,60.634919],[15.209096,60.619357]]]}},{"type":"Feature","properties":{"kode":"2029","navn":"Leksand"},"geometry":{"type":"Polygon","coordinates":[[[15.209096,60.619357],[15.083747,60.634919],[14.909766,60.544307],[14.73922,60.57084],[14.54533,60.574148],[14.401878,60.646518],[14.369394,60.693181],[14.431153,60.701172],[14.481026,60.747632],[14.561436,60.76193],[14.671344,60.828974],[14.735211,60.780701],[14.907282,60.82466],[14.965743,60.753033],[14.982454,60.829945],[15.05743,60.845435],[15.224065,60.817562],[15.336308,60.855068],[15.45682,60.86311],[15.561751,60.899044],[15.614009,60.879287],[15.650927,60.85251],[15.486972,60.801764],[15.366267,60.79197],[15.34225,60.767918],[15.262727,60.743171],[15.310558,60.693609],[15.374211,60.713737],[15.416973,60.67525],[15.309093,60.626283],[15.209096,60.619357]]]}},{"type":"Feature","properties":{"kode":"2031","navn":"Rättvik"},"geometry":{"type":"Polygon","coordinates":[[[15.051797,61.347225],[15.069329,61.492819],[15.159003,61.604057],[15.230177,61.512422],[15.654328,61.223419],[15.680776,61.131445],[15.758128,61.060178],[15.688654,61.040508],[15.673161,60.976193],[15.614009,60.879287],[15.561751,60.899044],[15.45682,60.86311],[15.336308,60.855068],[15.224065,60.817562],[15.05743,60.845435],[15.119647,60.880833],[15.036724,60.908582],[14.983154,60.884149],[14.88481,60.961368],[14.924502,61.024494],[15.033354,61.056421],[15.060339,61.082788],[15.062787,61.144151],[15.007255,61.197573],[15.051797,61.347225]]]}},{"type":"Feature","properties":{"kode":"2034","navn":"Orsa"},"geometry":{"type":"Polygon","coordinates":[[[14.689417,61.057627],[14.559129,61.076446],[14.535754,61.18052],[14.381969,61.308593],[14.365761,61.39603],[14.305601,61.452893],[14.338913,61.54352],[14.414767,61.586193],[14.50071,61.630193],[14.657633,61.601269],[14.684106,61.547633],[14.647645,61.500553],[14.748401,61.512061],[14.8026,61.500437],[14.917189,61.505748],[15.069329,61.492819],[15.051797,61.347225],[15.007255,61.197573],[15.062787,61.144151],[15.060339,61.082788],[15.033354,61.056421],[14.689417,61.057627]]]}},{"type":"Feature","properties":{"kode":"2039","navn":"Älvdalen"},"geometry":{"type":"Polygon","coordinates":[[[13.890143,61.651151],[13.98311,61.634669],[14.060713,61.571855],[14.088355,61.460538],[14.196305,61.280729],[14.189193,61.225066],[14.34249,61.11168],[14.240889,61.107201],[14.150951,61.143667],[14.05935,61.133178],[13.941653,61.062368],[13.759942,61.066296],[13.545698,61.039992],[13.520334,61.101126],[13.41844,61.159176],[13.361366,61.285792],[13.166139,61.444452],[13.115284,61.525595],[12.862241,61.36068],[12.582826,61.574027],[12.434672,61.567805],[12.160873,61.725301],[12.302155,62.261555],[12.616763,62.221579],[12.795611,62.230349],[12.940475,62.146316],[13.038407,62.085343],[13.159384,62.027066],[13.295743,62.061891],[13.322741,62.017635],[13.371347,62.010449],[13.209214,61.935162],[13.416055,61.826638],[13.514494,61.736364],[13.506631,61.691561],[13.564702,61.655054],[13.613094,61.671225],[13.890143,61.651151]]]}},{"type":"Feature","properties":{"kode":"2061","navn":"Smedjebacken"},"geometry":{"type":"Polygon","coordinates":[[[15.715437,60.135588],[15.718567,60.102812],[15.662695,60.04987],[15.709544,60.018229],[15.677986,59.945194],[15.609005,59.958778],[15.53021,59.9614],[15.481581,59.906186],[15.401803,59.861148],[15.324644,59.92931],[15.216904,59.991209],[15.124381,60.025068],[15.223434,60.108462],[15.220557,60.144801],[15.251969,60.188342],[15.239081,60.283105],[15.463351,60.270979],[15.513193,60.250133],[15.646966,60.22034],[15.779133,60.182182],[15.755039,60.149612],[15.715437,60.135588]]]}},{"type":"Feature","properties":{"kode":"2062","navn":"Mora"},"geometry":{"type":"Polygon","coordinates":[[[14.689417,61.057627],[15.033354,61.056421],[14.924502,61.024494],[14.88481,60.961368],[14.983154,60.884149],[14.907662,60.860805],[14.746354,60.93922],[14.686774,60.938486],[14.602256,60.996715],[14.552538,60.971947],[14.56727,60.935123],[14.640776,60.931642],[14.691057,60.905744],[14.644011,60.893534],[14.566175,60.89361],[14.671344,60.828974],[14.561436,60.76193],[14.481026,60.747632],[14.431153,60.701172],[14.369394,60.693181],[14.019491,60.672691],[13.946351,60.748062],[14.025222,60.815069],[13.906162,60.870709],[13.609793,60.868453],[13.616063,60.904287],[13.545698,61.039992],[13.759942,61.066296],[13.941653,61.062368],[14.05935,61.133178],[14.150951,61.143667],[14.240889,61.107201],[14.34249,61.11168],[14.189193,61.225066],[14.196305,61.280729],[14.088355,61.460538],[14.060713,61.571855],[13.98311,61.634669],[14.201412,61.632632],[14.356781,61.61317],[14.414767,61.586193],[14.338913,61.54352],[14.305601,61.452893],[14.365761,61.39603],[14.381969,61.308593],[14.535754,61.18052],[14.559129,61.076446],[14.689417,61.057627]]]}},{"type":"Feature","properties":{"kode":"2080","navn":"Falun"},"geometry":{"type":"Polygon","coordinates":[[[16.305024,60.713187],[16.322181,60.679529],[16.241309,60.618571],[16.147219,60.604877],[15.976797,60.582306],[15.786079,60.4629],[15.692845,60.456121],[15.632337,60.525889],[15.567249,60.545801],[15.529607,60.526163],[15.356108,60.586242],[15.309093,60.626283],[15.416973,60.67525],[15.374211,60.713737],[15.310558,60.693609],[15.262727,60.743171],[15.34225,60.767918],[15.366267,60.79197],[15.486972,60.801764],[15.650927,60.85251],[15.614009,60.879287],[15.673161,60.976193],[15.688654,61.040508],[15.758128,61.060178],[15.934124,61.012207],[16.142576,61.000723],[16.240202,60.878375],[16.40095,60.78771],[16.374823,60.739772],[16.305024,60.713187]]]}},{"type":"Feature","properties":{"kode":"2081","navn":"Borlänge"},"geometry":{"type":"Polygon","coordinates":[[[15.200627,60.306854],[15.148525,60.329493],[15.08943,60.409751],[15.084095,60.45223],[15.158747,60.475465],[15.256444,60.535455],[15.237039,60.563618],[15.309093,60.626283],[15.356108,60.586242],[15.529607,60.526163],[15.567249,60.545801],[15.632337,60.525889],[15.692845,60.456121],[15.549448,60.438185],[15.552245,60.387346],[15.492842,60.383386],[15.391642,60.340045],[15.331085,60.31437],[15.200627,60.306854]]]}},{"type":"Feature","properties":{"kode":"2082","navn":"Säter"},"geometry":{"type":"Polygon","coordinates":[[[15.200627,60.306854],[15.331085,60.31437],[15.391642,60.340045],[15.492842,60.383386],[15.552245,60.387346],[15.549448,60.438185],[15.692845,60.456121],[15.786079,60.4629],[15.976797,60.582306],[16.147219,60.604877],[15.966876,60.512242],[15.912423,60.424843],[15.957272,60.398683],[15.833326,60.355172],[15.768973,60.284624],[15.7461,60.249719],[15.646966,60.22034],[15.513193,60.250133],[15.463351,60.270979],[15.239081,60.283105],[15.200627,60.306854]]]}},{"type":"Feature","properties":{"kode":"2083","navn":"Hedemora"},"geometry":{"type":"Polygon","coordinates":[[[16.30105,60.483254],[16.403111,60.381525],[16.339361,60.361286],[16.30586,60.316215],[16.335422,60.289023],[16.257622,60.255732],[16.199292,60.241161],[16.147245,60.251554],[16.085772,60.253429],[16.069296,60.216358],[16.019345,60.190939],[15.96675,60.198883],[15.893995,60.168739],[15.779133,60.182182],[15.646966,60.22034],[15.7461,60.249719],[15.768973,60.284624],[15.833326,60.355172],[15.957272,60.398683],[15.912423,60.424843],[15.966876,60.512242],[16.147219,60.604877],[16.23331,60.519988],[16.275365,60.512004],[16.30105,60.483254]]]}},{"type":"Feature","properties":{"kode":"2084","navn":"Avesta"},"geometry":{"type":"Polygon","coordinates":[[[16.420517,60.124234],[16.377821,60.085192],[16.191787,60.076096],[16.153256,60.086291],[16.170646,60.126922],[16.106675,60.147088],[16.052966,60.150303],[16.019345,60.190939],[16.069296,60.216358],[16.085772,60.253429],[16.147245,60.251554],[16.199292,60.241161],[16.257622,60.255732],[16.335422,60.289023],[16.30586,60.316215],[16.339361,60.361286],[16.403111,60.381525],[16.520663,60.364522],[16.579091,60.340896],[16.587629,60.304083],[16.628379,60.29242],[16.639295,60.237322],[16.720444,60.199907],[16.570182,60.196386],[16.516326,60.185294],[16.515592,60.15452],[16.420517,60.124234]]]}},{"type":"Feature","properties":{"kode":"2085","navn":"Ludvika"},"geometry":{"type":"Polygon","coordinates":[[[14.388293,60.262354],[14.525479,60.239595],[14.635233,60.284908],[14.698773,60.287222],[14.737103,60.314267],[14.812226,60.377413],[15.007246,60.367564],[15.08943,60.409751],[15.148525,60.329493],[15.200627,60.306854],[15.239081,60.283105],[15.251969,60.188342],[15.220557,60.144801],[15.223434,60.108462],[15.124381,60.025068],[15.066562,60.069708],[15.018525,60.064978],[14.993346,60.082561],[14.923642,60.060823],[14.853012,60.086111],[14.846162,60.122621],[14.79127,60.119949],[14.717312,60.094702],[14.74543,60.002923],[14.438478,60.025708],[14.215401,60.098733],[14.186581,60.175901],[14.137801,60.244321],[14.388293,60.262354]]]}},{"type":"Feature","properties":{"kode":"2101","navn":"Ockelbo"},"geometry":{"type":"Polygon","coordinates":[[[16.874918,60.927812],[16.911222,60.871047],[16.941401,60.832794],[16.93526,60.784199],[16.85876,60.775853],[16.725045,60.761458],[16.641914,60.783038],[16.562664,60.79162],[16.40095,60.78771],[16.240202,60.878375],[16.142576,61.000723],[16.310878,61.049937],[16.50179,61.051039],[16.558498,61.090458],[16.764286,61.067323],[16.801461,61.039556],[16.899979,61.044135],[16.874918,60.927812]]]}},{"type":"Feature","properties":{"kode":"2104","navn":"Hofors"},"geometry":{"type":"Polygon","coordinates":[[[16.30105,60.483254],[16.275365,60.512004],[16.23331,60.519988],[16.147219,60.604877],[16.241309,60.618571],[16.41936,60.599262],[16.58716,60.523545],[16.659868,60.451827],[16.617218,60.401946],[16.520663,60.364522],[16.403111,60.381525],[16.30105,60.483254]]]}},{"type":"Feature","properties":{"kode":"2121","navn":"Ovanåker"},"geometry":{"type":"Polygon","coordinates":[[[15.465418,61.615408],[15.672099,61.636956],[15.773081,61.584381],[16.030595,61.547036],[16.204388,61.476639],[16.198797,61.440724],[16.28015,61.390652],[16.138037,61.264916],[15.934124,61.012207],[15.758128,61.060178],[15.680776,61.131445],[15.654328,61.223419],[15.230177,61.512422],[15.32029,61.579557],[15.426488,61.579455],[15.465418,61.615408]]]}},{"type":"Feature","properties":{"kode":"2132","navn":"Nordanstig"},"geometry":{"type":"Polygon","coordinates":[[[17.023296,61.845498],[16.952725,61.853597],[16.78477,61.978362],[16.712804,62.064398],[16.060143,62.250926],[16.240298,62.253632],[16.512829,62.248667],[16.794743,62.215346],[16.905734,62.183104],[16.969315,62.188204],[17.092418,62.17136],[17.142904,62.184479],[17.237079,62.1621],[17.328399,62.168864],[17.479604,62.147396],[17.435483,62.012903],[17.359142,61.952592],[17.316843,61.863987],[17.219009,61.883701],[17.023296,61.845498]]]}},{"type":"Feature","properties":{"kode":"2161","navn":"Ljusdal"},"geometry":{"type":"Polygon","coordinates":[[[15.465418,61.615408],[15.426488,61.579455],[15.32029,61.579557],[15.230177,61.512422],[15.159003,61.604057],[15.069329,61.492819],[14.917189,61.505748],[14.8026,61.500437],[14.748401,61.512061],[14.647645,61.500553],[14.684106,61.547633],[14.657633,61.601269],[14.50071,61.630193],[14.526654,61.791603],[14.689922,61.912376],[14.728828,61.879851],[14.798314,61.900076],[14.872801,61.838701],[14.895653,61.890023],[15.039991,61.884829],[15.103645,61.861812],[15.102924,61.908847],[15.111461,61.962677],[15.083311,62.007471],[15.412336,62.128389],[15.395618,62.203425],[15.334448,62.222809],[15.324409,62.289029],[15.478563,62.352944],[15.620002,62.358258],[16.021489,62.270794],[16.174834,62.117873],[16.160563,62.093325],[16.261427,61.908167],[16.334081,61.878566],[16.290363,61.801394],[16.615555,61.639973],[16.297845,61.657801],[16.030595,61.547036],[15.773081,61.584381],[15.672099,61.636956],[15.465418,61.615408]]]}},{"type":"Feature","properties":{"kode":"2180","navn":"Gävle"},"geometry":{"type":"Polygon","coordinates":[[[16.874918,60.927812],[16.899979,61.044135],[17.158064,61.056908],[17.143363,61.031868],[17.220532,61.00132],[17.161617,60.952594],[17.270565,60.852702],[17.237402,60.802282],[17.344046,60.74783],[17.216485,60.691128],[17.350779,60.652334],[17.300786,60.471137],[17.204103,60.428712],[17.199525,60.309193],[17.100408,60.268714],[16.905763,60.287133],[16.903753,60.35079],[16.798524,60.381244],[16.787832,60.436362],[16.880396,60.439411],[16.942225,60.516998],[16.877096,60.561184],[16.860717,60.622124],[16.85876,60.775853],[16.93526,60.784199],[16.941401,60.832794],[16.911222,60.871047],[16.874918,60.927812]]]}},{"type":"Feature","properties":{"kode":"2181","navn":"Sandviken"},"geometry":{"type":"Polygon","coordinates":[[[16.305024,60.713187],[16.374823,60.739772],[16.40095,60.78771],[16.562664,60.79162],[16.641914,60.783038],[16.725045,60.761458],[16.85876,60.775853],[16.860717,60.622124],[16.877096,60.561184],[16.942225,60.516998],[16.880396,60.439411],[16.787832,60.436362],[16.798524,60.381244],[16.903753,60.35079],[16.905763,60.287133],[16.864997,60.262591],[16.881165,60.241583],[16.797437,60.201707],[16.720444,60.199907],[16.639295,60.237322],[16.628379,60.29242],[16.587629,60.304083],[16.579091,60.340896],[16.520663,60.364522],[16.617218,60.401946],[16.659868,60.451827],[16.58716,60.523545],[16.41936,60.599262],[16.241309,60.618571],[16.322181,60.679529],[16.305024,60.713187]]]}},{"type":"Feature","properties":{"kode":"2182","navn":"Söderhamn"},"geometry":{"type":"Polygon","coordinates":[[[16.687553,61.492893],[16.736032,61.535226],[16.900605,61.459574],[17.043059,61.454068],[17.105976,61.418517],[17.120146,61.367376],[17.239533,61.297798],[17.20226,61.234909],[17.132322,61.201405],[17.158064,61.056908],[16.899979,61.044135],[16.801461,61.039556],[16.764286,61.067323],[16.558498,61.090458],[16.710283,61.170473],[16.737141,61.254033],[16.653369,61.319107],[16.70552,61.330376],[16.735461,61.397421],[16.687553,61.492893]]]}},{"type":"Feature","properties":{"kode":"2183","navn":"Bollnäs"},"geometry":{"type":"Polygon","coordinates":[[[16.687553,61.492893],[16.735461,61.397421],[16.70552,61.330376],[16.653369,61.319107],[16.737141,61.254033],[16.710283,61.170473],[16.558498,61.090458],[16.50179,61.051039],[16.310878,61.049937],[16.142576,61.000723],[15.934124,61.012207],[16.138037,61.264916],[16.28015,61.390652],[16.198797,61.440724],[16.204388,61.476639],[16.030595,61.547036],[16.297845,61.657801],[16.615555,61.639973],[16.605923,61.517867],[16.687553,61.492893]]]}},{"type":"Feature","properties":{"kode":"2184","navn":"Hudiksvall"},"geometry":{"type":"Polygon","coordinates":[[[16.687553,61.492893],[16.605923,61.517867],[16.615555,61.639973],[16.290363,61.801394],[16.334081,61.878566],[16.261427,61.908167],[16.160563,62.093325],[16.174834,62.117873],[16.021489,62.270794],[16.060143,62.250926],[16.712804,62.064398],[16.78477,61.978362],[16.952725,61.853597],[17.023296,61.845498],[17.219009,61.883701],[17.316843,61.863987],[17.386391,61.827297],[17.379838,61.767814],[17.413575,61.740138],[17.507281,61.72113],[17.469905,61.636465],[17.408505,61.647851],[17.373814,61.684683],[17.269423,61.706119],[17.224595,61.658243],[17.174061,61.603453],[17.113035,61.55117],[17.178916,61.477881],[17.105976,61.418517],[17.043059,61.454068],[16.900605,61.459574],[16.736032,61.535226],[16.687553,61.492893]]]}},{"type":"Feature","properties":{"kode":"2260","navn":"Ånge"},"geometry":{"type":"Polygon","coordinates":[[[16.128087,62.700169],[16.25288,62.723974],[16.368057,62.707762],[16.390457,62.665411],[16.557878,62.603109],[16.446799,62.515352],[16.421686,62.453383],[16.465246,62.42728],[16.409588,62.381582],[16.411735,62.347028],[16.240298,62.253632],[16.060143,62.250926],[16.021489,62.270794],[15.620002,62.358258],[15.478563,62.352944],[15.324409,62.289029],[15.273121,62.307289],[15.15901,62.267744],[14.947076,62.325007],[14.868639,62.408254],[14.805449,62.416015],[14.780339,62.466585],[14.835197,62.46766],[14.800958,62.541526],[14.794781,62.601457],[14.916393,62.613258],[15.077754,62.604385],[15.141229,62.574196],[15.256075,62.611967],[15.595408,62.634607],[15.96339,62.718257],[16.128087,62.700169]]]}},{"type":"Feature","properties":{"kode":"2262","navn":"Timrå"},"geometry":{"type":"Polygon","coordinates":[[[17.231348,62.451081],[17.190018,62.495477],[17.215234,62.513837],[17.241988,62.601069],[17.145336,62.6199],[16.966438,62.719974],[16.96103,62.754771],[17.167493,62.860346],[17.419493,62.727639],[17.444253,62.69335],[17.565899,62.616358],[17.651804,62.601558],[17.660085,62.553774],[17.748679,62.511457],[17.676283,62.481821],[17.695988,62.433252],[17.548605,62.450382],[17.47707,62.522307],[17.388653,62.507496],[17.231348,62.451081]]]}},{"type":"Feature","properties":{"kode":"2280","navn":"Härnösand"},"geometry":{"type":"Polygon","coordinates":[[[17.238461,62.909895],[17.338239,62.91504],[17.486287,62.875855],[17.734101,62.879498],[18.007668,62.7858],[18.021086,62.750943],[18.157012,62.754203],[18.048103,62.678151],[17.976178,62.652219],[18.062559,62.61532],[17.906395,62.560688],[17.846104,62.484839],[17.748679,62.511457],[17.660085,62.553774],[17.651804,62.601558],[17.565899,62.616358],[17.444253,62.69335],[17.419493,62.727639],[17.167493,62.860346],[17.238461,62.909895]]]}},{"type":"Feature","properties":{"kode":"2281","navn":"Sundsvall"},"geometry":{"type":"Polygon","coordinates":[[[17.231348,62.451081],[17.388653,62.507496],[17.389511,62.480823],[17.493224,62.461311],[17.511388,62.382015],[17.434111,62.372573],[17.414303,62.333925],[17.492657,62.272455],[17.641938,62.251572],[17.612037,62.206352],[17.52381,62.197734],[17.479604,62.147396],[17.328399,62.168864],[17.237079,62.1621],[17.142904,62.184479],[17.092418,62.17136],[16.969315,62.188204],[16.905734,62.183104],[16.794743,62.215346],[16.512829,62.248667],[16.240298,62.253632],[16.411735,62.347028],[16.409588,62.381582],[16.465246,62.42728],[16.421686,62.453383],[16.446799,62.515352],[16.557878,62.603109],[16.390457,62.665411],[16.368057,62.707762],[16.397544,62.775543],[16.47262,62.821972],[16.660463,62.93246],[17.011873,62.954245],[17.167493,62.860346],[16.96103,62.754771],[16.966438,62.719974],[17.145336,62.6199],[17.241988,62.601069],[17.215234,62.513837],[17.190018,62.495477],[17.231348,62.451081]]]}},{"type":"Feature","properties":{"kode":"2282","navn":"Kramfors"},"geometry":{"type":"Polygon","coordinates":[[[17.306444,63.063506],[17.652974,63.131982],[17.765676,63.120887],[17.858833,63.147384],[17.97817,63.15568],[18.028185,63.208041],[18.355567,63.131347],[18.501244,63.081515],[18.485888,63.034693],[18.401341,63.033467],[18.378987,63.004125],[18.542253,62.990585],[18.489709,62.921568],[18.382595,62.84373],[18.269365,62.884534],[18.218629,62.864468],[18.276693,62.836712],[18.135318,62.772086],[18.007668,62.7858],[17.734101,62.879498],[17.486287,62.875855],[17.338239,62.91504],[17.287473,62.939451],[17.228214,62.979506],[17.223041,63.039723],[17.330532,63.038384],[17.306444,63.063506]]]}},{"type":"Feature","properties":{"kode":"2283","navn":"Sollefteå"},"geometry":{"type":"Polygon","coordinates":[[[17.238461,62.909895],[17.167493,62.860346],[17.011873,62.954245],[16.601936,63.184253],[16.126342,63.379464],[16.135214,63.440556],[16.055428,63.45934],[15.983292,63.446896],[15.972487,63.516264],[15.990994,63.564174],[15.797019,63.67386],[15.878182,63.687766],[15.98837,63.65847],[16.097618,63.699746],[16.25129,63.666082],[16.302557,63.688639],[16.371276,63.672158],[16.613424,63.718358],[16.574649,63.822061],[16.587803,63.893822],[16.724118,64.026864],[16.845068,63.967909],[17.260583,63.92981],[17.323892,63.892043],[17.179676,63.891785],[17.207575,63.824756],[17.270867,63.817247],[17.230132,63.779826],[17.227971,63.721877],[17.294481,63.737743],[17.323156,63.712375],[17.27045,63.662987],[17.333886,63.593714],[17.260846,63.569195],[17.28033,63.489947],[17.414034,63.514245],[17.466093,63.362029],[17.540097,63.340951],[17.542584,63.299005],[17.82024,63.28445],[18.028185,63.208041],[17.97817,63.15568],[17.858833,63.147384],[17.765676,63.120887],[17.652974,63.131982],[17.306444,63.063506],[17.330532,63.038384],[17.223041,63.039723],[17.228214,62.979506],[17.287473,62.939451],[17.338239,62.91504],[17.238461,62.909895]]]}},{"type":"Feature","properties":{"kode":"2284","navn":"Örnsköldsvik"},"geometry":{"type":"Polygon","coordinates":[[[18.800369,63.796731],[18.902628,63.802054],[18.963882,63.768412],[19.18125,63.608222],[19.177367,63.56659],[19.278152,63.479299],[19.228236,63.340294],[19.114376,63.3289],[19.099035,63.246225],[19.018089,63.203131],[18.935769,63.231178],[18.719129,63.168882],[18.607964,63.173327],[18.501244,63.081515],[18.355567,63.131347],[18.028185,63.208041],[17.82024,63.28445],[17.542584,63.299005],[17.540097,63.340951],[17.466093,63.362029],[17.414034,63.514245],[17.28033,63.489947],[17.260846,63.569195],[17.333886,63.593714],[17.27045,63.662987],[17.323156,63.712375],[17.294481,63.737743],[17.227971,63.721877],[17.230132,63.779826],[17.270867,63.817247],[17.207575,63.824756],[17.179676,63.891785],[17.323892,63.892043],[17.260583,63.92981],[17.707463,63.893288],[18.381775,64.008343],[18.473118,63.967441],[18.424593,63.92532],[18.487801,63.849937],[18.632446,63.839741],[18.750911,63.825804],[18.800369,63.796731]]]}},{"type":"Feature","properties":{"kode":"2303","navn":"Ragunda"},"geometry":{"type":"Polygon","coordinates":[[[15.485736,63.365692],[15.557579,63.441706],[15.654873,63.458511],[15.780563,63.520868],[15.972487,63.516264],[15.983292,63.446896],[16.055428,63.45934],[16.135214,63.440556],[16.126342,63.379464],[16.601936,63.184253],[17.011873,62.954245],[16.660463,62.93246],[16.47262,62.821972],[16.437588,62.903725],[16.391398,62.937174],[16.437976,63.003376],[16.344689,63.068474],[16.14509,63.083202],[16.056075,63.079016],[16.016657,63.095632],[15.972592,63.06542],[15.910463,63.086849],[15.764502,63.078248],[15.702905,63.056119],[15.617891,63.082209],[15.524143,63.074319],[15.41928,63.117555],[15.320513,63.148956],[15.309703,63.191677],[15.232815,63.188175],[15.23179,63.249707],[15.34154,63.320347],[15.471845,63.263279],[15.545448,63.315683],[15.485736,63.365692]]]}},{"type":"Feature","properties":{"kode":"2305","navn":"Bräcke"},"geometry":{"type":"Polygon","coordinates":[[[16.128087,62.700169],[15.96339,62.718257],[15.595408,62.634607],[15.256075,62.611967],[15.141229,62.574196],[15.077754,62.604385],[14.916393,62.613258],[14.863424,62.679605],[14.873571,62.724313],[14.78528,62.751872],[14.751682,62.813033],[14.812713,62.821096],[14.774048,62.906587],[14.760644,62.940916],[14.877135,62.930176],[14.929151,62.915113],[15.053899,62.990609],[15.015387,63.046653],[15.060243,63.068044],[15.11016,63.060251],[15.131409,63.099014],[15.103029,63.147369],[15.270231,63.128498],[15.320513,63.148956],[15.41928,63.117555],[15.524143,63.074319],[15.617891,63.082209],[15.702905,63.056119],[15.764502,63.078248],[15.910463,63.086849],[15.972592,63.06542],[16.016657,63.095632],[16.056075,63.079016],[16.14509,63.083202],[16.344689,63.068474],[16.437976,63.003376],[16.391398,62.937174],[16.437588,62.903725],[16.47262,62.821972],[16.397544,62.775543],[16.368057,62.707762],[16.25288,62.723974],[16.128087,62.700169]]]}},{"type":"Feature","properties":{"kode":"2309","navn":"Krokom"},"geometry":{"type":"Polygon","coordinates":[[[13.706083,64.048956],[13.962332,64.014192],[14.162333,64.201386],[14.129798,64.40599],[14.248205,64.349633],[14.767237,64.290274],[14.878021,64.128244],[14.929031,64.116952],[14.966178,64.048428],[14.907602,64.02756],[14.962626,63.93112],[15.032247,63.913505],[15.067006,63.854066],[14.935475,63.80041],[14.91171,63.734612],[14.91644,63.651279],[14.923783,63.602143],[14.867061,63.579416],[14.77726,63.594267],[14.719659,63.555254],[14.539582,63.582925],[14.569754,63.500357],[14.511044,63.454105],[14.643574,63.361682],[14.645503,63.316433],[14.748454,63.310075],[14.736893,63.223864],[14.59179,63.219422],[14.478341,63.249614],[14.412144,63.239792],[14.308263,63.27845],[14.172884,63.302067],[14.006157,63.323757],[13.822847,63.357309],[13.741722,63.353151],[13.57467,63.404386],[13.466403,63.428098],[13.453985,63.470008],[13.498651,63.493686],[13.493492,63.575009],[13.457372,63.664643],[13.444572,63.771474],[13.378727,63.789973],[13.308321,63.896929],[13.280982,64.086526],[13.706083,64.048956]]]}},{"type":"Feature","properties":{"kode":"2313","navn":"Strömsund"},"geometry":{"type":"Polygon","coordinates":[[[15.485736,63.365692],[15.407452,63.358711],[15.329262,63.416793],[15.144625,63.4871],[15.08521,63.475428],[15.053538,63.494975],[15.09416,63.529239],[14.923783,63.602143],[14.91644,63.651279],[14.91171,63.734612],[14.935475,63.80041],[15.067006,63.854066],[15.032247,63.913505],[14.962626,63.93112],[14.907602,64.02756],[14.966178,64.048428],[14.929031,64.116952],[14.878021,64.128244],[14.767237,64.290274],[14.248205,64.349633],[14.129798,64.40599],[14.123617,64.468196],[14.078416,64.491592],[13.915745,64.513924],[13.662854,64.589775],[14.210613,65.062239],[14.330143,65.131037],[14.620549,65.024378],[14.67424,65.016748],[14.720195,64.988941],[14.791366,64.954047],[14.786455,64.916321],[14.865676,64.875006],[14.9502,64.873167],[15.031444,64.82445],[15.046449,64.765945],[15.231562,64.728712],[15.332718,64.662579],[15.264231,64.642241],[15.334983,64.622697],[15.361306,64.594354],[15.422313,64.602339],[15.42405,64.576932],[15.542776,64.533304],[15.572929,64.457677],[15.639549,64.456252],[15.62668,64.532857],[15.702968,64.550835],[15.749526,64.490647],[15.757691,64.428713],[16.02837,64.349819],[16.032889,64.277164],[16.205742,64.284394],[16.724118,64.026864],[16.587803,63.893822],[16.574649,63.822061],[16.613424,63.718358],[16.371276,63.672158],[16.302557,63.688639],[16.25129,63.666082],[16.097618,63.699746],[15.98837,63.65847],[15.878182,63.687766],[15.797019,63.67386],[15.990994,63.564174],[15.972487,63.516264],[15.780563,63.520868],[15.654873,63.458511],[15.557579,63.441706],[15.485736,63.365692]]]}},{"type":"Feature","properties":{"kode":"2321","navn":"Åre"},"geometry":{"type":"Polygon","coordinates":[[[13.741722,63.353151],[13.822847,63.357309],[14.006157,63.323757],[14.148935,63.205549],[14.048379,63.202365],[14.129691,63.170227],[14.249401,63.15089],[14.346175,63.117983],[14.369049,63.069456],[14.21881,63.042033],[14.103844,63.062969],[13.722077,63.041794],[13.693903,63.060897],[13.503139,63.060702],[13.352302,63.039019],[13.257921,63.0441],[13.060141,62.976871],[12.637,62.979416],[12.074343,62.903394],[12.196102,62.9956],[11.962187,63.268108],[12.197922,63.470864],[12.132964,63.584198],[12.272939,63.659728],[12.297058,63.714897],[12.363461,63.75272],[12.657753,63.971365],[12.8715,64.049693],[13.17971,64.09587],[13.280982,64.086526],[13.308321,63.896929],[13.378727,63.789973],[13.444572,63.771474],[13.457372,63.664643],[13.493492,63.575009],[13.498651,63.493686],[13.453985,63.470008],[13.466403,63.428098],[13.57467,63.404386],[13.741722,63.353151]]]}},{"type":"Feature","properties":{"kode":"2326","navn":"Berg"},"geometry":{"type":"Polygon","coordinates":[[[14.863424,62.679605],[14.916393,62.613258],[14.794781,62.601457],[14.800958,62.541526],[14.835197,62.46766],[14.780339,62.466585],[14.805449,62.416015],[14.559131,62.290556],[14.458803,62.311272],[14.345472,62.307191],[14.181326,62.397257],[14.030277,62.499169],[13.990811,62.616285],[13.871367,62.62645],[13.888492,62.674514],[13.822028,62.716813],[13.675478,62.668312],[13.605395,62.670954],[13.491094,62.711255],[13.42559,62.762312],[13.379121,62.744146],[13.36542,62.688737],[13.465566,62.63463],[13.387207,62.612211],[13.286115,62.615813],[13.281874,62.65924],[13.194125,62.673108],[13.137798,62.71109],[13.051356,62.710388],[12.999955,62.731931],[12.941791,62.712205],[12.936868,62.68173],[12.807676,62.707506],[12.642397,62.703631],[12.486306,62.762338],[12.130103,62.751293],[12.074343,62.903394],[12.637,62.979416],[13.060141,62.976871],[13.257921,63.0441],[13.352302,63.039019],[13.503139,63.060702],[13.693903,63.060897],[13.722077,63.041794],[14.103844,63.062969],[14.21881,63.042033],[14.369049,63.069456],[14.42275,62.991934],[14.42354,62.921466],[14.358467,62.913401],[14.417781,62.838639],[14.481194,62.821439],[14.525584,62.898984],[14.487831,63.005379],[14.591842,62.984589],[14.610674,62.925951],[14.774048,62.906587],[14.812713,62.821096],[14.751682,62.813033],[14.78528,62.751872],[14.873571,62.724313],[14.863424,62.679605]]]}},{"type":"Feature","properties":{"kode":"2361","navn":"Härjedalen"},"geometry":{"type":"Polygon","coordinates":[[[13.890143,61.651151],[13.613094,61.671225],[13.564702,61.655054],[13.506631,61.691561],[13.514494,61.736364],[13.416055,61.826638],[13.209214,61.935162],[13.371347,62.010449],[13.322741,62.017635],[13.295743,62.061891],[13.159384,62.027066],[13.038407,62.085343],[12.940475,62.146316],[12.795611,62.230349],[12.616763,62.221579],[12.302155,62.261555],[12.050813,62.615981],[12.130103,62.751293],[12.486306,62.762338],[12.642397,62.703631],[12.807676,62.707506],[12.936868,62.68173],[12.941791,62.712205],[12.999955,62.731931],[13.051356,62.710388],[13.137798,62.71109],[13.194125,62.673108],[13.281874,62.65924],[13.286115,62.615813],[13.387207,62.612211],[13.465566,62.63463],[13.36542,62.688737],[13.379121,62.744146],[13.42559,62.762312],[13.491094,62.711255],[13.605395,62.670954],[13.675478,62.668312],[13.822028,62.716813],[13.888492,62.674514],[13.871367,62.62645],[13.990811,62.616285],[14.030277,62.499169],[14.181326,62.397257],[14.345472,62.307191],[14.458803,62.311272],[14.559131,62.290556],[14.805449,62.416015],[14.868639,62.408254],[14.947076,62.325007],[15.15901,62.267744],[15.273121,62.307289],[15.324409,62.289029],[15.334448,62.222809],[15.395618,62.203425],[15.412336,62.128389],[15.083311,62.007471],[15.111461,61.962677],[15.102924,61.908847],[15.103645,61.861812],[15.039991,61.884829],[14.895653,61.890023],[14.872801,61.838701],[14.798314,61.900076],[14.728828,61.879851],[14.689922,61.912376],[14.526654,61.791603],[14.50071,61.630193],[14.414767,61.586193],[14.356781,61.61317],[14.201412,61.632632],[13.98311,61.634669],[13.890143,61.651151]]]}},{"type":"Feature","properties":{"kode":"2380","navn":"Östersund"},"geometry":{"type":"Polygon","coordinates":[[[15.485736,63.365692],[15.545448,63.315683],[15.471845,63.263279],[15.34154,63.320347],[15.23179,63.249707],[15.232815,63.188175],[15.309703,63.191677],[15.320513,63.148956],[15.270231,63.128498],[15.103029,63.147369],[15.131409,63.099014],[15.11016,63.060251],[15.060243,63.068044],[15.015387,63.046653],[15.053899,62.990609],[14.929151,62.915113],[14.877135,62.930176],[14.760644,62.940916],[14.774048,62.906587],[14.610674,62.925951],[14.591842,62.984589],[14.487831,63.005379],[14.456952,63.077151],[14.441663,63.135589],[14.516316,63.148644],[14.575208,63.162348],[14.525751,63.173521],[14.459147,63.198055],[14.472909,63.224565],[14.59179,63.219422],[14.736893,63.223864],[14.748454,63.310075],[14.645503,63.316433],[14.643574,63.361682],[14.511044,63.454105],[14.569754,63.500357],[14.539582,63.582925],[14.719659,63.555254],[14.77726,63.594267],[14.867061,63.579416],[14.923783,63.602143],[15.09416,63.529239],[15.053538,63.494975],[15.08521,63.475428],[15.144625,63.4871],[15.329262,63.416793],[15.407452,63.358711],[15.485736,63.365692]]]}},{"type":"Feature","properties":{"kode":"2401","navn":"Nordmaling"},"geometry":{"type":"Polygon","coordinates":[[[18.800369,63.796731],[18.827852,63.85485],[18.914292,63.864968],[18.991048,63.828352],[19.056112,63.847242],[19.116747,63.822698],[19.165667,63.831806],[19.219003,63.820507],[19.29374,63.811205],[19.351872,63.84327],[19.416481,63.829204],[19.45357,63.870145],[19.527482,63.87904],[19.59041,63.830366],[19.685392,63.816841],[19.767143,63.758051],[19.757988,63.685759],[19.713464,63.647295],[19.745258,63.604617],[19.711344,63.581755],[19.747375,63.542975],[19.715332,63.521196],[19.746628,63.467585],[19.663326,63.443185],[19.57712,63.522997],[19.462519,63.573922],[19.414152,63.544834],[19.47486,63.481738],[19.386643,63.464869],[19.278152,63.479299],[19.177367,63.56659],[19.18125,63.608222],[18.963882,63.768412],[18.902628,63.802054],[18.800369,63.796731]]]}},{"type":"Feature","properties":{"kode":"2403","navn":"Bjurholm"},"geometry":{"type":"Polygon","coordinates":[[[18.800369,63.796731],[18.750911,63.825804],[18.632446,63.839741],[18.487801,63.849937],[18.424593,63.92532],[18.473118,63.967441],[18.381775,64.008343],[18.771352,64.073228],[19.154412,64.140713],[19.342555,64.079239],[19.367511,64.048131],[19.476229,63.987988],[19.527482,63.87904],[19.45357,63.870145],[19.416481,63.829204],[19.351872,63.84327],[19.29374,63.811205],[19.219003,63.820507],[19.165667,63.831806],[19.116747,63.822698],[19.056112,63.847242],[18.991048,63.828352],[18.914292,63.864968],[18.827852,63.85485],[18.800369,63.796731]]]}},{"type":"Feature","properties":{"kode":"2404","navn":"Vindeln"},"geometry":{"type":"Polygon","coordinates":[[[19.367511,64.048131],[19.342555,64.079239],[19.154412,64.140713],[19.113017,64.18387],[19.150386,64.193875],[19.11227,64.234953],[19.032786,64.224384],[18.956184,64.435829],[19.282031,64.78217],[19.359419,64.755802],[19.38854,64.6886],[19.51349,64.640946],[19.640911,64.640415],[19.821744,64.526099],[19.889191,64.515359],[19.931564,64.495597],[19.965919,64.467316],[20.033706,64.467439],[20.074115,64.453268],[20.068442,64.420825],[20.120281,64.391094],[20.118842,64.361969],[20.070202,64.356734],[20.018575,64.285951],[20.091193,64.269167],[20.071889,64.204946],[20.030365,64.186351],[20.014988,64.130952],[19.95944,64.128082],[19.889623,64.140929],[19.815309,64.143146],[19.790889,64.091513],[19.75046,64.067911],[19.645483,64.076102],[19.652866,64.05363],[19.568613,64.030954],[19.513147,64.048],[19.367511,64.048131]]]}},{"type":"Feature","properties":{"kode":"2409","navn":"Robertsfors"},"geometry":{"type":"Polygon","coordinates":[[[21.079435,64.213706],[20.957813,64.151024],[20.913959,64.055929],[20.822342,63.946666],[20.739524,63.870815],[20.643263,63.890648],[20.677952,63.977374],[20.574277,64.09046],[20.43656,64.147719],[20.289235,64.340271],[20.547806,64.321379],[20.689773,64.355213],[20.743237,64.42575],[20.881025,64.448832],[21.001412,64.398205],[21.001149,64.361585],[21.071783,64.349959],[21.157358,64.36997],[21.22442,64.285871],[21.079435,64.213706]]]}},{"type":"Feature","properties":{"kode":"2417","navn":"Norsjö"},"geometry":{"type":"Polygon","coordinates":[[[19.817215,64.763819],[19.596623,64.767881],[19.475243,64.784298],[19.359419,64.755802],[19.282031,64.78217],[18.752271,64.978447],[19.413594,65.150037],[19.598807,65.191085],[19.824222,65.028047],[20.01117,64.991706],[20.075514,64.951978],[20.184634,64.86844],[20.14501,64.827728],[20.071688,64.817067],[20.040328,64.726344],[20.102216,64.692231],[19.988265,64.675632],[19.817215,64.763819]]]}},{"type":"Feature","properties":{"kode":"2418","navn":"Malå"},"geometry":{"type":"Polygon","coordinates":[[[18.168695,65.242494],[18.30118,65.423674],[18.293544,65.525423],[18.426437,65.510093],[18.514167,65.487919],[18.579785,65.454439],[18.701228,65.451735],[18.750241,65.442935],[18.766535,65.418157],[18.822532,65.405228],[18.852204,65.381329],[18.943385,65.358626],[19.040825,65.340876],[19.044095,65.31696],[19.089359,65.321063],[19.285178,65.257863],[19.25025,65.236667],[19.253298,65.212739],[19.334418,65.18864],[19.413594,65.150037],[18.752271,64.978447],[18.304851,65.205152],[18.168695,65.242494]]]}},{"type":"Feature","properties":{"kode":"2421","navn":"Storuman"},"geometry":{"type":"Polygon","coordinates":[[[17.415997,64.76145],[16.574764,65.036378],[16.100814,65.334679],[15.708864,65.41903],[15.305299,65.419608],[15.232358,65.439124],[15.159037,65.424289],[14.976076,65.421366],[14.927522,65.45234],[14.697081,65.433011],[14.501966,65.457699],[14.543397,65.699206],[14.638498,65.820031],[14.53452,66.138282],[14.980191,66.149336],[15.551053,65.822551],[16.536201,65.576655],[16.653706,65.465287],[17.073584,65.313278],[17.700963,65.174449],[17.963007,65.052059],[17.915734,65.004771],[17.91622,64.922957],[17.605218,64.755322],[17.546477,64.732901],[17.492795,64.762231],[17.415997,64.76145]]]}},{"type":"Feature","properties":{"kode":"2422","navn":"Sorsele"},"geometry":{"type":"Polygon","coordinates":[[[18.168695,65.242494],[17.963007,65.052059],[17.700963,65.174449],[17.073584,65.313278],[16.653706,65.465287],[16.536201,65.576655],[15.551053,65.822551],[14.980191,66.149336],[15.037503,66.152377],[15.483037,66.292202],[15.464675,66.354488],[15.822311,66.300236],[16.578706,66.054623],[16.77885,66.053117],[17.660985,65.67095],[17.792963,65.646598],[18.073038,65.607408],[18.18005,65.592137],[18.230649,65.548274],[18.293544,65.525423],[18.30118,65.423674],[18.168695,65.242494]]]}},{"type":"Feature","properties":{"kode":"2425","navn":"Dorotea"},"geometry":{"type":"Polygon","coordinates":[[[15.62668,64.532857],[15.639549,64.456252],[15.572929,64.457677],[15.542776,64.533304],[15.42405,64.576932],[15.422313,64.602339],[15.361306,64.594354],[15.334983,64.622697],[15.264231,64.642241],[15.332718,64.662579],[15.231562,64.728712],[15.046449,64.765945],[15.031444,64.82445],[14.9502,64.873167],[14.865676,64.875006],[14.786455,64.916321],[14.791366,64.954047],[14.720195,64.988941],[15.48745,64.8796],[15.957162,64.706483],[16.144897,64.551995],[16.367664,64.48042],[16.626026,64.446343],[16.722444,64.364798],[16.637351,64.343433],[16.635834,64.285321],[16.854162,64.056713],[16.954568,64.016087],[16.845068,63.967909],[16.724118,64.026864],[16.205742,64.284394],[16.032889,64.277164],[16.02837,64.349819],[15.757691,64.428713],[15.749526,64.490647],[15.702968,64.550835],[15.62668,64.532857]]]}},{"type":"Feature","properties":{"kode":"2460","navn":"Vännäs"},"geometry":{"type":"Polygon","coordinates":[[[19.367511,64.048131],[19.513147,64.048],[19.568613,64.030954],[19.652866,64.05363],[19.645483,64.076102],[19.75046,64.067911],[19.790889,64.091513],[19.931866,64.082793],[19.913507,63.980143],[19.930479,63.951386],[19.860585,63.933225],[19.887405,63.898223],[19.968313,63.893554],[19.922899,63.864333],[19.801112,63.830216],[19.685392,63.816841],[19.59041,63.830366],[19.527482,63.87904],[19.476229,63.987988],[19.367511,64.048131]]]}},{"type":"Feature","properties":{"kode":"2462","navn":"Vilhelmina"},"geometry":{"type":"Polygon","coordinates":[[[17.494204,64.716745],[17.713689,64.514826],[17.645766,64.49306],[16.92896,64.409189],[16.911323,64.366684],[16.722444,64.364798],[16.626026,64.446343],[16.367664,64.48042],[16.144897,64.551995],[15.957162,64.706483],[15.48745,64.8796],[14.720195,64.988941],[14.67424,65.016748],[14.620549,65.024378],[14.330143,65.131037],[14.370998,65.26003],[14.500032,65.314535],[14.501966,65.457699],[14.697081,65.433011],[14.927522,65.45234],[14.976076,65.421366],[15.159037,65.424289],[15.232358,65.439124],[15.305299,65.419608],[15.708864,65.41903],[16.100814,65.334679],[16.574764,65.036378],[17.415997,64.76145],[17.492795,64.762231],[17.546477,64.732901],[17.494204,64.716745]]]}},{"type":"Feature","properties":{"kode":"2463","navn":"Åsele"},"geometry":{"type":"Polygon","coordinates":[[[18.175805,64.351558],[18.771352,64.073228],[18.381775,64.008343],[17.707463,63.893288],[17.260583,63.92981],[16.845068,63.967909],[16.954568,64.016087],[16.854162,64.056713],[16.635834,64.285321],[16.637351,64.343433],[16.722444,64.364798],[16.911323,64.366684],[16.92896,64.409189],[17.645766,64.49306],[17.713689,64.514826],[18.017937,64.391086],[18.181549,64.402092],[18.246311,64.37231],[18.175805,64.351558]]]}},{"type":"Feature","properties":{"kode":"2480","navn":"Umeå"},"geometry":{"type":"Polygon","coordinates":[[[19.922899,63.864333],[19.968313,63.893554],[19.887405,63.898223],[19.860585,63.933225],[19.930479,63.951386],[19.913507,63.980143],[19.931866,64.082793],[19.790889,64.091513],[19.815309,64.143146],[19.889623,64.140929],[19.95944,64.128082],[20.014988,64.130952],[20.030365,64.186351],[20.071889,64.204946],[20.091193,64.269167],[20.018575,64.285951],[20.070202,64.356734],[20.118842,64.361969],[20.120281,64.391094],[20.187483,64.383862],[20.217383,64.355853],[20.289235,64.340271],[20.43656,64.147719],[20.574277,64.09046],[20.677952,63.977374],[20.643263,63.890648],[20.739524,63.870815],[20.66294,63.813939],[20.514711,63.806422],[20.429275,63.762428],[20.397777,63.690091],[20.312017,63.691789],[20.28643,63.661006],[20.117506,63.660359],[20.014859,63.670572],[19.994885,63.622868],[19.910019,63.626101],[19.747375,63.542975],[19.711344,63.581755],[19.745258,63.604617],[19.713464,63.647295],[19.757988,63.685759],[19.767143,63.758051],[19.685392,63.816841],[19.801112,63.830216],[19.922899,63.864333]]]}},{"type":"Feature","properties":{"kode":"2481","navn":"Lycksele"},"geometry":{"type":"Polygon","coordinates":[[[18.168695,65.242494],[18.304851,65.205152],[18.752271,64.978447],[19.282031,64.78217],[18.956184,64.435829],[19.032786,64.224384],[19.11227,64.234953],[19.150386,64.193875],[19.113017,64.18387],[19.154412,64.140713],[18.771352,64.073228],[18.175805,64.351558],[18.246311,64.37231],[18.181549,64.402092],[18.017937,64.391086],[17.713689,64.514826],[17.494204,64.716745],[17.546477,64.732901],[17.605218,64.755322],[17.91622,64.922957],[17.915734,65.004771],[17.963007,65.052059],[18.168695,65.242494]]]}},{"type":"Feature","properties":{"kode":"2482","navn":"Skellefteå"},"geometry":{"type":"Polygon","coordinates":[[[21.253367,64.774008],[21.242912,64.690583],[21.191537,64.663898],[21.251491,64.611009],[21.365305,64.599166],[21.450361,64.55493],[21.486807,64.472782],[21.568485,64.474626],[21.568349,64.439772],[21.435864,64.350791],[21.22442,64.285871],[21.157358,64.36997],[21.071783,64.349959],[21.001149,64.361585],[21.001412,64.398205],[20.881025,64.448832],[20.743237,64.42575],[20.689773,64.355213],[20.547806,64.321379],[20.289235,64.340271],[20.217383,64.355853],[20.187483,64.383862],[20.120281,64.391094],[20.068442,64.420825],[20.074115,64.453268],[20.033706,64.467439],[19.965919,64.467316],[19.931564,64.495597],[19.889191,64.515359],[19.821744,64.526099],[19.640911,64.640415],[19.51349,64.640946],[19.38854,64.6886],[19.359419,64.755802],[19.475243,64.784298],[19.596623,64.767881],[19.817215,64.763819],[19.988265,64.675632],[20.102216,64.692231],[20.040328,64.726344],[20.071688,64.817067],[20.14501,64.827728],[20.184634,64.86844],[20.075514,64.951978],[20.01117,64.991706],[19.824222,65.028047],[19.598807,65.191085],[19.653738,65.214369],[19.881018,65.394425],[20.755033,65.213755],[21.292123,65.170322],[21.312292,65.131907],[21.50134,65.080567],[21.357306,64.968471],[21.236461,64.951456],[21.267126,64.899294],[21.13027,64.83049],[21.01622,64.843911],[21.070248,64.786163],[21.253367,64.774008]]]}},{"type":"Feature","properties":{"kode":"2505","navn":"Arvidsjaur"},"geometry":{"type":"Polygon","coordinates":[[[18.701228,65.451735],[18.579785,65.454439],[18.514167,65.487919],[18.426437,65.510093],[18.293544,65.525423],[18.230649,65.548274],[18.18005,65.592137],[18.293956,65.59877],[18.270275,65.670624],[18.497845,65.636414],[18.508327,65.663018],[18.407179,65.697544],[18.547943,65.829669],[18.453929,65.928615],[18.506163,65.992557],[18.629223,66.042757],[18.850718,66.015276],[19.049627,66.175477],[19.12588,66.114966],[19.204992,66.10037],[19.261178,66.105579],[19.354824,66.093552],[19.368635,66.063395],[19.526545,66.044857],[19.70167,66.044975],[19.837044,66.016781],[19.932216,66.018841],[19.968576,65.99056],[20.048736,65.969924],[20.058137,65.941803],[20.219155,65.919179],[20.120113,65.843907],[20.208388,65.605613],[20.215175,65.57889],[20.047435,65.52056],[19.760932,65.549531],[19.697716,65.535986],[19.643155,65.461552],[19.881018,65.394425],[19.653738,65.214369],[19.598807,65.191085],[19.413594,65.150037],[19.334418,65.18864],[19.253298,65.212739],[19.25025,65.236667],[19.285178,65.257863],[19.089359,65.321063],[19.044095,65.31696],[19.040825,65.340876],[18.943385,65.358626],[18.852204,65.381329],[18.822532,65.405228],[18.766535,65.418157],[18.750241,65.442935],[18.701228,65.451735]]]}},{"type":"Feature","properties":{"kode":"2506","navn":"Arjeplog"},"geometry":{"type":"Polygon","coordinates":[[[18.024048,65.805001],[18.1171,65.677347],[18.2093,65.687866],[18.270275,65.670624],[18.293956,65.59877],[18.18005,65.592137],[18.073038,65.607408],[17.792963,65.646598],[17.660985,65.67095],[16.77885,66.053117],[16.578706,66.054623],[15.822311,66.300236],[15.464675,66.354488],[15.388484,66.484413],[15.634291,66.598299],[15.997764,66.878343],[16.105917,66.92937],[16.375377,67.019617],[16.424611,67.168735],[16.770429,67.06323],[17.166106,66.962594],[17.692472,66.727987],[18.156328,66.658566],[18.706668,66.516487],[18.797276,66.373979],[18.769187,66.306624],[19.049627,66.175477],[18.850718,66.015276],[18.629223,66.042757],[18.506163,65.992557],[18.453929,65.928615],[18.547943,65.829669],[18.407179,65.697544],[18.355649,65.723927],[18.376642,65.766238],[18.300775,65.787498],[18.172718,65.788383],[17.922355,65.923958],[17.969245,65.977426],[17.926637,66.041837],[18.073209,66.050996],[18.108979,66.074217],[18.052923,66.103144],[17.961615,66.086949],[17.868593,66.125316],[17.814673,66.184897],[17.656825,66.219712],[17.549762,66.271366],[17.428383,66.321934],[17.321703,66.376997],[17.089554,66.424363],[17.061833,66.396856],[17.319069,66.331779],[17.450664,66.258945],[17.461027,66.212953],[17.616026,66.182157],[17.738128,66.124076],[17.850562,66.077351],[17.765204,66.064318],[17.644728,66.040617],[17.750397,65.97619],[17.759716,65.941119],[17.719876,65.905367],[17.736734,65.842598],[17.821088,65.842921],[17.873279,65.89971],[18.024048,65.805001]]]}},{"type":"Feature","properties":{"kode":"2510","navn":"Jokkmokk"},"geometry":{"type":"Polygon","coordinates":[[[19.460441,67.158673],[19.746903,67.069462],[19.833395,66.975689],[20.324343,66.82654],[20.638453,66.749606],[20.992746,66.628409],[21.299293,66.290652],[21.052484,66.378086],[20.775863,66.345308],[20.380802,66.011541],[20.219155,65.919179],[20.058137,65.941803],[20.048736,65.969924],[19.968576,65.99056],[19.932216,66.018841],[19.837044,66.016781],[19.70167,66.044975],[19.526545,66.044857],[19.368635,66.063395],[19.354824,66.093552],[19.261178,66.105579],[19.204992,66.10037],[19.12588,66.114966],[19.049627,66.175477],[18.769187,66.306624],[18.797276,66.373979],[18.706668,66.516487],[18.156328,66.658566],[17.692472,66.727987],[17.166106,66.962594],[16.770429,67.06323],[16.424611,67.168735],[16.389859,67.232629],[16.113913,67.421358],[16.198689,67.507926],[16.41646,67.522928],[16.529484,67.604411],[16.711395,67.892644],[16.77009,67.913311],[16.919909,67.884066],[17.029388,67.854924],[17.067516,67.802185],[17.256275,67.79413],[17.374102,67.726158],[17.471795,67.719066],[17.476114,67.680707],[17.613743,67.678603],[17.762256,67.655783],[17.905509,67.596777],[18.049708,67.588436],[18.194754,67.536279],[18.339162,67.483995],[18.498477,67.412436],[18.703543,67.416055],[18.876003,67.366876],[18.926054,67.309026],[19.030684,67.300409],[19.134689,67.258968],[19.294957,67.166248],[19.460441,67.158673]]]}},{"type":"Feature","properties":{"kode":"2513","navn":"Överkalix"},"geometry":{"type":"Polygon","coordinates":[[[22.982862,66.667777],[23.051898,66.674246],[23.115596,66.441391],[23.100079,66.407827],[23.162423,66.388986],[23.186885,66.360832],[23.139935,66.328405],[23.197996,66.295198],[23.238141,66.232295],[23.219866,66.155947],[22.986613,66.162255],[22.944325,66.136761],[22.880638,66.144604],[22.897191,66.165171],[22.802405,66.166691],[22.527219,66.227116],[22.335289,66.13169],[22.122502,66.300302],[21.96932,66.427695],[22.104372,66.459997],[22.117861,66.607723],[21.992243,66.681136],[22.138481,66.849845],[22.982862,66.667777]]]}},{"type":"Feature","properties":{"kode":"2514","navn":"Kalix"},"geometry":{"type":"Polygon","coordinates":[[[22.833838,65.797062],[22.782243,65.871958],[22.701465,65.896129],[22.666873,65.882799],[22.686337,65.798099],[22.778421,65.747056],[22.777565,65.713974],[22.705073,65.728186],[22.619199,65.779832],[22.511733,65.943228],[22.540705,65.962642],[22.335289,66.13169],[22.527219,66.227116],[22.802405,66.166691],[22.897191,66.165171],[22.880638,66.144604],[22.944325,66.136761],[22.986613,66.162255],[23.219866,66.155947],[23.206286,66.102525],[23.338035,66.049137],[23.59606,65.875938],[23.595411,65.797798],[23.488033,65.823899],[23.430208,65.779785],[23.284485,65.807068],[23.220567,65.8207],[23.173371,65.793933],[23.1106,65.717041],[23.014207,65.759547],[22.833838,65.797062]]]}},{"type":"Feature","properties":{"kode":"2518","navn":"Övertorneå"},"geometry":{"type":"Polygon","coordinates":[[[23.643075,66.124387],[23.338035,66.049137],[23.206286,66.102525],[23.219866,66.155947],[23.238141,66.232295],[23.197996,66.295198],[23.139935,66.328405],[23.186885,66.360832],[23.162423,66.388986],[23.100079,66.407827],[23.115596,66.441391],[23.051898,66.674246],[23.407442,66.69966],[23.265324,66.977123],[23.889587,66.91347],[23.980934,66.858206],[24.013634,66.821661],[23.994382,66.784718],[23.934916,66.794319],[23.916981,66.766496],[23.917354,66.686908],[23.890731,66.652558],[23.889082,66.584285],[23.82001,66.556008],[23.818789,66.52469],[23.739104,66.515926],[23.728128,66.483728],[23.654071,66.468846],[23.646499,66.441864],[23.696571,66.403676],[23.633827,66.317464],[23.72902,66.189743],[23.861676,66.165336],[23.760214,66.151505],[23.763373,66.119767],[23.693568,66.102715],[23.643075,66.124387]]]}},{"type":"Feature","properties":{"kode":"2521","navn":"Pajala"},"geometry":{"type":"Polygon","coordinates":[[[23.745825,67.350926],[23.79318,67.342693],[23.739949,67.290472],[23.612688,67.2786],[23.580187,67.235485],[23.606106,67.208993],[23.575893,67.176762],[23.677885,67.106011],[23.683428,67.055577],[23.770199,67.006507],[23.822457,66.99957],[23.831178,66.969144],[23.887731,66.954351],[23.889587,66.91347],[23.265324,66.977123],[23.407442,66.69966],[23.051898,66.674246],[22.982862,66.667777],[22.138481,66.849845],[22.193741,66.930244],[21.872746,67.277425],[21.981899,67.365652],[22.206324,67.556281],[22.452357,67.741342],[22.802739,67.836164],[23.280385,68.159594],[23.339968,68.129618],[23.396726,68.050596],[23.468893,68.047722],[23.480685,68.020776],[23.542259,68.01698],[23.560952,67.978299],[23.644451,67.970585],[23.654776,67.91231],[23.535725,67.895623],[23.487559,67.829856],[23.506212,67.79119],[23.482735,67.688056],[23.55624,67.629487],[23.515414,67.56678],[23.468651,67.569287],[23.493909,67.541077],[23.414697,67.493045],[23.506928,67.456731],[23.540893,67.472012],[23.684969,67.441771],[23.723561,67.456583],[23.785752,67.426628],[23.749378,67.393117],[23.745825,67.350926]]]}},{"type":"Feature","properties":{"kode":"2523","navn":"Gällivare"},"geometry":{"type":"Polygon","coordinates":[[[19.460441,67.158673],[19.294957,67.166248],[19.134689,67.258968],[19.030684,67.300409],[18.926054,67.309026],[18.876003,67.366876],[18.703543,67.416055],[18.498477,67.412436],[18.339162,67.483995],[18.194754,67.536279],[18.049708,67.588436],[17.905509,67.596777],[17.762256,67.655783],[17.613743,67.678603],[17.476114,67.680707],[17.471795,67.719066],[17.374102,67.726158],[17.256275,67.79413],[17.067516,67.802185],[17.029388,67.854924],[16.919909,67.884066],[16.77009,67.913311],[17.200698,68.029262],[17.29918,68.096691],[17.658469,68.022977],[17.917295,67.944977],[17.945314,67.977913],[18.010267,67.936044],[18.35232,67.854275],[18.889937,67.848659],[19.029335,67.858057],[19.351177,67.864546],[19.49655,67.834847],[19.612707,67.825228],[19.822474,67.799958],[20.02682,67.754689],[20.161598,67.75429],[20.26057,67.730753],[20.318,67.739417],[20.378406,67.735038],[20.393501,67.717486],[20.7875,67.624221],[21.09862,67.49776],[21.255555,67.487287],[21.367045,67.498606],[21.431968,67.486091],[21.801072,67.461569],[21.925559,67.419997],[21.886687,67.393843],[21.981899,67.365652],[21.872746,67.277425],[22.193741,66.930244],[22.138481,66.849845],[21.992243,66.681136],[22.117861,66.607723],[22.104372,66.459997],[21.96932,66.427695],[21.664724,66.385937],[21.37871,66.294439],[21.299293,66.290652],[20.992746,66.628409],[20.638453,66.749606],[20.324343,66.82654],[19.833395,66.975689],[19.746903,67.069462],[19.460441,67.158673]]]}},{"type":"Feature","properties":{"kode":"2560","navn":"Älvsbyn"},"geometry":{"type":"Polygon","coordinates":[[[20.120113,65.843907],[20.219155,65.919179],[20.380802,66.011541],[20.888907,65.8638],[21.085995,65.801798],[21.362257,65.669498],[21.160322,65.612325],[21.197837,65.563343],[21.134132,65.568708],[21.110049,65.546906],[20.959423,65.519155],[20.724112,65.589723],[20.635582,65.589554],[20.521951,65.629746],[20.368853,65.605282],[20.208388,65.605613],[20.120113,65.843907]]]}},{"type":"Feature","properties":{"kode":"2580","navn":"Luleå"},"geometry":{"type":"Polygon","coordinates":[[[22.513485,65.817904],[22.439631,65.870725],[22.336232,65.854445],[22.29625,65.79004],[22.292875,65.718618],[22.305637,65.660421],[22.322203,65.609236],[22.373068,65.564084],[22.324122,65.555724],[22.201952,65.576129],[22.1436,65.566741],[22.138873,65.524887],[22.029446,65.527449],[21.862236,65.529581],[21.984209,65.46721],[21.90989,65.421225],[21.772425,65.467778],[21.640897,65.512414],[21.510592,65.586145],[21.379794,65.634076],[21.362257,65.669498],[21.492534,65.73264],[21.638231,65.687011],[21.788711,65.710561],[21.899845,65.768696],[21.868748,65.802684],[22.093238,65.86173],[21.973896,65.956893],[21.875942,65.967365],[21.942144,66.090145],[22.073148,66.089593],[22.066372,66.292388],[22.122502,66.300302],[22.335289,66.13169],[22.540705,65.962642],[22.511733,65.943228],[22.619199,65.779832],[22.506712,65.781714],[22.513485,65.817904]]]}},{"type":"Feature","properties":{"kode":"2581","navn":"Piteå"},"geometry":{"type":"Polygon","coordinates":[[[20.208388,65.605613],[20.368853,65.605282],[20.521951,65.629746],[20.635582,65.589554],[20.724112,65.589723],[20.959423,65.519155],[21.110049,65.546906],[21.134132,65.568708],[21.197837,65.563343],[21.160322,65.612325],[21.362257,65.669498],[21.379794,65.634076],[21.510592,65.586145],[21.640897,65.512414],[21.772425,65.467778],[21.90989,65.421225],[21.797055,65.404994],[21.635142,65.415634],[21.484104,65.395797],[21.435251,65.368848],[21.654046,65.298324],[21.634546,65.268854],[21.54302,65.243872],[21.577075,65.14729],[21.50134,65.080567],[21.312292,65.131907],[21.292123,65.170322],[20.755033,65.213755],[19.881018,65.394425],[19.643155,65.461552],[19.697716,65.535986],[19.760932,65.549531],[20.047435,65.52056],[20.215175,65.57889],[20.208388,65.605613]]]}},{"type":"Feature","properties":{"kode":"2582","navn":"Boden"},"geometry":{"type":"Polygon","coordinates":[[[21.868748,65.802684],[21.899845,65.768696],[21.788711,65.710561],[21.638231,65.687011],[21.492534,65.73264],[21.362257,65.669498],[21.085995,65.801798],[20.888907,65.8638],[20.380802,66.011541],[20.775863,66.345308],[21.052484,66.378086],[21.299293,66.290652],[21.37871,66.294439],[21.664724,66.385937],[21.96932,66.427695],[22.122502,66.300302],[22.066372,66.292388],[22.073148,66.089593],[21.942144,66.090145],[21.875942,65.967365],[21.973896,65.956893],[22.093238,65.86173],[21.868748,65.802684]]]}},{"type":"Feature","properties":{"kode":"2583","navn":"Haparanda"},"geometry":{"type":"Polygon","coordinates":[[[23.643075,66.124387],[23.693568,66.102715],[23.763373,66.119767],[23.760214,66.151505],[23.861676,66.165336],[23.938748,66.159412],[23.927726,66.127237],[23.95335,66.109835],[23.946687,66.084618],[24.021038,66.021533],[24.041667,65.960209],[24.149589,65.803779],[23.839321,65.794102],[23.755581,65.826636],[23.686574,65.831758],[23.666439,65.806067],[23.595411,65.797798],[23.59606,65.875938],[23.338035,66.049137],[23.643075,66.124387]]]}},{"type":"Feature","properties":{"kode":"2584","navn":"Kiruna"},"geometry":{"type":"Polygon","coordinates":[[[18.399303,68.559098],[18.60131,68.488997],[18.980449,68.504249],[19.913035,68.363527],[20.244626,68.49605],[19.951866,68.556335],[20.082691,68.59676],[20.233584,68.674141],[20.342097,68.801928],[20.320054,68.911338],[20.113779,69.029568],[20.593521,69.047835],[20.802969,69.029349],[20.882151,68.988867],[20.941869,68.977235],[20.916158,68.958946],[20.863011,68.937146],[20.938892,68.900519],[21.022006,68.90362],[21.243647,68.821246],[21.304419,68.769],[21.365949,68.779026],[21.423807,68.765472],[21.432273,68.702446],[21.512987,68.685257],[21.624556,68.669303],[21.729237,68.633594],[21.715168,68.601643],[21.849058,68.598445],[22.014244,68.555863],[22.010463,68.524912],[22.030072,68.499441],[22.126046,68.484306],[22.234201,68.480992],[22.316999,68.485227],[22.353088,68.454639],[22.403182,68.47072],[22.588695,68.431251],[22.624952,68.441091],[22.661343,68.419573],[22.762947,68.390646],[22.793105,68.406491],[22.843258,68.391118],[22.835887,68.364106],[22.94042,68.340303],[22.97346,68.337428],[23.077727,68.313549],[23.084408,68.277896],[23.163729,68.246908],[23.160895,68.212093],[23.145268,68.172887],[23.180915,68.143887],[23.280385,68.159594],[22.802739,67.836164],[22.452357,67.741342],[22.206324,67.556281],[21.981899,67.365652],[21.886687,67.393843],[21.925559,67.419997],[21.801072,67.461569],[21.431968,67.486091],[21.367045,67.498606],[21.255555,67.487287],[21.09862,67.49776],[20.7875,67.624221],[20.393501,67.717486],[20.378406,67.735038],[20.318,67.739417],[20.26057,67.730753],[20.161598,67.75429],[20.02682,67.754689],[19.822474,67.799958],[19.612707,67.825228],[19.49655,67.834847],[19.351177,67.864546],[19.029335,67.858057],[18.889937,67.848659],[18.35232,67.854275],[18.010267,67.936044],[17.945314,67.977913],[18.166069,68.168872],[18.089972,68.382279],[18.111508,68.513752],[18.399303,68.559098]]]}}]}
